customer_id,first_name,last_name,email,phone,city,state,country,created_at
1,Danielle,Johnson,john21@example.net,001-581-896-0013x3890,South Bridget,AS,USA,2025-07-30T05:11:41.183934
2,Katherine,Moore,jpeterson@example.org,001-851-316-1559x40781,Mariastad,OK,USA,2023-07-19T09:37:39.835625
3,Chad,Stanley,tracie31@example.com,575-425-5341x928,Grayside,IN,USA,2025-01-08T20:27:12.540976
4,Megan,Parsons,lydiatrujillo@example.com,513-695-3767x242,Hurstfurt,MN,USA,2023-08-18T00:30:00.888138
5,Whitney,Hicks,camposmichelle@example.org,+1-326-691-6697x8480,Danielchester,GA,USA,2024-04-30T20:39:36.652717
6,Stephanie,Liu,teresa28@example.org,+1-948-293-2528x8095,West Natashaport,IA,USA,2023-02-22T04:14:06.560439
7,Natalie,Arroyo,dennislisa@example.net,001-822-778-2489x63834,Lammouth,DE,USA,2023-09-18T08:12:15.010128
8,Caleb,Smith,briannasmith@example.net,+1-403-910-5183x4738,Port Thomas,MT,USA,2023-07-17T08:13:25.197901
9,Collin,Jordan,ujenkins@example.org,+1-610-965-1333x87262,Port Sandra,NV,USA,2025-05-24T01:44:52.977377
10,Melissa,Garcia,novaksara@example.org,(267)873-6026,Saramouth,LA,USA,2024-03-28T04:54:25.684246
11,Susan,Cowan,smoore@example.org,4982050097,Port Jacobland,TX,USA,2025-07-22T00:27:42.108906
12,Richard,David,bethwilliams@example.org,(799)385-4353x46247,South Christineshire,CT,USA,2023-03-10T23:31:06.704732
13,Jason,Baker,nicole35@example.com,(378)449-8084,Darrellville,WA,USA,2024-08-17T21:14:16.153083
14,Joseph,Jacobs,james48@example.com,801-264-0052x427,North Sierraberg,ND,USA,2023-01-29T04:24:10.324072
15,Mike,Tran,tanderson@example.com,4535315869,Port Lisa,FM,USA,2024-03-16T11:10:56.585431
16,Harry,Middleton,vpham@example.org,521-260-7337x543,South Mark,VI,USA,2023-03-06T18:32:16.283446
17,Kerri,Bell,ifrazier@example.com,8147294019,Samuelhaven,DE,USA,2024-02-15T18:33:10.795395
18,Barbara,Scott,zsmith@example.net,+1-835-661-5951x48465,East Robert,MS,USA,2024-12-31T20:34:49.761102
19,Raven,Gilbert,richard04@example.com,969.495.7773,West Zacharymouth,CO,USA,2025-06-04T11:16:18.619767
20,Karen,Chambers,lindsayhernandez@example.org,979.817.6936,East Diana,AL,USA,2025-08-24T19:29:10.420674
21,Michelle,Mcclure,zrobinson@example.net,870.983.1727x88957,Lake Michelle,NV,USA,2023-09-30T16:59:36.805026
22,John,Walsh,rsims@example.com,443-545-5812,Bensonborough,CA,USA,2024-03-19T06:51:28.997207
23,Mark,Owens,clarkrobert@example.net,001-509-967-0546x688,West Ryan,AK,USA,2024-02-19T18:50:51.313609
24,Elizabeth,Yates,marycalhoun@example.net,+1-906-499-0162,West Nicholasborough,NH,USA,2023-12-13T20:06:59.332041
25,Kathleen,Gray,fking@example.com,5802531003,East David,TN,USA,2023-04-25T01:05:31.656173
26,Stacie,Marshall,katie29@example.net,001-512-341-9049x6631,Melissaville,WY,USA,2025-12-02T17:23:28.397519
27,Kimberly,Reed,estanley@example.net,+1-650-967-1657x2628,Grahamshire,KY,USA,2023-12-08T20:41:40.910176
28,John,Michael,nicole37@example.net,+1-665-607-5273x545,New Stacyland,IA,USA,2025-02-16T16:57:57.226274
29,Tracy,Chang,fbrewer@example.com,9147363495,Barajasside,MA,USA,2024-01-10T04:37:14.825823
30,Shawn,Parker,davidlee@example.org,001-682-533-7498x9413,Harrytown,VT,USA,2024-07-27T23:15:39.001068
31,Joshua,Mccann,heidi27@example.org,6949777520,Port Cameronfort,CA,USA,2024-09-12T23:02:51.903493
32,Glenda,Hernandez,christopher31@example.net,001-269-399-3867x74964,Lake Jason,TN,USA,2023-03-19T15:58:13.242752
33,John,Arnold,aaronhayes@example.net,340.534.4713x4936,West Margaret,CA,USA,2023-02-24T01:16:44.605488
34,Laura,Larson,scott74@example.net,(248)387-7190x6594,Lake Mary,OK,USA,2024-09-24T00:41:49.066535
35,Andrew,Hubbard,barbara27@example.net,+1-374-429-6717x5655,Robertfort,LA,USA,2024-12-15T17:06:20.264354
36,Richard,Hodges,gibsonleonard@example.com,768-908-7603,Wolfborough,KY,USA,2024-08-13T11:56:36.469893
37,Sara,Kim,omartinez@example.net,324.980.8613,Lake Marilynfort,VT,USA,2023-11-05T12:07:33.617188
38,Janice,Perry,pbaird@example.com,+1-826-739-8214,Loriport,VA,USA,2023-11-12T20:10:03.397510
39,Brenda,Duarte,cgrimes@example.net,855.288.6753x3963,Juliefurt,MS,USA,2025-12-07T17:33:38.153712
40,Laura,Pearson,tylerjohnson@example.net,001-851-471-8702,South Kimberlyview,MA,USA,2024-11-02T14:59:16.085373
41,Raymond,Miller,melissa86@example.com,+1-978-409-1343x1611,Rebeccaton,MD,USA,2025-05-11T01:22:06.444747
42,Kelly,Brooks,johnjenkins@example.net,(422)519-6937,Littlemouth,KS,USA,2024-12-20T09:03:28.406487
43,Rachel,Marshall,erica21@example.com,(894)764-7436x713,Victoriaport,AK,USA,2025-11-26T06:14:26.767344
44,Dominique,Hill,lozanojulie@example.com,001-739-453-3942x10470,West Markchester,HI,USA,2023-07-28T17:19:03.974840
45,Kristin,Walter,alyssa42@example.com,245.617.1236x8516,South Miguelview,OR,USA,2024-02-11T04:53:42.269429
46,Danielle,Watson,thomasharvey@example.net,393-517-4612x00471,South Shawn,TN,USA,2025-10-25T23:05:33.816755
47,Heather,Fernandez,nicolepena@example.com,+1-764-205-3773x515,Hillville,PR,USA,2025-06-10T18:56:40.158207
48,Christopher,Lewis,williamsmatthew@example.org,001-431-283-9335,Micheleberg,DC,USA,2024-08-03T15:09:28.666049
49,Lauren,Rodriguez,andersonmichael@example.org,001-350-324-0268,Weststad,NY,USA,2024-10-01T04:45:44.394098
50,Shannon,Walker,acostaregina@example.net,447.300.7661x77115,West Claudia,OR,USA,2024-08-12T13:14:36.669497
51,Mark,Vang,shawn96@example.org,001-318-736-7365x766,Edwardsview,MN,USA,2025-10-30T13:51:00.990246
52,Gloria,Wells,deckerchristopher@example.org,001-252-680-9885x1656,Michaelshire,NY,USA,2023-08-10T19:24:45.982641
53,Diane,Walker,bellangela@example.org,001-649-636-8998x09402,Michaelburgh,VI,USA,2023-05-26T16:05:07.386990
54,Diane,Jones,davisalyssa@example.com,(275)325-4599x10229,Scottchester,NM,USA,2024-10-15T21:24:30.896250
55,Robert,Lewis,reeddaniel@example.net,+1-497-684-0369x00343,Marktown,NM,USA,2025-03-18T05:24:01.444034
56,Gregory,James,vincentwhitaker@example.com,860-860-7159,Robertsfurt,AK,USA,2025-11-13T09:23:04.719642
57,George,Meza,xcollier@example.org,(313)369-6816x45352,Port Michael,VA,USA,2025-11-04T15:37:42.760017
58,Debbie,Hernandez,thomasjames@example.net,(712)777-9979,South Carlos,NV,USA,2024-11-11T12:40:19.640912
59,Laura,Vargas,william47@example.com,8059411998,South Reginashire,SD,USA,2023-07-14T23:08:48.311912
60,Cassidy,Mason,hayeslisa@example.com,001-718-720-3778x892,Paulmouth,TX,USA,2024-10-05T19:43:57.952057
61,Kristina,Holland,riveraangela@example.com,349-625-1925x4629,Schneidermouth,GU,USA,2023-05-09T17:35:21.228483
62,Jacqueline,Valentine,lucasrodney@example.com,4544235733,West Meganville,NY,USA,2025-04-13T08:52:09.118717
63,Mary,Stephenson,stanleynancy@example.net,(296)822-2927,Ericabury,NV,USA,2024-10-19T17:57:34.616499
64,Karen,Bowers,amandacollins@example.com,859.477.4688,Port Cassandra,VI,USA,2023-09-20T15:21:55.041799
65,Danielle,Sawyer,dawsonzachary@example.org,812-247-8261x3750,Shawbury,MS,USA,2025-12-14T10:16:20.863002
66,Nicholas,Johnson,combsdebra@example.org,(304)272-7790,Jasonberg,OH,USA,2025-10-15T22:20:45.191140
67,Chelsea,Henderson,john10@example.org,(897)211-7980x89324,Johnchester,HI,USA,2024-12-17T16:07:08.325147
68,Christopher,Villegas,ashleyamy@example.net,+1-706-370-6540,Johnville,WI,USA,2024-09-18T07:26:07.487800
69,Katherine,Anderson,amy27@example.net,822.917.0430x3054,Benjaminborough,LA,USA,2024-01-15T20:24:38.495897
70,Kimberly,Glenn,joshua56@example.com,001-876-452-7758x4161,Manuelland,MD,USA,2024-12-13T21:20:19.166640
71,Kirk,Morrison,cjackson@example.com,205.496.4016x582,Johnsonland,IA,USA,2025-04-21T17:47:51.341093
72,Michael,Reyes,jacobserika@example.com,(271)492-8565x431,Holmesside,DE,USA,2023-10-03T12:58:31.422087
73,Jorge,Griffin,heather73@example.org,(617)627-1551,Lake Jenna,UT,USA,2024-11-18T10:44:12.777740
74,Laura,Hicks,gallowaylaura@example.org,805.989.5782x9114,Hammondshire,CA,USA,2023-05-07T00:42:51.544449
75,Logan,Jones,wfrazier@example.org,001-789-522-6801x82422,Staceyhaven,MH,USA,2023-10-27T22:39:31.614784
76,Christian,Gonzalez,david49@example.net,782-299-2299,North Brandonshire,KS,USA,2024-12-03T03:54:29.403597
77,Katie,Butler,jimenezcourtney@example.com,+1-947-536-4710x2767,Catherinemouth,VI,USA,2025-02-14T19:57:02.753075
78,Jessica,Valencia,xanderson@example.net,+1-415-337-1473,West Soniachester,IA,USA,2025-11-09T12:58:48.870155
79,Rachel,Li,james27@example.net,774.270.1687x339,West Troyfort,LA,USA,2024-07-30T18:28:03.866858
80,Melanie,Jordan,jessica65@example.org,(609)383-5841x6878,North Phillip,WY,USA,2025-12-05T22:47:32.444032
81,Angela,Diaz,jameshicks@example.net,4007257872,Franciscoport,OR,USA,2023-12-24T06:40:03.680877
82,Maria,Patel,thomas05@example.com,+1-916-494-0974x99309,Hernandezbury,AZ,USA,2024-09-08T02:00:05.688445
83,Jackie,Lee,jedwards@example.com,001-936-889-7028x385,Suemouth,PW,USA,2024-07-26T20:45:09.093576
84,Amy,Lowe,chelsea33@example.com,+1-743-644-3757,Davidside,MS,USA,2025-08-28T05:01:28.212189
85,Ralph,Reed,kellyroberts@example.net,657-447-3384,New Joycebury,IA,USA,2023-02-14T07:57:12.813282
86,Rebecca,Perez,briangutierrez@example.net,212.308.2677x3454,New Joanne,PR,USA,2025-10-12T00:49:04.008223
87,Robin,Thompson,sarahjohnson@example.com,924.400.4991x5478,Nelsonville,MA,USA,2023-06-16T18:07:04.633444
88,Stephen,Scott,alexisrogers@example.com,001-832-396-6851,East Thomas,IA,USA,2022-12-28T04:34:27.932145
89,Patrick,Griffin,stephanie49@example.net,001-404-853-0174,Hannahport,MN,USA,2024-10-24T03:56:18.017871
90,Jeffrey,Anderson,spencerzhang@example.com,(387)283-3918x78519,New Amanda,GA,USA,2023-12-15T05:33:44.013523
91,Abigail,Wilson,jenniferburns@example.net,207.828.6790x874,Lisaborough,OR,USA,2023-03-10T17:26:19.408558
92,Rodney,Graves,michaelcesar@example.com,8468226567,Lake Tamaraside,DC,USA,2024-12-05T19:07:48.032391
93,Michael,White,urice@example.org,5049786863,Ericborough,FM,USA,2025-02-22T03:07:06.764178
94,Daniel,Pacheco,bmendez@example.org,211.890.7903,Youngborough,WV,USA,2025-07-24T02:43:00.729465
95,Brian,Gordon,jim95@example.net,+1-453-842-8364x408,Williamsstad,SD,USA,2024-12-25T07:26:35.456923
96,Kristi,Flores,trussell@example.com,(887)833-4270,South John,IL,USA,2023-12-17T13:58:45.301097
97,Christian,Cole,christopher30@example.com,(299)501-3983x7354,Lake David,WV,USA,2024-05-28T11:16:37.978874
98,John,Munoz,randyallen@example.com,001-746-578-5445x87717,Lawrenceton,OK,USA,2025-07-24T12:02:30.671563
99,Joyce,Smith,mphillips@example.com,969.937.8547,Lake Laura,GA,USA,2023-05-23T01:29:22.012101
100,Amy,White,warrenmary@example.org,+1-900-962-3120x38750,North Amandachester,AL,USA,2023-01-08T00:48:46.872580
101,Jennifer,Nichols,andre62@example.org,682-833-9845,West Susanmouth,OK,USA,2023-09-13T04:40:00.930482
102,Heidi,Evans,valdezmichele@example.org,366-968-7002,Newmanmouth,OK,USA,2025-11-25T14:03:39.853323
103,Terri,Jacobson,hallrachel@example.net,001-474-701-4890,East Brendafurt,CA,USA,2023-11-13T15:07:44.386213
104,Anne,Knight,irhodes@example.com,(821)785-0163x1599,Lake Joshuamouth,NM,USA,2023-08-27T16:22:47.820284
105,Angela,Bennett,eringuerrero@example.org,001-394-231-1426x26551,Seanview,CT,USA,2023-05-14T21:32:04.676923
106,Jacob,Cole,fgarcia@example.com,+1-819-395-6046,New Adriana,TX,USA,2024-02-10T21:10:38.855940
107,Dominic,Turner,kthomas@example.com,964-371-5437x993,West Adam,MO,USA,2023-12-19T17:22:11.874732
108,Christine,Brock,scott69@example.org,759-837-5265x4793,Lisafurt,MN,USA,2023-04-24T11:54:02.950015
109,Anne,Vargas,erinpierce@example.net,837.841.6724x342,South Vickifort,OR,USA,2024-03-03T21:02:40.931632
110,William,Knapp,ystephens@example.com,001-789-811-3529x096,North Coreybury,NY,USA,2025-03-18T01:09:50.471428
111,Angela,Watts,seanmyers@example.net,001-382-350-7146,West Larry,NH,USA,2025-04-28T01:07:42.794201
112,Adriana,Bailey,kimheather@example.com,440-410-5123,Anitamouth,IN,USA,2025-05-12T19:46:05.411969
113,Crystal,Lopez,vfoster@example.net,379.366.0334,West Mark,NH,USA,2023-04-24T13:39:59.779292
114,Emily,Burns,candice96@example.net,355-479-2499,Davidport,DE,USA,2023-07-09T06:32:01.623701
115,Heather,Dixon,kcarlson@example.com,(227)782-8274x22579,South Derrickfurt,OH,USA,2024-06-26T12:36:21.459011
116,Troy,Cohen,cmckinney@example.com,(619)403-4043,Cunninghamfort,OH,USA,2024-07-02T09:46:07.394556
117,Ashley,Adams,amber07@example.net,361.934.0745,Port Lisaborough,AS,USA,2025-03-07T22:10:33.429849
118,Hannah,Callahan,imartin@example.org,709.658.4982,Ashleyhaven,MH,USA,2025-01-03T00:41:06.532717
119,Cody,Estes,rsellers@example.net,(623)825-3672,Hayesland,MO,USA,2024-07-07T16:11:33.650145
120,Joshua,Mayer,shawn75@example.net,5179518636,Marcusport,MA,USA,2024-08-11T09:44:21.231199
121,David,Phelps,patricia00@example.org,+1-670-312-7706x3242,Johnstad,TN,USA,2025-09-06T00:26:58.441128
122,Gabriel,Sanders,jessica36@example.net,910-237-1293,Lake Matthewville,VI,USA,2024-03-27T10:40:06.951783
123,David,Jones,zdavis@example.org,255-442-6221,Bellborough,SC,USA,2025-03-19T14:23:45.379481
124,Samantha,Jensen,fheath@example.org,(619)365-6523,New Carolyn,VA,USA,2024-10-16T11:00:24.053697
125,Kimberly,Vaughn,jamie98@example.org,001-264-703-7613x7918,Davidshire,MT,USA,2024-01-25T02:18:52.863622
126,Felicia,Farmer,smithcarlos@example.com,800.368.4866,West Christopher,CO,USA,2024-07-02T22:53:01.138996
127,James,Morton,peter14@example.net,(230)431-6179x90421,East Tylerstad,NC,USA,2024-07-09T10:30:53.076843
128,Lynn,Green,david41@example.org,464-781-4917x78507,West Kerri,MH,USA,2024-09-09T13:17:36.306292
129,Jennifer,Perez,williamsmichelle@example.org,5757622086,South Ruth,MD,USA,2023-10-13T22:18:26.306445
130,Christian,Watson,whitelinda@example.org,(617)544-5187x0534,Richardsonfort,WI,USA,2025-04-18T20:39:03.834563
131,Jessica,Payne,edwardrandolph@example.org,585.505.0641,Vasquezton,FL,USA,2025-02-07T11:29:06.803573
132,Christopher,Morse,xhaynes@example.com,001-519-618-2619x9062,Melissafurt,UT,USA,2025-06-19T05:39:49.385046
133,Mark,Chavez,charlesharris@example.net,721-527-7561,Parkerview,PR,USA,2023-05-01T02:21:40.322185
134,Eric,Parks,lewismelissa@example.org,235-868-0442,Hawkinsside,IA,USA,2023-04-03T11:58:40.675695
135,Curtis,Leon,smithmaria@example.org,(236)351-9941,Lake Scott,DC,USA,2023-03-31T11:44:55.853217
136,Melanie,Lamb,williamssteven@example.org,001-566-470-6625,Joshuaberg,AZ,USA,2024-10-23T14:17:36.452382
137,Christina,Holland,jjenkins@example.com,2148626383,Timothyfort,MI,USA,2025-09-15T17:53:01.998187
138,Wayne,Price,anthonyharper@example.org,001-240-578-5932x13348,Kellyburgh,HI,USA,2023-09-05T21:36:43.939364
139,Louis,Rojas,robin05@example.net,001-229-337-8427,East Carolyntown,NC,USA,2024-05-27T10:46:15.931402
140,Martin,Mendez,matthewthompson@example.com,7028921851,West Kevinberg,GA,USA,2025-03-02T03:49:37.576172
141,Samuel,Fowler,lbanks@example.net,+1-495-439-2644,Lake Stacyfurt,PR,USA,2025-12-14T03:54:09.779835
142,Tammy,Johnson,samantha93@example.net,001-417-325-1355,Seanview,IL,USA,2023-09-20T03:12:24.417516
143,Carlos,Scott,lebrandon@example.com,001-462-967-6586x1793,Port Meganport,AK,USA,2023-12-04T22:20:54.969374
144,Stephanie,Jones,pamelamartin@example.org,+1-815-499-7062,North Markborough,MT,USA,2025-01-22T15:20:15.966357
145,Jennifer,Blair,donna43@example.org,8693872050,Madisonfort,ID,USA,2023-04-05T23:27:08.757848
146,Jamie,Little,wellsdarrell@example.com,674.918.6256x5270,Bakerview,OK,USA,2023-02-26T05:54:30.946711
147,Karen,Contreras,barnettlindsey@example.com,001-393-880-6868x79374,New Ashleyhaven,AS,USA,2024-09-06T21:28:21.183785
148,Tonya,Hernandez,kthompson@example.org,620.761.6329,North Paulfurt,OH,USA,2023-12-13T01:12:31.498729
149,Joshua,Ellis,buchanancindy@example.net,(716)822-9991x19148,Patrickfort,OK,USA,2024-10-17T23:00:32.589465
150,Benjamin,Hill,christinebecker@example.com,7656307450,Juanfort,PR,USA,2025-01-21T12:40:33.711411
151,Corey,Melton,kevinmanning@example.com,469-313-7367x850,Jennafurt,DC,USA,2025-04-23T22:25:11.740267
152,Alice,Carroll,jameswhitaker@example.org,807.305.3457,East Nathanmouth,HI,USA,2025-11-07T04:02:03.000034
153,Thomas,Arnold,frank41@example.com,6608293333,Port Kimberlytown,NJ,USA,2025-09-14T11:20:15.115629
154,Deborah,Burke,walkercharlene@example.com,001-846-365-7437x489,New Yvonnestad,OH,USA,2024-11-29T00:17:52.153676
155,Chelsea,Evans,olsonmatthew@example.com,+1-454-244-3283x0965,Brightview,PW,USA,2024-03-23T08:05:59.562983
156,Paul,Johnson,matthewreeves@example.net,+1-375-984-2824,Lake Jonathan,AS,USA,2024-08-24T05:58:22.162347
157,Rita,Arroyo,destiny35@example.org,001-346-955-4947x1709,New David,TX,USA,2024-02-11T21:49:23.426193
158,Kenneth,Brown,derrickgonzalez@example.com,001-772-252-1752,South Joshuaburgh,OK,USA,2025-04-06T08:48:13.313536
159,Tracy,Gallagher,andersonryan@example.com,(267)260-0835x0583,East Heather,MI,USA,2023-11-27T16:08:18.215482
160,Curtis,Gordon,gary04@example.com,889.285.6257x532,East Jessica,DC,USA,2023-08-09T02:41:21.922443
161,Andrew,Wagner,richardsondebra@example.org,(848)390-9010x0167,Thomasberg,IL,USA,2025-01-20T10:37:13.006285
162,Crystal,Turner,batesjoseph@example.net,001-526-618-9141x173,West Jade,LA,USA,2023-06-14T10:21:00.940084
163,Amy,Lozano,arivera@example.org,+1-611-997-2181x14374,North Lisaton,PR,USA,2023-11-04T02:05:14.107064
164,Laurie,Edwards,daviskatherine@example.org,7227557941,North Richard,NH,USA,2023-10-14T13:25:54.242603
165,Paul,Jefferson,zbanks@example.org,920-421-6979,Maxwelltown,VI,USA,2025-01-08T16:30:20.875764
166,Mary,Mcpherson,timothyfreeman@example.com,301.845.0899x358,South Michael,TX,USA,2024-11-22T12:09:11.959392
167,Edgar,Serrano,smithsarah@example.net,872.817.5354x0838,North Stephen,AS,USA,2024-09-08T14:13:15.069989
168,Christopher,Jimenez,david70@example.org,(960)788-0199x4883,Marciabury,PR,USA,2024-05-01T16:01:20.080758
169,Ann,Harvey,xmoran@example.net,211.430.5548x851,Taylorchester,CT,USA,2023-09-25T08:04:40.988350
170,James,Martinez,ylewis@example.org,001-951-260-9177x982,New Savannahshire,NJ,USA,2025-09-28T13:24:01.890040
171,Kimberly,Kent,jessicaanderson@example.com,+1-499-458-6693x46547,Morrisonhaven,ME,USA,2025-07-01T11:31:30.768901
172,Amy,Edwards,jamesweber@example.com,+1-652-828-8515x87996,New Danielfurt,FL,USA,2023-02-16T20:25:33.540920
173,Brian,Adams,tonyavega@example.org,5438805719,New Kristen,AS,USA,2025-01-21T11:14:48.622818
174,Heather,Williams,yhughes@example.net,580-604-3973x59893,Thompsonland,HI,USA,2025-11-09T07:26:31.015411
175,Jill,Wilson,pattersonangela@example.org,(794)205-7202,Tracyshire,OH,USA,2024-01-17T01:38:16.113264
176,Kristen,Stewart,susanmeyer@example.net,(768)786-1533,Kellyhaven,NJ,USA,2025-12-16T17:38:50.889418
177,Madison,Zavala,wilsonmichael@example.org,+1-799-930-5616x4840,Williamsborough,MD,USA,2024-07-05T18:59:37.151162
178,Stacy,Jackson,simsjason@example.net,001-336-213-8612x07501,Port Johnathan,CA,USA,2024-09-10T16:54:18.990016
179,Jeremy,Green,zhayes@example.com,606-618-0919x01581,West Kathymouth,MS,USA,2024-02-26T15:21:53.340061
180,Donna,Wells,derekmyers@example.net,824-350-8821x0099,Jasonstad,IL,USA,2024-03-16T20:39:05.970940
181,Debbie,Hunt,jackjensen@example.com,612.390.8781,Coreyshire,NM,USA,2025-10-28T07:52:19.853906
182,Michael,Lambert,craigharvey@example.org,277-759-4929x95562,Port Jeffrey,WA,USA,2024-11-21T21:16:17.287072
183,Joshua,Ward,natalie77@example.com,001-347-281-2914x28341,Port Bonniefurt,WI,USA,2024-09-27T05:18:39.369514
184,Rebecca,Arnold,jvaldez@example.com,(539)442-7881x6580,South Erik,OK,USA,2025-10-25T05:30:05.430862
185,Donna,Faulkner,ccrosby@example.org,001-273-214-5303x85677,Dakotahaven,SC,USA,2025-06-16T18:25:27.792340
186,Mary,Baker,nicholasgray@example.net,+1-218-446-3865x5779,Martinland,NY,USA,2024-11-24T18:39:20.659318
187,Jason,Lopez,carolyn13@example.com,417-477-3926x03029,New Dylanburgh,KS,USA,2025-09-26T10:48:16.113868
188,Zachary,Sullivan,johnsjessica@example.com,437-497-7236,Garymouth,NH,USA,2024-10-04T08:09:56.506564
189,Casey,Gray,danielharris@example.net,+1-962-491-2799x08811,Port Erikachester,NC,USA,2024-03-25T15:48:22.675726
190,Nancy,Wolfe,zperez@example.com,001-865-699-1624x73149,North Jenna,WY,USA,2022-12-28T12:02:30.379424
191,Alexandra,Meyer,spena@example.com,(851)526-9448x69594,Arnoldside,NJ,USA,2023-07-04T12:48:00.500522
192,Angie,Webb,becky62@example.net,237-421-3865,Oconnelltown,AS,USA,2023-03-30T12:20:34.216304
193,Dustin,Frost,qdavis@example.org,(919)906-6984x902,East Melissahaven,LA,USA,2023-07-22T02:15:50.145715
194,Kristen,Dixon,christinacraig@example.com,502.214.6566,North Andreaside,PW,USA,2024-09-19T10:29:51.998618
195,Michael,Ochoa,catherinelee@example.com,001-604-726-8181,Port Williamview,FM,USA,2024-08-01T02:21:24.761492
196,Laura,Wright,kchurch@example.com,001-735-877-9071x41633,Zacharytown,UT,USA,2025-06-19T12:57:12.935707
197,John,Davis,charles27@example.com,(539)542-3733x343,Port Christine,FL,USA,2025-04-22T04:55:26.969696
198,David,Miller,waustin@example.net,4756957947,Walkershire,DC,USA,2023-02-18T00:54:37.638729
199,Lauren,Mendoza,shawphillip@example.net,001-727-618-7500x36915,New Jose,KY,USA,2024-05-20T04:03:42.719625
200,Christie,Diaz,acoleman@example.net,001-855-864-7292x93143,East Lauren,WA,USA,2023-06-02T13:40:04.687319
201,Linda,Thompson,otaylor@example.net,+1-357-444-8906,East Lisafort,MP,USA,2024-11-09T20:37:25.655665
202,Shannon,Cook,michael84@example.com,4616593998,Markhaven,NM,USA,2025-04-17T14:37:49.382701
203,Sergio,Miller,steven22@example.net,869-696-1125x35544,Normanstad,WA,USA,2024-09-23T19:21:16.039020
204,Tammy,Gutierrez,melissamartinez@example.org,+1-341-332-6111x78006,Christineland,SD,USA,2025-10-06T11:13:58.329968
205,Peter,Perez,scott22@example.net,(900)455-7784,New Carla,SC,USA,2025-03-20T07:17:56.094446
206,Natalie,Graham,regina78@example.org,274-456-4240,Justinside,AL,USA,2025-01-12T07:26:24.525015
207,Travis,Campos,albert64@example.net,508.453.6866,Claytonbury,KS,USA,2023-03-17T11:57:40.915305
208,Colleen,Black,justin84@example.com,612.924.1797,West Andrew,AR,USA,2025-11-17T05:51:35.023948
209,Andrew,Compton,joseph70@example.org,720-973-5647,West Christopherberg,AR,USA,2023-10-08T17:16:48.185014
210,Philip,Daniels,jamesskinner@example.com,3135673037,Priceport,MD,USA,2023-06-12T12:00:36.675689
211,Jessica,Garner,kingdanielle@example.org,(803)513-6502x491,North Biancafort,UT,USA,2024-10-03T23:43:19.931961
212,Nathan,Davis,vincentparks@example.com,001-500-252-8127x35857,Howardberg,KS,USA,2025-08-31T09:21:16.322958
213,Todd,Kim,amy73@example.net,(385)457-4982,Phillipsview,ND,USA,2024-01-26T23:01:35.331563
214,Aaron,Little,bgross@example.net,(693)751-8638x782,Davidsonville,CT,USA,2024-07-15T23:42:42.871136
215,Carl,Conley,gregoryjohnson@example.org,531.309.6789x9405,East Dianaland,NH,USA,2025-05-16T09:36:24.185010
216,Bruce,Grant,yshort@example.net,3943801413,New Paul,ID,USA,2024-07-19T06:22:47.151150
217,John,Garrett,angelagrant@example.net,895-776-1228,New Yesenia,NV,USA,2025-10-08T13:59:48.687120
218,Rachel,Pierce,megan66@example.net,293-698-3684x57760,New Derekport,AL,USA,2023-11-14T18:55:37.626270
219,Jeffrey,Foley,ingramsherry@example.com,+1-788-499-2107,West Michael,OR,USA,2023-09-20T11:31:04.250369
220,Jonathan,Evans,ncarroll@example.net,257-827-9194,Port Brianmouth,MI,USA,2025-08-10T17:06:38.222733
221,Ryan,Conrad,kanejeremy@example.net,+1-506-404-8058x925,Lake Jessicafurt,NV,USA,2025-03-24T14:36:37.609769
222,Barbara,Davis,zroberts@example.org,(351)879-0864,Ayalaberg,WV,USA,2023-05-17T11:41:42.255055
223,Anita,Freeman,annshea@example.net,831.846.5911,Michaelmouth,MI,USA,2024-10-01T10:18:52.226165
224,Andrew,Torres,christina79@example.org,603.235.2110x392,Heatherville,ME,USA,2024-04-26T20:21:21.505139
225,Andrew,Clark,jamesmills@example.com,+1-679-420-6980,West Jamesview,AR,USA,2024-05-13T04:09:56.389841
226,Sierra,Jones,elizabeth51@example.org,963-268-1579x8123,East Sandraport,MA,USA,2024-06-09T12:51:43.387975
227,Julie,Smith,michael43@example.net,304-860-8432x562,South John,FL,USA,2024-03-31T23:49:48.971888
228,Larry,Jacobs,ndaniels@example.net,(498)432-4826,Carlosside,VA,USA,2023-04-29T10:13:28.436752
229,Lonnie,Hobbs,cannonnicole@example.com,(547)542-3122x09949,Lake Anthony,CO,USA,2025-01-12T17:12:17.559033
230,Thomas,Shaw,xjoseph@example.org,(577)522-3306x0463,East Saramouth,VI,USA,2024-10-26T19:56:37.065073
231,Hailey,Delacruz,ronaldparsons@example.net,001-965-269-9988x0817,New Amanda,WA,USA,2023-02-01T17:10:18.242034
232,Paul,Hubbard,leescott@example.com,001-347-426-4908x27718,South Robert,NV,USA,2023-01-17T00:04:53.899919
233,Shawn,Mosley,nicoledavis@example.com,001-421-811-7518x689,Williamsburgh,PW,USA,2023-12-22T23:37:43.194751
234,Monica,Huffman,mistywhite@example.net,5642474212,Alexanderfort,PR,USA,2024-06-19T01:53:43.582527
235,Lindsey,Franklin,lyoung@example.net,576.271.9903x8498,East Brian,MI,USA,2023-01-29T22:37:28.614007
236,Melissa,Estrada,mark10@example.org,(622)749-9982x79501,Priscillaland,WV,USA,2024-04-01T22:24:55.758513
237,Andrea,Carter,davidvillarreal@example.com,868.733.9019x81794,Aliciastad,DC,USA,2024-10-23T19:06:59.259233
238,Tyler,Daniel,lvasquez@example.net,843.801.0713,West Michaelborough,AL,USA,2024-11-21T15:28:47.739390
239,Hannah,King,parkerwilliam@example.com,001-901-255-6990x23557,South Eric,NH,USA,2025-08-24T03:40:06.345334
240,Amanda,Rogers,dreilly@example.net,295-788-0395x5124,Simsburgh,OK,USA,2024-10-14T08:56:11.031622
241,Jacob,Wilson,janet50@example.com,(517)335-7438x42150,Hunterfort,MH,USA,2024-06-20T15:01:44.390358
242,James,Mclean,kimberly21@example.net,+1-923-207-6810x40915,New Katieport,AK,USA,2024-09-13T13:12:48.655989
243,Larry,Mcclain,james44@example.net,771-742-2410x98813,Donaldport,OK,USA,2023-09-14T23:11:39.666191
244,Charles,Austin,amber02@example.org,701.660.1662x9979,Lisaside,CO,USA,2025-11-21T14:08:45.947910
245,Katelyn,Owens,christopherlang@example.net,817.447.7332x945,Kristinamouth,NH,USA,2024-06-06T21:03:42.773813
246,Cameron,Rodriguez,kmurray@example.com,001-959-892-8161x58148,Allenbury,OH,USA,2023-06-12T22:45:42.891155
247,Timothy,Jones,lisagarza@example.com,001-958-732-1971,Port Seanport,MO,USA,2023-03-06T23:27:08.267690
248,Daniel,Cervantes,pmurphy@example.net,6138290227,Gonzalezmouth,ME,USA,2024-09-05T13:40:45.149159
249,Robin,Torres,wrobbins@example.org,001-209-286-2405,Danielport,VI,USA,2023-01-23T21:02:05.022665
250,Ryan,Lawrence,jennifer66@example.com,+1-832-472-3865,Whitneyberg,DC,USA,2023-01-02T10:04:53.987363
251,Deborah,Thomas,ibarrett@example.org,(867)996-9278,Kellyburgh,NE,USA,2024-10-13T03:35:35.021990
252,Becky,Bradford,jenniferadams@example.net,001-950-309-7519,Lake Jessica,PR,USA,2025-12-02T12:45:48.912999
253,Kimberly,Marshall,millschelsea@example.org,918.794.9058x0778,Gomezport,LA,USA,2023-06-22T05:58:11.615988
254,Heather,Harper,jessica94@example.org,+1-379-629-0490x4712,Davidview,KY,USA,2025-07-17T16:18:10.655388
255,Alexis,Rodriguez,reneestevenson@example.net,452.943.7280x512,Townsendbury,TN,USA,2024-04-16T00:37:45.302927
256,Dana,Clark,brian41@example.org,(876)974-7836,Dustinchester,AL,USA,2023-11-02T03:24:38.744081
257,Laura,Reyes,suzanne01@example.net,+1-556-594-5441x4967,Ericaburgh,MD,USA,2024-08-11T17:40:53.523493
258,Emily,Decker,jenkinsalicia@example.net,553.344.3009x109,North Melissaberg,MS,USA,2024-12-08T22:21:15.049101
259,Rachel,Knight,pauladominguez@example.com,871-774-6542x1406,West Stephanieview,HI,USA,2024-04-16T10:52:50.058627
260,Travis,Mcfarland,fwhite@example.org,(286)339-1741,New Jessicamouth,AK,USA,2025-08-29T00:47:53.709589
261,Eduardo,Bowman,ortegajoseph@example.net,969-308-7766x18306,Mathewport,MO,USA,2023-02-19T04:25:50.190690
262,Wendy,Holland,amanda51@example.com,001-943-528-0634x61571,North James,VA,USA,2025-12-16T11:08:17.839966
263,John,Price,victor70@example.org,205-406-1387x82931,Valdezfort,PW,USA,2025-09-21T14:21:55.856660
264,Brandon,Haynes,alexischen@example.com,579-329-1117,South Matthew,MP,USA,2025-11-30T21:57:31.202996
265,Erika,Nguyen,marcoconnell@example.org,001-909-525-1142x62582,East Craigfurt,WI,USA,2023-06-11T13:27:10.936682
266,Nichole,Miller,whitechristopher@example.net,001-946-872-3248,East Cheryl,AZ,USA,2024-10-04T01:17:30.492547
267,Jennifer,Salazar,burtonkimberly@example.com,(508)633-1819x58837,East Danielberg,TX,USA,2025-07-02T06:07:27.528289
268,Rhonda,Jimenez,elizabethwilliams@example.net,(443)464-5970x108,South Zacharyland,MH,USA,2023-09-04T12:42:22.947225
269,Sean,Riley,rgonzalez@example.com,515.331.3636,Richardston,FM,USA,2024-04-11T07:01:34.944556
270,Javier,Lynch,paultaylor@example.net,654.435.2090,Port Stevenchester,GA,USA,2025-04-01T19:49:25.476663
271,Jeffrey,Phillips,kristinelittle@example.net,(998)931-6873,Alexischester,WA,USA,2025-08-02T19:55:37.759053
272,John,Hamilton,patriciavargas@example.org,001-806-900-7806,South Tylerland,OH,USA,2025-03-24T20:52:55.388711
273,Heather,Russell,davidphillips@example.net,907-942-7990,Port Jacqueline,HI,USA,2025-05-04T04:05:47.630352
274,Mitchell,Marshall,daltonchad@example.net,780-246-4989x31950,South Michaelton,MN,USA,2024-01-26T05:09:06.940859
275,Deborah,Bush,devonrogers@example.net,879-633-5548,North Nathanmouth,NM,USA,2024-06-22T03:44:03.844925
276,Maria,Harrison,shannon51@example.org,911.462.4112x412,New Stephanie,AK,USA,2023-11-06T22:31:11.047931
277,Tara,Weaver,thomasfisher@example.net,+1-904-931-0385x6955,Torresberg,MH,USA,2025-05-03T14:40:23.133946
278,George,Green,swatson@example.org,(454)472-9284,East John,AZ,USA,2025-12-13T14:29:19.218324
279,Autumn,Alexander,jack80@example.net,952-757-8284x10672,North Tara,ND,USA,2025-11-23T16:36:52.017978
280,Mark,Thornton,wkemp@example.net,+1-529-975-1702x81406,Christopherton,PA,USA,2024-11-22T09:44:21.232677
281,Brandy,Walker,james18@example.com,+1-818-763-7599x80562,Watsonport,MI,USA,2024-01-09T16:38:33.096486
282,Tiffany,Sawyer,lewispamela@example.net,(774)326-6299x12347,Davischester,SC,USA,2025-09-17T15:28:10.882521
283,Robert,Peters,jamescollier@example.com,+1-570-249-4787,East Josefort,DE,USA,2024-12-06T02:27:49.071486
284,Patricia,Butler,pknox@example.org,8146719597,Mccannville,MN,USA,2024-07-04T06:59:49.662089
285,Barbara,Bruce,bonniethomas@example.com,001-325-520-4565x044,Port Cody,WV,USA,2023-06-21T20:10:51.377060
286,Marcus,Stewart,joseph51@example.net,001-852-702-8457,North Jeffery,NY,USA,2023-08-19T23:38:40.199858
287,Jacob,Prince,butlersabrina@example.org,(707)454-5279,Anthonyville,IN,USA,2023-05-10T17:48:05.446451
288,Heather,Watts,david21@example.com,001-211-907-6031x089,West Bradleyport,TN,USA,2022-12-31T23:05:48.938145
289,Colin,Martinez,brianagonzalez@example.net,(301)324-9552x893,New Jayborough,LA,USA,2023-06-26T22:08:08.447890
290,Karen,Smith,glasssamantha@example.net,859.327.1256x6383,Davidville,NC,USA,2023-05-18T15:05:11.328730
291,Kathryn,Bush,millertristan@example.com,779-447-3864x6317,Lake Travisville,MO,USA,2024-04-13T16:42:14.148890
292,Donna,Miller,ralphneal@example.org,001-621-653-5396x1367,Kellyfurt,NM,USA,2024-07-03T01:46:17.515877
293,Dylan,Gibson,kingtyler@example.net,(701)401-7026,Christyville,WV,USA,2023-03-14T13:09:23.828867
294,Karen,Saunders,qharris@example.com,784.885.8800x6167,Stevenston,HI,USA,2024-08-21T15:46:37.120858
295,Michelle,Turner,travistaylor@example.net,(271)897-8897x7828,Troyfurt,RI,USA,2024-12-30T22:44:58.195720
296,Katie,Mitchell,johnsonbrandon@example.com,(590)556-1655x650,Lake Larry,CO,USA,2025-09-13T05:42:56.762605
297,Cameron,Torres,geoffrey85@example.org,869.786.4079x056,Port Tracyborough,MA,USA,2024-06-16T23:38:43.653780
298,Lisa,Contreras,christinacox@example.com,871.583.4404,Lake Meganville,OR,USA,2023-12-24T18:53:08.312718
299,Carlos,Solis,wsimmons@example.org,+1-948-446-8536x6498,Lake Jacquelineburgh,OK,USA,2024-06-19T16:39:30.616945
300,Donna,Holloway,oadams@example.net,+1-869-808-3572x324,Michelleland,SC,USA,2023-07-31T17:59:01.128671
301,Robert,Colon,jonathanburke@example.com,812.830.3477,East Erikberg,AK,USA,2023-09-29T20:05:42.296447
302,Linda,Hopkins,dawnwilliams@example.net,500.315.9416x5162,New Elizabethshire,WI,USA,2025-10-06T10:20:23.804990
303,Johnathan,Wilkerson,carolmejia@example.com,296-936-3212x34764,Hollyville,MD,USA,2024-08-09T16:34:14.808288
304,Thomas,Sanchez,natasha25@example.com,001-754-309-0034x864,Port Scott,AL,USA,2025-09-12T13:56:22.332839
305,Phillip,Spence,kevin34@example.org,(875)760-4177,Mcdowellville,GU,USA,2023-06-14T09:33:16.986673
306,Jose,Jones,jguzman@example.net,370-402-7206x34591,New Jennifer,WI,USA,2025-06-17T20:02:37.953052
307,Kathryn,Bradford,usparks@example.com,824.529.5431x6526,North Sandrabury,PW,USA,2023-03-28T04:48:09.320957
308,Steven,Green,brandonwilliamson@example.net,321-552-9108x677,East Sophia,GU,USA,2025-04-25T16:38:26.065941
309,Keith,Snyder,ryanclark@example.org,736-926-2044x3973,North Taylormouth,UT,USA,2024-02-29T07:34:06.619585
310,Jason,Reyes,qfitzgerald@example.org,280-205-3759,Williamfurt,ME,USA,2025-11-25T19:10:47.448796
311,Emily,Anderson,carpenterjorge@example.net,457.921.5862x4150,Juliechester,LA,USA,2025-09-04T21:57:09.452483
312,Jose,Gallegos,zachary62@example.com,001-672-487-0320x3207,Grahamfort,AZ,USA,2024-04-17T11:43:39.674997
313,Vanessa,Hoffman,uvasquez@example.org,551-234-2284,South Samantha,IA,USA,2025-04-10T11:56:10.729362
314,Erica,Clay,mitchelltina@example.org,(259)715-2017x7749,Lake Cindymouth,MD,USA,2025-10-23T19:29:15.721690
315,Zoe,Meadows,jasonwilliams@example.net,350-218-9616x4236,East Paul,MO,USA,2023-10-28T21:59:58.878244
316,Karen,Valdez,evanslaurie@example.net,892-351-5837x7674,Shepherdburgh,NE,USA,2024-11-10T18:17:38.084018
317,Christopher,Palmer,prhodes@example.net,001-427-488-1476x174,Mckenziehaven,NE,USA,2023-11-09T11:19:26.742022
318,Brandon,Jones,palmerwilliam@example.com,279-345-4918,Whiteburgh,MP,USA,2024-02-24T06:40:11.879834
319,Christopher,Mcdowell,lee77@example.net,252-832-1941x680,North Georgefort,NH,USA,2025-01-16T17:34:58.688559
320,Misty,Church,nturner@example.com,001-564-912-2031x030,Lake John,MP,USA,2024-11-05T16:36:49.057719
321,Kristy,Lee,kayla27@example.com,5125277707,Ashleyfurt,AR,USA,2023-12-21T12:18:33.241543
322,Curtis,Abbott,fpetty@example.net,001-998-540-7678,New Andrewshire,MD,USA,2024-08-17T22:04:49.790047
323,Joseph,Wong,nwilson@example.net,(576)702-4375x738,Andersonport,VA,USA,2025-02-07T04:27:22.521515
324,Susan,Whitaker,laura29@example.org,517-522-3297x1674,North Michaelview,MI,USA,2024-12-31T10:19:20.144614
325,Gregg,Villarreal,romanmatthew@example.org,+1-431-383-7455x084,South Laurenville,CT,USA,2025-04-25T04:17:33.866251
326,Chelsea,Garrison,colonbobby@example.org,(313)452-4787,Matthewberg,DE,USA,2025-07-07T12:42:12.840404
327,Scott,Perry,sanchezlisa@example.com,482-814-5653x2863,Hardinmouth,PR,USA,2024-07-08T06:26:28.000082
328,Evelyn,Acevedo,athomas@example.net,611.855.6260x60290,Blackwellside,VI,USA,2023-11-19T03:49:42.884059
329,Julia,Blankenship,wilcoxrachel@example.net,(867)538-9975,Christopherside,MA,USA,2024-02-21T00:43:48.445798
330,Jennifer,Hobbs,jason88@example.com,752.600.8943x46810,Davidville,NV,USA,2023-11-12T04:31:39.510628
331,Jillian,Chavez,lindazhang@example.net,001-389-735-4492x683,Port Kimberly,NH,USA,2023-04-07T01:46:27.411423
332,Jennifer,Poole,davisroger@example.org,937.815.8698x8649,Barkerfort,VA,USA,2025-11-21T03:22:47.423034
333,Madison,Thomas,toddellis@example.net,381.737.7028x51961,Billyberg,DE,USA,2024-01-31T17:32:30.685934
334,Vickie,Turner,jjohnson@example.org,001-360-744-3270,Port Bradleyfort,OK,USA,2023-11-25T01:16:40.309306
335,Shaun,Morgan,ualvarez@example.net,(828)877-7251,South Matthew,AZ,USA,2025-11-04T11:50:43.795799
336,Pamela,Fitzgerald,clinejasmine@example.net,+1-548-918-1398x9098,North Dominiqueside,HI,USA,2025-11-09T04:51:07.616148
337,Joshua,Harris,imiller@example.net,669-307-0562x60856,North Amberport,FL,USA,2023-07-08T20:39:24.241870
338,Kayla,Moore,dgregory@example.net,220-504-6152x65461,Port Carla,IA,USA,2024-06-12T20:58:45.209948
339,Karen,Cruz,adamslucas@example.net,(617)806-3048x91382,Millerhaven,IL,USA,2025-04-26T12:37:01.728438
340,Douglas,Fernandez,kimberlymedina@example.com,+1-270-907-9420,Carlafurt,MI,USA,2025-06-30T18:48:23.373924
341,Jason,Pittman,brandon89@example.org,616-912-8463x9855,Johnmouth,MA,USA,2023-08-08T11:47:46.815678
342,Susan,Murphy,deborahsmith@example.com,3022687681,Chambersstad,GU,USA,2024-02-06T02:38:15.691956
343,Carolyn,Hughes,martinezmitchell@example.org,903.704.5319x433,West Trevorborough,AL,USA,2023-07-23T13:30:36.575994
344,Lori,Foster,ashley72@example.net,499.692.1921,New Jessica,KY,USA,2023-07-18T22:08:04.927355
345,Erica,Braun,erin70@example.com,+1-505-266-4187x7580,Samanthaside,NV,USA,2023-12-02T05:15:51.579912
346,Philip,Cook,mooneyjeremiah@example.net,(713)632-5411x07609,North Thomas,MA,USA,2025-06-19T21:54:25.076582
347,Lorraine,Stone,sherryparsons@example.net,217.991.1006x512,West Cherylchester,CA,USA,2023-04-11T06:44:57.349590
348,Brian,Williams,nmorales@example.com,399.707.6769,South Zacharyshire,ID,USA,2023-04-18T01:14:25.329288
349,Alexander,Reeves,rebeccamartinez@example.net,656-879-7232x002,Larryside,WI,USA,2023-05-29T06:29:38.067935
350,Terrance,Morrison,miguel08@example.net,+1-520-938-8065x33315,Greenemouth,PR,USA,2024-09-14T11:35:24.906360
351,Sylvia,Jensen,gmurphy@example.com,5739033793,Lindsayfurt,IL,USA,2024-03-03T08:05:32.948805
352,Margaret,Smith,jonesanthony@example.org,(547)639-5003,East Nicole,VA,USA,2023-06-29T16:10:10.787686
353,Melanie,Sanchez,andrewcameron@example.org,7267153473,New Tiffany,RI,USA,2025-08-12T18:19:13.865040
354,Natalie,Jones,nicoleanderson@example.org,586.655.9630,West John,SC,USA,2025-05-10T11:23:24.959291
355,Monique,York,fclark@example.com,+1-991-928-6857x87255,Adamsfurt,SC,USA,2025-09-25T01:37:35.733104
356,Brandy,Johnson,patriciahayes@example.org,(634)966-9254x8121,Jerryton,NH,USA,2024-07-04T00:03:37.442091
357,Matthew,Hayes,zortiz@example.com,346-602-7341x51488,North David,MN,USA,2023-01-31T15:39:25.699263
358,James,Gonzalez,john43@example.net,+1-928-440-4456x690,Perezborough,NJ,USA,2023-09-02T19:14:41.992759
359,Brenda,Tran,dsharp@example.com,253-766-3778,New Morgan,ME,USA,2025-10-19T08:36:18.509143
360,Alec,Cochran,matthew66@example.net,001-868-845-9090x22599,South Bryce,MS,USA,2023-07-15T01:45:20.834173
361,Daniel,Hudson,tfowler@example.org,(518)320-9702,Campbellbury,LA,USA,2024-12-12T09:51:17.981114
362,Chad,Brown,jacksonmichele@example.com,(821)928-6716x3234,New Barbara,ME,USA,2024-09-24T10:24:04.426241
363,Wayne,Cohen,james27@example.org,(993)785-9777x9014,Peterburgh,MT,USA,2023-09-19T16:31:43.999139
364,Rachel,Quinn,qcruz@example.org,001-991-860-3248x413,West Charlesville,NY,USA,2025-04-08T14:51:13.171026
365,Mark,Hayes,jared07@example.org,676-356-3600,West Ellen,NH,USA,2024-06-03T20:48:36.827890
366,Carlos,Kelley,jenniferkim@example.com,322-209-1241x862,Ericstad,HI,USA,2023-08-15T02:51:23.326018
367,Austin,Leonard,scottwilliams@example.net,516.347.0900x63353,South Anthonytown,MA,USA,2025-06-06T18:34:38.078652
368,Erin,Brown,roblesmaria@example.org,001-820-868-1558x3938,East Jasonstad,MD,USA,2023-06-28T22:44:07.986865
369,Richard,Stewart,olewis@example.org,+1-449-650-1364x97189,New Markfurt,TX,USA,2025-09-28T18:12:01.833013
370,Kelsey,Anderson,cynthiahenson@example.com,+1-571-250-9976x83890,West Joelchester,WV,USA,2023-09-13T13:33:03.969559
371,Christopher,Taylor,jphillips@example.com,203.897.5245,Karenbury,PR,USA,2025-03-02T17:31:50.591527
372,Matthew,Harris,knoxelizabeth@example.org,+1-439-568-5270x17130,North Glenn,OH,USA,2025-06-18T11:48:32.473387
373,Sarah,Young,simmonsstuart@example.org,001-933-362-9344x9734,Raymondburgh,NJ,USA,2024-04-17T07:57:03.433341
374,William,Moss,lorileon@example.org,001-966-614-9828x24674,Hartfort,CA,USA,2023-12-20T20:06:44.328037
375,Jennifer,Gonzalez,adamhensley@example.net,001-257-366-6567x4916,Frederickburgh,ID,USA,2025-04-04T16:29:35.208955
376,Susan,Wise,william75@example.net,4666337050,Blackburnberg,KS,USA,2023-09-17T19:17:49.770539
377,Beth,Bates,alexanderwise@example.net,001-866-691-8362x644,Goodwinland,CT,USA,2024-11-16T18:46:15.465423
378,Kimberly,Cooper,josephclark@example.net,(440)427-0116x8646,Jacobberg,ID,USA,2024-06-05T17:49:54.319075
379,Wayne,Rodriguez,jacobbrown@example.org,001-334-767-9121x41614,New Jimmyfort,TX,USA,2025-04-02T00:55:32.567734
380,Albert,Adams,ortegakristina@example.org,938-706-9847,Rogersmouth,MD,USA,2025-06-02T17:49:12.575213
381,Shelley,Ortega,wbishop@example.com,607-562-0918,Shannonfort,NY,USA,2024-03-17T09:03:59.469460
382,Jacob,Andersen,allen50@example.net,573-497-6915x67164,East Tylerland,ME,USA,2025-06-19T17:36:35.820270
383,Wendy,Archer,cjackson@example.org,683.533.2116x0256,Elizabethville,TN,USA,2023-05-18T10:59:08.695906
384,Amanda,Swanson,popemarvin@example.org,001-591-656-6863,West Christopherland,MA,USA,2025-03-11T04:13:57.028494
385,Sharon,Garner,berrydavid@example.com,(590)340-9836x6552,Smithmouth,MD,USA,2023-05-28T06:11:52.564398
386,Sherri,Hood,jfrazier@example.net,620-895-4814x9737,Port Masonborough,PR,USA,2025-03-02T11:52:33.967911
387,Lisa,Graves,leblanckimberly@example.com,001-364-620-8656x7566,Heatherborough,UT,USA,2025-07-15T22:03:54.757037
388,Phillip,Anderson,hornjenna@example.com,+1-329-427-7423x3305,Clementschester,TX,USA,2025-06-29T22:19:54.884451
389,Sara,Davis,dwhite@example.org,459.862.6301x36749,Port Stevenfurt,KY,USA,2024-11-12T13:36:44.342205
390,Sean,Smith,millertracy@example.net,630.499.9741x92676,West Bryanside,HI,USA,2024-03-08T20:03:03.164148
391,Jaclyn,Long,lbrown@example.net,001-213-412-9208x751,Lake Evan,OH,USA,2023-09-28T01:03:47.460874
392,Karen,Miller,huntermichael@example.net,(960)434-0848,Nealhaven,PW,USA,2025-12-05T02:35:32.232967
393,Michael,Medina,haileybates@example.org,503.724.3298,Davidchester,CA,USA,2024-08-14T04:29:01.331388
394,Jorge,Santos,ricardomiller@example.com,+1-462-783-1435x98926,Graybury,CA,USA,2023-10-12T16:31:11.047688
395,Amanda,Sutton,ojones@example.org,(354)423-4016x361,Briannafort,CT,USA,2024-07-22T07:10:23.471174
396,Jackie,Grimes,catherine02@example.com,001-462-458-8967x92408,South Ashley,KY,USA,2023-02-16T15:09:24.086468
397,Jessica,Villegas,erikabarnes@example.com,(575)678-4468,West Richardmouth,PR,USA,2023-03-29T11:24:47.717927
398,Christopher,Blair,martinbrian@example.net,287-506-8277x8816,Lake Ronaldside,WA,USA,2024-01-02T19:07:00.236206
399,Virginia,Guerrero,lawsontami@example.net,001-783-321-5285x06762,Robinbury,MP,USA,2024-08-02T10:20:25.797976
400,Katie,Wilson,timothy43@example.org,001-996-734-8079x7050,Michaeltown,MI,USA,2025-08-22T02:42:05.668750
401,Jacob,Gomez,jordanjames@example.net,826.417.0243x76545,Danielmouth,TN,USA,2025-06-27T09:46:44.450319
402,Evan,Gomez,tsmith@example.org,434-502-6650,Moyerview,DE,USA,2024-03-26T02:37:20.791255
403,Andrea,Marsh,markduran@example.com,862.211.0225x80305,Castilloport,NM,USA,2023-03-21T05:30:28.473441
404,Roy,Williamson,johnwang@example.com,001-536-337-1892x392,South Benjamin,ID,USA,2025-10-03T17:43:11.298160
405,Ronald,Jensen,linomar@example.net,733-656-7086x0414,Jenniferbury,MD,USA,2025-08-27T11:49:12.355892
406,Hunter,Smith,jason74@example.net,362-247-5541,West Michael,AS,USA,2024-01-20T16:24:08.668683
407,Kimberly,Rice,john43@example.net,(711)629-1093x3711,Mayoborough,ND,USA,2025-02-17T11:14:14.277117
408,Bradley,Lee,patricia85@example.com,416.617.6880x294,New Bruceborough,WA,USA,2025-05-31T04:58:35.324755
409,Troy,Patel,martinkaren@example.com,+1-566-294-3202,Gordonhaven,KS,USA,2023-11-18T03:49:23.032281
410,Jeffrey,Erickson,jacksonbrandon@example.org,702-742-4033x8105,Lake Nicoleview,VA,USA,2023-05-16T02:34:56.978659
411,Rachel,Phillips,garrettalex@example.com,642.540.8916,Walkerview,IL,USA,2024-09-18T01:08:11.885485
412,Lindsey,Mullins,seanblair@example.com,(427)617-2722x397,West Frankburgh,GU,USA,2024-02-25T15:16:42.697504
413,Cathy,Jones,simmonsspencer@example.net,(418)520-9166x0100,West Douglastown,WY,USA,2025-11-13T13:37:13.415927
414,Susan,Rodriguez,melissa13@example.org,397.224.5723x0848,North Amyville,NY,USA,2025-08-18T00:21:55.107291
415,Robert,Smith,andrewsimmons@example.org,(343)761-7213x145,West Sandraland,MH,USA,2023-02-06T04:51:52.811400
416,Edward,Patterson,carol62@example.net,+1-749-445-1475x41022,Griffinfort,GU,USA,2023-03-04T11:07:34.798502
417,Becky,Moyer,duane52@example.org,001-965-957-6769x52366,South Christopher,VT,USA,2024-03-26T22:13:31.592204
418,Becky,Steele,jacquelineyoung@example.org,705.487.2105,Stevenside,PW,USA,2024-03-26T02:08:23.345176
419,Jason,Walker,daviddominguez@example.org,(706)450-1917x9202,East Chrisshire,MP,USA,2025-05-30T07:21:13.131241
420,Edward,White,kaitlinhale@example.com,465.270.4120x0928,Wallmouth,OH,USA,2025-02-07T05:01:25.519117
421,Jonathan,Armstrong,jenna62@example.com,886-423-6903,Port Heatherfort,MD,USA,2024-12-04T21:11:39.230649
422,Richard,James,prattdeborah@example.org,311-315-9503x428,New Alex,PW,USA,2023-11-24T09:58:44.353629
423,Andrea,Little,allenchristopher@example.net,001-209-770-0514,Susanhaven,ID,USA,2023-11-30T06:43:50.542365
424,Peter,Kelly,jacquelinedavis@example.com,001-481-982-0967x9042,Lake Christopherbury,FM,USA,2023-08-13T23:53:43.978079
425,Erin,Thomas,victoriamason@example.net,+1-585-572-5459x606,East Ashleyfort,CT,USA,2025-05-20T11:04:38.864613
426,Douglas,Harrell,portershawn@example.org,621-949-5511x2747,North Teresa,NM,USA,2023-02-02T02:08:22.589022
427,Michele,Morales,scotthunt@example.net,351-668-7409x03802,Moorefurt,PR,USA,2023-03-10T16:06:05.533740
428,Paul,Ford,baileytaylor@example.net,711.921.6636x515,Lake Judith,DE,USA,2023-10-21T17:28:04.092849
429,Benjamin,Moore,nthomas@example.com,001-209-560-5673,Port Gabrielaview,KS,USA,2024-11-16T05:48:27.245043
430,Christopher,Jones,tmiller@example.com,(983)942-0165x42356,Lake Samuel,PW,USA,2025-01-17T22:23:02.141888
431,Paul,Smith,christiancontreras@example.net,(355)802-7275,Abigailtown,NV,USA,2025-10-19T07:48:34.157655
432,Meredith,Walters,johnsonjulie@example.org,(682)696-3533x90550,Lake Victormouth,MT,USA,2024-03-14T09:01:03.742410
433,Michael,Daniels,daniel27@example.com,(328)392-8664x649,North Debrachester,CT,USA,2024-06-16T15:03:36.888811
434,Karen,Ho,schultzwesley@example.org,+1-846-833-7861x37157,West Kimberlyhaven,LA,USA,2023-10-09T22:21:12.028867
435,Donna,Parker,anunez@example.com,4008258955,New Teresa,ID,USA,2024-10-25T23:07:50.875820
436,Phillip,Williams,oanderson@example.com,001-826-658-2631x2819,West James,CO,USA,2023-01-17T19:13:44.922379
437,Alexander,Carrillo,anthonyzimmerman@example.org,001-660-527-5233,Lake Kimberly,WY,USA,2024-02-08T00:08:43.308363
438,Jorge,Williams,donovancourtney@example.net,001-611-479-1124,North Troystad,PW,USA,2025-06-26T06:23:18.045336
439,Peter,Henry,gutierreztommy@example.net,236-465-7224,North Theresastad,NJ,USA,2025-12-14T20:32:48.277731
440,Carol,Smith,sara39@example.org,+1-208-782-3513,East Christopher,UT,USA,2025-10-15T12:24:34.453593
441,Joseph,Olson,baileyandrea@example.com,676.486.3423x461,Lake Tony,FM,USA,2024-04-22T13:41:44.504425
442,Caitlyn,Nelson,cindy96@example.com,695.851.7208,Cassandrahaven,MI,USA,2024-03-01T03:20:34.109978
443,Danny,Lamb,wgibbs@example.org,235-752-5105,South Ashley,MD,USA,2025-08-31T11:28:57.949340
444,Anna,Cruz,alisongarcia@example.com,001-991-296-6553x307,Robertville,NV,USA,2023-06-26T05:28:12.744678
445,Mark,Reyes,mitchelldawn@example.net,7742260880,South Codychester,VA,USA,2023-11-15T12:23:48.070716
446,Logan,Reed,hawkinslawrence@example.net,2645771591,Port Alexville,MD,USA,2025-07-21T13:08:33.062489
447,Jennifer,Perez,leerachel@example.com,+1-600-740-1041,Nelsonburgh,DC,USA,2024-09-20T00:11:35.198928
448,David,Flores,karenbarron@example.com,+1-371-688-3977x4573,Jenniferstad,OH,USA,2025-06-23T05:26:43.091184
449,John,Holland,heatherjones@example.com,7305376371,Kathleenport,VT,USA,2024-05-01T04:30:12.899017
450,Eric,Wagner,jefferycox@example.com,+1-483-963-1462x491,Lake Danieltown,MH,USA,2024-05-08T15:58:43.341233
451,Joseph,Alvarez,hbell@example.net,756-232-6868,Nelsonville,AR,USA,2024-11-30T09:56:54.820870
452,Jessica,Henderson,jaime29@example.com,697.586.1031x31009,New Craigbury,FM,USA,2024-10-30T07:04:45.545110
453,Jennifer,Myers,robinsonmadison@example.net,973-623-5494x012,East Leslie,CA,USA,2023-06-21T07:16:58.771229
454,Martin,Gibson,waderonnie@example.org,(241)920-9579,South Daniel,GU,USA,2023-01-08T18:17:31.701028
455,Erin,Roberts,aliciajackson@example.org,001-211-745-7758x47457,Jenniferhaven,WI,USA,2024-12-17T04:41:55.133187
456,Michelle,Anthony,rrodriguez@example.net,001-502-363-2570x3965,South Danielle,KY,USA,2025-08-07T19:27:47.324361
457,Erika,Nolan,harcher@example.org,755-369-6443x098,Popeshire,WY,USA,2025-05-06T21:21:40.094796
458,Keith,Montes,jho@example.com,+1-228-549-8247x41407,Margaretville,AR,USA,2024-06-07T19:40:11.664912
459,Adam,Bell,williamsdevin@example.com,782.514.2369x14307,Hendersonville,MH,USA,2023-10-02T23:24:43.808198
460,Kevin,Collins,ushelton@example.net,(334)626-8344,Gardnerfurt,WY,USA,2025-08-06T11:18:47.619934
461,Samuel,Taylor,gbenson@example.net,001-857-356-7667x080,New Rebecca,WY,USA,2023-09-12T13:52:53.669457
462,William,Martinez,brian62@example.com,+1-907-787-0104x15914,North Joyhaven,WA,USA,2025-02-13T06:49:55.089181
463,Jacqueline,Black,rtaylor@example.net,(244)407-9311,New Collinborough,CT,USA,2024-05-22T19:05:50.856341
464,Marissa,Wallace,howekevin@example.com,(438)249-7916,East Lori,TN,USA,2023-09-10T10:14:24.098967
465,William,Lyons,thomasroberts@example.net,897-854-6617,North Justin,DE,USA,2024-08-29T22:07:30.350457
466,Alex,Turner,wwilliams@example.org,374.402.5883x586,West Diana,OK,USA,2023-12-27T11:23:35.813702
467,Jennifer,Buchanan,kristen46@example.org,+1-776-879-2988x4259,North Anthonyburgh,IN,USA,2023-04-05T11:42:42.639843
468,Daniel,Villa,omorris@example.net,312.266.1094,South Kathryntown,HI,USA,2023-12-07T14:34:28.645736
469,Holly,Gray,jameshenry@example.net,433-226-8319x0130,Kimshire,ND,USA,2025-07-24T22:43:36.720237
470,Matthew,Fleming,nlee@example.net,385.459.8217x6619,Craigfort,IN,USA,2023-02-15T02:43:07.471196
471,Amber,Johnson,sandra46@example.net,(812)241-8938x984,New Thomasview,SD,USA,2023-01-22T13:18:05.304325
472,Matthew,Green,pamela02@example.org,+1-750-337-1990,Georgeland,FM,USA,2024-08-15T21:56:42.298711
473,Stacey,Nelson,garciatyler@example.org,+1-256-974-3000x3896,South Katieberg,NE,USA,2025-01-27T04:14:13.240660
474,Andrea,Wilson,princetoni@example.com,(235)260-3319x036,Port Brian,AR,USA,2023-05-08T13:14:39.073194
475,Henry,Williams,carrie34@example.org,+1-967-611-1483x753,Kimberlyport,VI,USA,2024-12-05T22:01:00.195490
476,Alison,Adams,brownrachel@example.net,+1-774-413-2834x831,East Hollymouth,DE,USA,2023-01-13T00:49:14.626188
477,Mary,Nelson,fevans@example.org,496-870-6670x336,Lake Kevinside,WV,USA,2024-01-05T19:16:26.997260
478,Anthony,Franklin,sandra49@example.org,001-605-496-6018x64876,Mcdonaldbury,DC,USA,2025-09-10T07:19:59.058109
479,Juan,Fleming,christopher38@example.com,796-609-4544x90149,South Steven,NV,USA,2022-12-30T10:14:10.202201
480,Benjamin,Howard,rickyriley@example.org,598-451-7244x472,Port Christine,AR,USA,2023-09-01T15:36:48.595160
481,Diamond,Lopez,criley@example.net,001-330-344-0580x935,Wilsonland,IA,USA,2023-08-01T06:42:29.588588
482,Ashley,Calderon,bjones@example.com,(605)295-5657,West Bradley,FL,USA,2025-09-14T20:43:53.349894
483,Anthony,Lynch,william89@example.net,(836)390-2611x398,New Thomashaven,NC,USA,2024-04-16T22:31:09.316006
484,Joseph,Huff,rhonda53@example.com,775.313.7651,Denisebury,NV,USA,2025-04-30T06:37:15.648036
485,Jerry,Carey,sarasanchez@example.com,+1-992-594-4551x16682,South Alexis,DE,USA,2024-03-23T09:40:31.872108
486,Kathy,Dawson,inewton@example.org,(602)312-8866x52683,Phyllismouth,OR,USA,2024-10-17T17:37:32.548685
487,Daniel,Bowen,rodgersmichael@example.com,(776)947-2298x12099,Floresburgh,NY,USA,2025-02-19T09:37:05.976293
488,Joshua,Mejia,kennethpeterson@example.net,689.786.4565x22036,West Justinville,LA,USA,2023-10-16T18:25:53.455790
489,Scott,Mcclure,sheila49@example.org,242.513.8820,South Marissatown,MN,USA,2023-07-31T07:00:53.938197
490,Shelly,Duncan,dmeyer@example.com,317-767-4124,Lake Lauraland,MD,USA,2023-06-10T10:27:34.781960
491,Matthew,Chavez,mannleroy@example.org,(618)953-8003x29633,South Lisa,VA,USA,2024-06-16T23:30:50.915314
492,David,Walters,tapiamercedes@example.net,206.817.8932,Christinashire,IA,USA,2024-11-18T11:07:15.383012
493,Todd,Sandoval,nataliepittman@example.com,+1-977-769-5874x13146,Lake Roger,HI,USA,2024-05-12T22:15:06.378065
494,Luis,Wilson,xbush@example.com,696.730.4483x6085,Myersmouth,NE,USA,2024-03-01T13:08:51.298101
495,Rita,Adams,matthewcardenas@example.com,263.292.8319x952,Davismouth,PW,USA,2024-01-11T04:01:41.387592
496,Katie,Brown,stonemichael@example.org,(586)534-2556,North Meganhaven,CT,USA,2024-06-22T05:01:43.988449
497,Lacey,Williams,kevin33@example.org,216-462-4111x860,Lake Briannafurt,ID,USA,2025-06-18T18:24:19.291310
498,Michele,Glover,bhunt@example.com,873-614-9764x613,Mitchellside,NY,USA,2023-09-14T17:38:40.832593
499,Andre,Crawford,wbean@example.net,001-317-639-0637x579,Douglasland,CT,USA,2024-08-26T06:43:18.677830
500,Jared,Mcmahon,christopherpowell@example.com,893.207.4645x20599,Hannahside,WY,USA,2024-06-08T05:08:55.160293
501,Vincent,Chung,marcfletcher@example.net,+1-311-461-6202,South Molly,DE,USA,2023-02-01T12:11:01.723487
502,Roger,Jackson,jtaylor@example.com,(404)616-4485x9592,Port Christina,VT,USA,2024-01-31T11:54:46.894081
503,Cassandra,Kennedy,sharonho@example.net,(928)370-5622,West Jacquelineborough,UT,USA,2023-04-02T12:54:14.009418
504,Stephen,Davis,ewheeler@example.com,+1-883-650-3446x9459,North Brittany,CT,USA,2025-02-28T07:16:51.251071
505,Joshua,Baker,martinezalexa@example.net,001-365-499-9497x32033,East Thomas,AL,USA,2023-12-09T23:52:02.964422
506,Paula,Williams,ecoleman@example.com,381-538-6667x5485,Lake Martha,VT,USA,2023-05-26T06:25:16.994458
507,Samuel,Alexander,gina86@example.net,(720)457-5639x836,East Scotthaven,ID,USA,2022-12-26T20:36:28.517004
508,Lance,Davis,ruth80@example.net,904-976-0440x907,South Karen,SD,USA,2025-03-22T03:20:24.862900
509,Lindsey,Johnson,salazarjennifer@example.net,001-522-216-1070x5184,Marymouth,MH,USA,2025-02-04T21:51:25.150273
510,Rebecca,Matthews,zachary66@example.net,+1-801-438-2412x70493,West Joshuastad,DE,USA,2023-12-29T20:13:57.277580
511,Ashley,Horton,fdavis@example.org,001-612-559-0203x5713,West Brian,VT,USA,2023-10-31T06:17:36.317549
512,Joshua,Cunningham,mperez@example.com,724.747.4175,Gallegosburgh,AZ,USA,2025-10-26T06:34:14.193688
513,Brenda,Moore,victoriahamilton@example.net,+1-243-358-8418x34374,South Donald,OR,USA,2023-12-09T14:44:40.052529
514,Anne,Barrett,morrisdaniel@example.com,6264755125,Paynetown,NV,USA,2025-05-25T09:16:50.808912
515,Stephen,Johnston,esimon@example.org,859-657-6403x816,Watkinsburgh,NY,USA,2023-06-21T00:25:36.341235
516,Kevin,Carlson,stephaniebradley@example.org,(450)914-2576,Lake Dylanburgh,ME,USA,2023-11-22T16:04:40.667489
517,Jack,Hodge,pdavis@example.org,+1-985-507-2517x86376,South Davidberg,MO,USA,2025-04-15T23:36:25.635155
518,Rachael,Weiss,icarlson@example.org,(279)803-9235x558,Lake Jerryfort,ID,USA,2023-02-07T04:33:38.733615
519,Kevin,Davis,bvaldez@example.org,346-770-4622x6817,Lake Michelletown,GA,USA,2023-12-05T06:28:15.783297
520,Autumn,Cruz,psmith@example.net,(760)346-4197x8575,South Amanda,MS,USA,2025-07-31T07:51:34.582644
521,Christopher,Smith,james97@example.com,7746017750,Rogersport,WI,USA,2025-06-05T06:53:11.059985
522,Amy,White,robert75@example.com,+1-409-415-0863x2181,Jordanview,MI,USA,2025-11-19T14:02:43.387804
523,Hannah,Sanchez,uwilliams@example.com,8298168154,East Stephanieview,VA,USA,2024-12-05T02:20:05.517610
524,Nicole,Copeland,ysanford@example.org,001-944-598-8305,Hillburgh,KY,USA,2024-06-22T06:42:20.549674
525,Brandon,Ross,erikanelson@example.com,306.524.4795,North Jenna,IN,USA,2023-02-28T12:41:17.406774
526,Keith,Joseph,omatthews@example.net,586-478-0555x57277,Scottton,TN,USA,2025-07-11T13:54:49.402490
527,Tammy,Welch,christopher85@example.com,857-270-2992x9596,Angelafort,IA,USA,2024-02-04T21:55:05.140692
528,Amanda,Gray,davisjeffery@example.org,001-842-626-8653,Kayleeville,TN,USA,2025-08-16T03:41:10.261832
529,Susan,Gill,wayne86@example.org,(477)347-2264x0857,Carpenterchester,MT,USA,2024-03-14T06:34:18.768272
530,Dana,Montgomery,chelseagordon@example.org,+1-296-805-9329x715,Port Robin,NH,USA,2024-01-29T02:20:55.085641
531,Nancy,Thompson,marcuscarter@example.org,997.373.9732,Monicaburgh,IA,USA,2024-05-10T03:53:07.206499
532,Sydney,Smith,flemingrichard@example.net,661.864.8198x0770,West Reginaldhaven,SC,USA,2024-12-01T12:27:27.742503
533,Roy,Martinez,melaniechang@example.net,001-912-956-5237x34151,Port Jordan,LA,USA,2025-01-13T20:53:29.345261
534,Mark,Cole,ashley90@example.org,(684)403-5954,Thomasmouth,TX,USA,2023-11-08T19:29:33.624995
535,Julia,Neal,catherinevillarreal@example.com,+1-830-939-4290x4588,West Dawn,OR,USA,2025-07-11T22:17:49.783821
536,Leon,Brooks,hwong@example.com,(576)401-5343,Charlotteville,SD,USA,2023-07-24T12:00:18.549482
537,Victor,Hudson,larsenmegan@example.net,635.306.1581,South Ashleybury,IA,USA,2023-09-27T06:57:35.382132
538,Jodi,Norris,jeremylove@example.org,6942841312,East John,WV,USA,2024-09-17T14:47:32.224116
539,Steven,Herrera,florescynthia@example.org,217.817.3189x3974,Lake Oliviaborough,OR,USA,2025-05-21T14:24:40.992775
540,Christina,Bryant,kingrichard@example.com,625.987.8444x8354,Port Sonyafort,AL,USA,2023-12-05T11:15:03.992795
541,Terri,Ruiz,haroldhodges@example.net,717-958-2313x3484,Lake Kevinborough,OK,USA,2024-12-25T21:46:03.290485
542,Mario,Lee,kfloyd@example.net,+1-625-787-9643x47452,Mariamouth,NV,USA,2023-11-23T04:58:01.524587
543,Anna,Farmer,gillrichard@example.com,(827)840-3344x505,Angelaborough,AS,USA,2023-08-13T06:20:46.527779
544,Wesley,Gates,jonesethan@example.net,297.706.7349x9601,Amandamouth,LA,USA,2023-04-21T08:46:07.054236
545,Dennis,Brady,tiffany62@example.org,001-649-638-1735,East Kelseyland,VI,USA,2025-04-29T20:00:42.661510
546,Jennifer,Edwards,rebecca73@example.org,873-875-5344x90216,Yateshaven,AR,USA,2025-09-16T01:54:34.057284
547,William,Smith,gforbes@example.com,+1-374-495-1191,New Sandraborough,WV,USA,2023-03-10T18:51:35.101500
548,Gabriella,Meyers,vhayes@example.org,+1-251-829-5786x0694,North Jeffreychester,FL,USA,2023-09-30T08:05:21.632357
549,Jeffrey,Craig,amanda39@example.com,001-292-432-3421x089,Stephaniemouth,VI,USA,2023-12-01T05:26:47.305089
550,Jerry,Clark,frank43@example.org,001-850-527-1607x36077,Port Oscar,GU,USA,2023-05-06T06:53:55.745131
551,Tanya,Hunter,martinjason@example.com,001-395-956-3318x5748,North Normanchester,MO,USA,2025-11-08T07:36:13.215388
552,Craig,Ward,mary64@example.org,001-216-470-4502x329,East Heather,WV,USA,2023-02-01T10:18:47.184556
553,Caitlyn,Clark,nathan62@example.com,(928)522-5120,Richardstad,PW,USA,2025-06-29T16:08:57.696233
554,Christy,Johnson,riverapamela@example.org,001-526-308-6982x2105,Mcneilville,NJ,USA,2024-05-12T14:17:37.982176
555,Robert,Villanueva,mtaylor@example.net,3479742585,Goodmanshire,ID,USA,2023-05-07T14:01:33.062749
556,Zachary,Trujillo,jeremiahmiller@example.org,001-664-491-3342x457,Robertberg,OR,USA,2025-03-06T14:32:57.808535
557,Melissa,Adkins,ywelch@example.org,(902)903-2650,Jacobshire,MO,USA,2024-04-29T02:04:09.504510
558,Jason,Howell,rwilson@example.net,001-385-752-4578x71584,Mayside,DC,USA,2023-04-03T08:15:00.558666
559,Theresa,Greer,piercekenneth@example.com,576-781-8268x3230,New Michelle,NC,USA,2023-02-10T04:48:26.354681
560,Amanda,Ryan,nicholasgarcia@example.org,+1-893-928-9634x0646,Morrisport,AL,USA,2023-03-12T17:51:03.289524
561,Jeanette,Barnett,sandraaustin@example.org,8628272362,East Mary,CA,USA,2023-08-25T16:10:06.789546
562,Stacy,Taylor,vmartinez@example.net,+1-923-572-4501x84819,Evansville,ND,USA,2025-03-13T17:31:07.078721
563,Shawn,Jones,nancy06@example.com,376-392-7438,Johnfort,MP,USA,2025-01-27T11:06:26.647157
564,Ryan,Brown,grimesjoshua@example.net,001-944-585-6451x0173,Wadeville,WI,USA,2025-06-13T01:22:23.194361
565,Tony,Obrien,qobrien@example.com,7918919113,Higginston,MI,USA,2024-11-28T17:37:39.422953
566,Scott,Murray,bentleylisa@example.net,001-660-739-2051x4607,Michaelbury,KY,USA,2024-04-22T09:43:53.451947
567,Brandon,Ellis,kayla23@example.net,001-685-365-2715x59835,Lake Richardfort,SC,USA,2023-07-12T17:18:28.153814
568,Patrick,Baker,zbell@example.com,(422)850-1394x884,East Clarencefurt,PR,USA,2023-10-05T06:52:35.999387
569,Jennifer,Patel,yanderson@example.org,001-249-991-5370x3824,Port Heather,IN,USA,2023-09-15T13:02:39.097782
570,Jeremiah,Wong,dustinphillips@example.org,+1-877-868-8936x289,Jasminestad,AS,USA,2025-05-17T04:09:22.038207
571,Ryan,Diaz,lukekelly@example.net,(753)389-2187,Lake Michael,UT,USA,2024-11-26T09:48:40.718693
572,Angela,Galloway,dadams@example.com,+1-777-996-1208x780,North Evelyn,CA,USA,2025-10-31T19:52:28.919428
573,Joshua,King,reevestravis@example.net,001-726-237-4845x39862,Lake Karenshire,DE,USA,2025-04-17T11:23:02.641310
574,Chad,Brown,ucross@example.org,392.820.7151,Ballardfurt,UT,USA,2024-05-23T12:35:21.586020
575,Melanie,White,michael64@example.com,924-363-3515,Andrewton,OH,USA,2023-02-23T12:20:42.126152
576,Nathaniel,Jackson,smithpaul@example.org,001-595-712-3972,Port Feliciaberg,PA,USA,2024-02-03T16:34:10.111311
577,Gregory,Alexander,williamolsen@example.com,4904814415,South Jamesberg,RI,USA,2025-09-23T18:26:08.946896
578,Sharon,Mcfarland,hbowers@example.net,+1-815-235-2373,Brianfort,AS,USA,2025-07-02T01:22:55.948737
579,Donna,Webster,abbottchristopher@example.net,689-898-8683x45273,Grahamland,NM,USA,2023-01-15T19:44:02.958760
580,Damon,Hoffman,ytorres@example.com,001-208-203-1499x82508,Paulstad,ND,USA,2023-02-16T03:51:55.518928
581,Marcia,Russo,williammaldonado@example.org,517.223.5137,South Jamieville,LA,USA,2022-12-25T21:34:40.725091
582,John,Cervantes,tracey63@example.com,(802)229-3946x9434,Colonfurt,KY,USA,2025-06-30T23:56:58.243611
583,Jake,Maxwell,carol60@example.net,001-672-831-1127x12852,Amandaport,PR,USA,2024-09-05T09:15:33.532798
584,Daniel,Wilson,stephaniepeters@example.com,228.807.7113,North Kathryn,AS,USA,2023-03-04T13:24:26.550790
585,Ryan,Wood,scotthammond@example.net,233.850.9025x42573,Hernandezport,NY,USA,2023-02-28T10:45:59.081074
586,Jack,Lee,cjohnson@example.org,298.348.2285,South Apriltown,RI,USA,2025-02-17T03:41:23.577694
587,Jennifer,Morris,thomasdale@example.org,2603906913,Lake Madisonfort,OK,USA,2024-11-26T05:11:16.910470
588,Justin,Jensen,pkent@example.net,494.857.7278x5324,Nicolestad,WA,USA,2023-01-12T15:33:01.037487
589,Linda,Thomas,ijenkins@example.org,(725)736-6677x7675,Andersonhaven,IL,USA,2023-09-16T06:16:43.866315
590,Jennifer,Carroll,rachel86@example.com,+1-543-562-7187x4960,Andreaburgh,TN,USA,2024-02-14T18:45:20.662743
591,Zachary,White,njohnson@example.com,001-824-792-6932,Sanchezberg,WV,USA,2025-10-06T02:22:03.872406
592,Leslie,Fitzpatrick,lowekristin@example.org,5006515532,West Cindymouth,OR,USA,2025-09-06T19:14:56.004302
593,Sean,Morgan,keithgarcia@example.net,(922)661-8962,North Elizabeth,FL,USA,2025-09-11T22:02:55.423594
594,Colton,Williams,ekennedy@example.org,001-309-757-9927x07955,East Dennisport,TX,USA,2024-02-24T23:59:04.098619
595,Edward,Haney,suzanneflores@example.net,759-670-9962,New Juan,NC,USA,2025-09-06T13:03:42.586528
596,Andrew,Flores,brettallen@example.com,276-250-4715x802,Oscarfort,MS,USA,2024-02-19T06:44:56.567334
597,Heather,Nelson,zrogers@example.net,(765)325-4837x44171,Port Davidville,IA,USA,2023-03-12T05:51:47.224232
598,Nathaniel,Moore,kimberlyshields@example.org,001-405-591-2975x1910,East Christopherland,AL,USA,2024-04-08T02:52:39.073313
599,Gina,Clark,hughescolleen@example.org,337.492.7490x7280,West Douglas,ND,USA,2024-09-11T05:18:43.143592
600,Jaime,Martinez,lopezmelinda@example.org,(869)649-6843,Jillhaven,AL,USA,2024-12-07T05:31:43.183313
601,Tammy,King,calvinbrown@example.com,001-609-761-7015x9591,Howardfort,MN,USA,2024-06-20T05:34:42.031963
602,Kathryn,Edwards,jeremyjackson@example.net,(867)275-6777x226,Port Levi,VI,USA,2024-11-12T09:55:05.355371
603,Reginald,Smith,edwardshah@example.org,906-872-4530,West Maria,PR,USA,2024-08-13T14:48:35.109446
604,Jeremy,Tucker,kreynolds@example.com,+1-805-911-5794x23873,West Crystalmouth,SC,USA,2023-11-26T01:12:34.420668
605,Christine,Carr,alyssapeterson@example.com,001-725-597-1075x633,Cynthiafort,WY,USA,2023-10-24T02:10:19.637999
606,Matthew,Leon,rachelsheppard@example.net,001-239-793-3797,South Karenmouth,CO,USA,2024-07-22T14:24:59.582122
607,Steven,Mccullough,carl63@example.com,001-425-607-3305x597,Toddmouth,PA,USA,2025-08-14T11:04:24.913792
608,James,Cochran,susanharper@example.org,403-688-4366x0443,North Denisechester,CO,USA,2024-01-28T14:58:13.933659
609,Kimberly,Kaiser,jgarrett@example.org,+1-475-714-7439x742,North Brianmouth,OH,USA,2024-05-26T11:25:58.662281
610,Donald,Decker,opierce@example.com,+1-256-425-9045x9908,Brownland,DC,USA,2023-06-04T18:50:15.421956
611,Alexandra,Bentley,christopherward@example.com,316-551-7680x86628,Mooreview,IN,USA,2023-09-08T20:59:21.843097
612,Deanna,Grant,dayheidi@example.com,8038322855,New Kathyfort,AK,USA,2024-12-23T10:43:33.409445
613,Heidi,Pierce,gonzalezbarry@example.org,001-870-551-9582,New Adrian,SC,USA,2025-03-15T04:48:49.889807
614,Juan,Hawkins,mmoore@example.net,853-554-6147x079,North Bobby,AS,USA,2023-04-16T15:39:34.773840
615,Sarah,Harris,marissa39@example.com,(470)739-4380x403,South Stacey,MS,USA,2025-02-16T14:11:40.022833
616,Stephen,Myers,samanthacastillo@example.net,931-891-0090x0404,North Brian,IL,USA,2024-11-27T07:00:39.525048
617,Tasha,Harmon,charles60@example.com,001-301-542-4731x07201,Kaneshire,UT,USA,2024-08-22T12:14:35.385984
618,Joseph,Warner,sbrown@example.org,816.460.0767,New Phyllisland,WI,USA,2025-08-06T23:15:40.762497
619,Jennifer,Higgins,lauriejohnson@example.com,537.200.9687,Michaelstad,NH,USA,2025-06-06T23:30:43.171479
620,Amy,Brooks,jessica82@example.com,001-856-729-6575x4278,Millerview,FM,USA,2023-05-20T12:33:27.675683
621,Sandy,Brewer,rmolina@example.org,4585295829,Millerchester,FM,USA,2023-04-22T07:05:58.049368
622,Walter,Williams,johnstonjonathan@example.net,+1-723-857-1558x68639,East Daniellemouth,FL,USA,2025-06-21T22:04:38.863846
623,Paula,Lopez,barrytanya@example.org,221.643.6438x1300,East Jacobland,CA,USA,2023-09-24T09:34:59.165796
624,Stephanie,Henderson,dorothy09@example.com,965-734-6997x99070,Anthonyfort,VI,USA,2025-05-12T21:45:55.714613
625,Karen,Carrillo,nbarker@example.com,+1-970-860-7174x81131,Johnfort,AZ,USA,2023-12-09T11:37:46.385726
626,Angela,Padilla,arobinson@example.org,9296087182,Solisside,SD,USA,2025-02-21T08:53:38.313003
627,Jon,Wilson,cthompson@example.com,(504)995-6121,Wrightfurt,WI,USA,2025-03-15T12:05:42.162525
628,Desiree,Thompson,lwilliams@example.org,997-737-1122x29907,Smithhaven,MH,USA,2025-01-18T22:19:53.865849
629,Cynthia,Rodriguez,bjohnson@example.net,001-361-211-4576x832,North Ashley,TN,USA,2023-07-24T00:49:28.633563
630,Donna,Gardner,timothy29@example.com,280-733-2426,New Kristinville,NC,USA,2024-12-19T08:36:50.074419
631,Brenda,Smith,luissanchez@example.com,337.477.3126,Port William,VI,USA,2025-04-02T00:30:58.367237
632,Tim,Fritz,knightjohn@example.com,+1-853-946-0605x6035,Lake Rebecca,NJ,USA,2024-10-24T11:02:49.968419
633,Krystal,Oneal,johnboyd@example.com,001-616-990-6181x20546,Kevinside,PA,USA,2023-12-14T02:28:45.919213
634,Kyle,Fry,shughes@example.net,001-389-699-2751x758,Sarahport,PA,USA,2024-07-05T09:05:06.393981
635,Lawrence,Bullock,ashleebailey@example.com,458.664.4963,Lake Gina,VT,USA,2024-08-06T10:29:28.072669
636,Manuel,Yates,davidsharp@example.com,+1-933-795-2753x6749,West Catherine,KS,USA,2023-05-06T01:06:44.613096
637,Nicholas,Pierce,msmith@example.com,378.994.8963x4067,Hughesville,DC,USA,2023-07-07T03:31:21.270036
638,Michael,Solis,williamschad@example.org,+1-284-221-6309,West Tiffanyview,LA,USA,2024-04-04T15:36:04.617985
639,Jerry,Montgomery,sarah53@example.org,2894532638,New Joyview,AS,USA,2024-06-05T12:11:57.639191
640,Cody,Bruce,johnlynch@example.org,841.903.4699,East Craig,CO,USA,2024-03-12T08:18:35.891036
641,Sean,Hernandez,wjefferson@example.com,2849376855,Masseyborough,MN,USA,2023-05-28T01:19:53.756267
642,Chris,Hood,zjackson@example.org,955.264.3436,Lake Heidi,NV,USA,2025-02-09T00:45:12.827146
643,Andrew,Armstrong,parker76@example.net,461.564.5345x472,Port Barry,MS,USA,2024-01-24T04:12:30.916971
644,Kathleen,Davis,christopherdominguez@example.org,818-647-2426x423,New Carl,VI,USA,2023-03-31T19:26:12.098210
645,Brett,Pena,keithharrison@example.com,(430)339-1114,Transtad,VA,USA,2023-07-04T18:10:29.453856
646,Amanda,Lopez,nguyengeorge@example.com,708.680.6220x72239,Sanchezburgh,VT,USA,2023-04-20T02:24:20.148130
647,John,Bowman,jonesnicholas@example.org,878-676-8868x7859,Jacksonfort,DC,USA,2025-05-20T14:01:48.474344
648,Jamie,Greene,meagan19@example.com,(464)650-5730x3627,Sancheztown,MH,USA,2023-08-26T12:19:23.781682
649,Scott,Tucker,xmarquez@example.org,826.803.2145x057,New Kellyhaven,OH,USA,2024-05-26T11:36:21.958362
650,Sarah,Melton,vjones@example.org,782-201-2840x0838,Powellmouth,MI,USA,2024-10-31T23:53:27.157483
651,Justin,Williams,stephensonkatherine@example.com,001-580-389-8126x57422,Hillbury,AZ,USA,2023-02-06T22:23:38.674861
652,Alexander,Anderson,ahudson@example.org,(489)943-0120x47137,North Elizabethmouth,RI,USA,2025-02-25T07:19:36.257557
653,Nathan,Harrison,barbara85@example.net,+1-758-629-8493x30674,Kaufmanfurt,AR,USA,2025-10-28T22:36:46.895786
654,Kevin,Roy,hollowayangela@example.org,872.718.8566,Christopherburgh,RI,USA,2024-05-30T22:31:10.555396
655,Sarah,Jones,sara06@example.com,(526)870-5514x37769,Atkinsonport,IA,USA,2024-10-19T17:21:45.787597
656,Frederick,Moore,brittney11@example.org,202-986-7120,North Dennis,MP,USA,2024-01-26T13:56:05.931442
657,Gina,Serrano,elizabeth10@example.org,351-609-1090x3267,Christinahaven,CA,USA,2025-06-19T03:05:47.828869
658,Justin,Brown,eric81@example.com,+1-634-806-5277x584,Romanbury,WY,USA,2025-12-03T13:13:40.144922
659,Kyle,Nguyen,stevenwarner@example.org,309-612-1722,Gwendolynshire,IA,USA,2025-02-15T03:15:02.723875
660,Ryan,Martinez,sharon37@example.net,6528635100,Port Tyler,TN,USA,2025-11-13T18:39:47.936874
661,Kristen,Huffman,uanderson@example.net,001-465-292-0246x175,East William,NM,USA,2025-11-03T09:06:15.505784
662,Rebecca,Le,ajohnson@example.net,(759)655-0178x332,Prestonshire,RI,USA,2025-09-30T23:26:52.598282
663,James,Carrillo,gibsonjennifer@example.net,587-704-5069x1767,South Joseph,MH,USA,2024-12-04T04:13:32.714141
664,Benjamin,Perez,ralph08@example.org,6378360601,New Mirandaport,WI,USA,2024-10-08T09:46:15.546317
665,Brett,Zhang,amandatran@example.org,368.752.8306,South Andrew,DC,USA,2025-10-05T21:53:03.579095
666,Jessica,Jackson,emily62@example.com,325.414.4881,Port Sharonbury,CA,USA,2025-04-21T21:43:44.237303
667,Laura,Blackburn,danielhayes@example.org,587.681.7941x51526,New Lindaland,CA,USA,2023-06-16T12:48:08.834305
668,Matthew,Boyd,timothymiddleton@example.net,(905)366-1863x239,Port Diane,PW,USA,2025-04-24T04:58:12.683346
669,Angela,Ellis,dawn30@example.org,330.495.0556x057,New Abigailville,OR,USA,2023-05-18T11:21:01.736993
670,Troy,Ferrell,david05@example.org,786-840-1042x4624,New Michaelfort,ME,USA,2025-03-09T00:52:42.991533
671,Richard,Johnson,mark12@example.net,+1-591-351-1455x129,North Joshua,MP,USA,2025-04-02T03:34:36.948706
672,Kari,Durham,cainana@example.net,001-684-284-1604x615,North Clinton,OR,USA,2022-12-25T02:23:54.350705
673,Patricia,Williams,richard14@example.org,001-283-915-2291,Lake Jean,GA,USA,2025-03-08T04:42:56.796420
674,Lynn,Fleming,veronicasmith@example.net,693-778-3063x963,South Terri,MT,USA,2025-09-13T15:06:34.595828
675,Keith,Wright,mannjonathan@example.net,401.269.3429x2913,East Julie,VA,USA,2023-03-09T19:36:17.287042
676,Ralph,Sanford,susan90@example.net,410.361.5372,Markchester,MS,USA,2024-12-12T08:32:56.127347
677,Erin,Ramos,michaelathomas@example.com,(433)277-4604x067,Lake Stephenport,IL,USA,2024-03-17T16:22:14.455644
678,Nicole,Taylor,gregory07@example.net,997-854-3734,Ethanbury,NV,USA,2025-09-07T02:54:42.380457
679,Andre,Young,jcruz@example.net,+1-321-345-8414x8460,West Johnny,IA,USA,2025-03-29T23:22:50.919887
680,Elizabeth,Hawkins,courtneymadden@example.org,(505)486-9507,Lake Kirkchester,KS,USA,2025-01-21T08:34:33.683312
681,Joseph,Gonzalez,msantiago@example.net,001-251-767-9335,Thomasbury,ND,USA,2023-12-21T01:14:29.179821
682,Jeremy,Bernard,norrisdakota@example.org,960.437.6811,Lake Jason,MN,USA,2023-04-05T20:00:54.139950
683,Jonathan,Hull,rmartinez@example.net,001-673-515-3911,South Hannahside,GA,USA,2024-12-09T22:05:04.680007
684,Heather,Smith,nmontoya@example.com,411-289-3940x65578,Lake Ashleyview,ID,USA,2023-06-27T05:53:14.075434
685,Eric,Mclaughlin,jamesclark@example.org,470-373-9201x3546,South Nicholas,GA,USA,2024-02-04T02:13:46.209754
686,Amanda,Cohen,wrodriguez@example.org,712.961.6324,Port Wendy,ND,USA,2024-12-13T10:45:05.172921
687,Jason,Cole,cherylnorton@example.com,449-230-3646x87191,Lake Isabella,PR,USA,2023-04-23T16:53:22.769745
688,Timothy,Blankenship,brianwhite@example.org,(330)789-8138,West Joseside,DC,USA,2025-06-15T02:00:15.135089
689,Bradley,Henry,donaldtyler@example.net,+1-618-729-7168x1572,North Kathytown,WI,USA,2024-12-18T05:33:09.117077
690,Andrew,Pacheco,millerfrederick@example.net,+1-491-713-7178x5090,Nicholasville,WY,USA,2025-09-17T11:29:09.909401
691,Debbie,Goodwin,erik82@example.net,+1-798-874-7812x24890,Williamschester,NH,USA,2023-01-18T11:18:00.110552
692,Carol,Smith,nina65@example.net,615-584-8266x91362,Miketon,MN,USA,2023-11-25T12:26:26.987541
693,George,Ray,tranbenjamin@example.com,7632369987,East Caleb,KY,USA,2025-05-17T11:12:51.342335
694,Sarah,Grimes,mary18@example.net,001-304-842-8773x8363,Johnland,FL,USA,2025-01-22T00:49:02.516333
695,Christine,Phillips,aimeebrewer@example.net,001-346-642-0362x5863,Christopherton,GU,USA,2024-02-21T05:44:28.120876
696,Sonia,Welch,michaelchristensen@example.com,5262355824,South Nicholaschester,WY,USA,2023-10-23T06:36:53.427164
697,Kelly,Johnston,ingramjessica@example.com,288.782.4527,West Gloriaton,PR,USA,2023-11-04T23:21:49.173063
698,James,Robinson,james84@example.net,216-532-1119x78718,New Christopher,TX,USA,2023-07-25T15:33:47.959795
699,Jay,Sullivan,yvonne06@example.org,001-211-298-7561x7868,East Lori,AS,USA,2023-01-21T22:03:14.807095
700,Daniel,Osborne,dunnmary@example.net,3368577449,New Erinfurt,MN,USA,2024-10-18T19:32:00.135094
701,Michael,Blackwell,collinschad@example.org,494.818.4336x87509,East Lisa,GA,USA,2025-10-17T10:28:59.923453
702,Catherine,Wagner,allenjoshua@example.com,(511)940-4288x60505,Pattersonton,NC,USA,2025-01-18T19:01:28.104638
703,Darren,Anderson,mcmillansherry@example.org,335.466.9106x27153,West Priscilla,MI,USA,2023-02-15T17:47:19.466048
704,Russell,Pierce,farmstrong@example.net,268.929.3844x0134,West Kenneth,NJ,USA,2025-07-23T03:08:23.304595
705,Roberta,Doyle,ricklewis@example.net,(391)601-5709x085,Audreytown,VT,USA,2025-12-15T08:18:50.660665
706,Victoria,Aguilar,richardharper@example.net,+1-669-496-4899x718,Bethshire,IA,USA,2023-05-30T16:52:07.979437
707,Annette,Phillips,ashley32@example.org,223-842-6698,New Thomasfurt,SC,USA,2023-04-28T16:35:20.254529
708,Kathryn,Compton,maygordon@example.org,283-689-3595x3828,West Susanville,FL,USA,2025-09-04T07:38:32.821296
709,Ashley,Hamilton,dunnmelinda@example.org,(895)382-6418x6965,North Anna,AS,USA,2024-03-31T10:23:14.429326
710,Emily,Jennings,katieaguirre@example.com,001-551-643-4682,Connieton,PR,USA,2023-01-21T23:31:25.091032
711,Susan,Mendoza,aaroncontreras@example.net,(796)261-0168x31139,North Nicholaston,RI,USA,2024-11-30T01:05:53.472847
712,Christopher,Soto,hodgemanuel@example.com,(928)939-7620x53440,Georgefurt,GA,USA,2023-02-22T10:59:20.945801
713,Sherri,Mcclure,ahines@example.net,(892)250-8177,New Holly,PA,USA,2023-03-03T21:27:51.344100
714,Kimberly,Johnson,carlos33@example.org,331.925.5235x617,East Melissaburgh,TX,USA,2023-04-11T02:15:06.368776
715,Carrie,Smith,robinsonrobert@example.net,+1-652-677-8956x13371,Brittanyburgh,VI,USA,2024-09-14T21:59:52.821456
716,Brandon,Lin,william16@example.com,903-473-4167x8127,North Alexis,GA,USA,2024-11-19T22:33:55.479411
717,Natalie,Shannon,curtislee@example.net,(429)785-7973x63831,Johnsonbury,OK,USA,2025-03-21T19:03:12.100939
718,Susan,Johnson,hpowell@example.com,406.373.6820x5068,East Jeffrey,MI,USA,2023-12-14T23:35:30.521427
719,Erik,Gay,alexis58@example.com,446-792-1821,Novakton,OH,USA,2024-09-27T20:59:40.588825
720,Kendra,Adams,ihanson@example.com,+1-802-620-5093,Deborahport,FM,USA,2024-10-14T06:31:52.848171
721,Meghan,Lynch,hollandjustin@example.com,+1-888-970-7152x3867,New Kayla,TN,USA,2023-07-13T08:16:05.191686
722,Sarah,Hayes,ndeleon@example.org,001-977-498-7682x9968,West Zachary,ID,USA,2024-06-13T21:22:32.665859
723,Kara,Gibbs,erin06@example.net,(735)904-0566,North Emilyburgh,KY,USA,2025-09-01T14:22:44.816114
724,Gregory,Francis,joseph28@example.com,696.832.5942x328,Port Shelia,ND,USA,2025-11-07T02:49:58.533247
725,Sandra,Michael,richard41@example.net,+1-552-585-7256x29269,Alyssastad,CT,USA,2023-08-22T15:48:50.159259
726,Victoria,Wagner,bwood@example.net,284.568.5095x7443,Courtneyville,FM,USA,2024-12-29T18:50:46.439854
727,William,Ray,sloancarol@example.org,7385593401,Parkermouth,LA,USA,2024-04-30T19:25:29.507035
728,Mark,Murphy,robinsonglenn@example.net,267.281.3675,Stephanieberg,UT,USA,2025-07-24T16:37:02.256089
729,Leah,Campbell,johnsonmichael@example.com,(698)719-8780x9270,East Megan,NC,USA,2024-08-22T21:42:36.802807
730,Katie,Morales,savannahgrant@example.com,(705)798-6787x44227,Ambermouth,VA,USA,2024-09-25T08:12:31.225453
731,Tamara,Hogan,kristin94@example.org,624.791.1650x20002,New Deborah,IN,USA,2023-03-10T10:02:23.290229
732,Joel,Day,lloydmiranda@example.org,405.357.0836,Kevinhaven,NC,USA,2024-10-26T15:58:41.451217
733,Paul,Harvey,sthomas@example.org,(377)546-2025x82543,Lake Amy,GU,USA,2023-04-15T16:49:20.815859
734,Dennis,Huff,jamesthomas@example.net,5498106018,Tracyborough,VT,USA,2024-08-17T08:40:37.214262
735,Michael,Patel,tpowell@example.org,+1-872-425-7754x58472,West Douglasland,NY,USA,2025-06-02T13:06:28.628119
736,Melissa,Harmon,jyoder@example.org,001-516-908-2717x2173,New Diana,HI,USA,2025-11-02T23:19:55.257842
737,Sara,Nguyen,ericmoses@example.net,562.416.5914,East Mark,MN,USA,2025-01-28T10:01:03.696519
738,John,Lane,lukecase@example.com,(617)977-3264x30954,East Patriciashire,NV,USA,2022-12-23T15:39:00.231330
739,Ashley,Alexander,brianwright@example.net,487.413.7529x883,Port Emmaville,DC,USA,2025-05-07T20:50:51.584239
740,Randy,Gibbs,kelleyglen@example.org,787-797-8889x753,East Dana,MO,USA,2025-09-28T11:36:16.354527
741,Lauren,Nielsen,harrisjoshua@example.com,761.499.5171,Port Jessica,MH,USA,2025-10-03T02:58:02.628209
742,Clayton,Maxwell,kimberlyblair@example.net,001-250-814-3748x3093,Millershire,NM,USA,2023-04-01T12:44:48.175986
743,Tammy,Thomas,schultzjessica@example.org,321.376.7201,South Richardberg,PW,USA,2023-07-06T17:03:46.209085
744,David,Griffith,vtaylor@example.net,001-787-533-9304x9366,Lake Haroldport,WI,USA,2024-07-13T13:39:07.407596
745,Edward,Glover,craigmitchell@example.net,+1-268-525-0952x29462,Virginiastad,VA,USA,2024-02-10T14:57:38.636115
746,Krystal,Cochran,trujillojason@example.net,001-995-329-7013,West James,MI,USA,2024-08-14T00:26:36.400528
747,Amber,Hughes,jasonjohnson@example.org,001-920-627-0615x9273,East Carolton,NV,USA,2025-02-15T08:31:24.513551
748,Tamara,Reynolds,gutierrezdavid@example.com,715.854.2034x03010,Elliottmouth,MN,USA,2024-03-28T09:41:02.207414
749,Kristin,Dean,scott55@example.com,(223)347-1247x60108,North Jaredchester,OH,USA,2023-08-29T13:24:54.702715
750,Shannon,Hill,burnsrodney@example.org,+1-208-315-7129,Janetmouth,CO,USA,2023-07-22T21:42:15.815962
751,Brad,Chavez,brianmarquez@example.com,804-458-4743,Lake Jamestown,OK,USA,2024-04-10T10:48:16.707239
752,Michael,Villarreal,sean69@example.com,603.818.0533x9627,Kimberg,CO,USA,2024-01-11T18:02:50.320591
753,Caleb,Allen,hollyalvarez@example.org,2463661459,North Sergiofort,TN,USA,2024-05-15T19:13:16.756618
754,Robin,Johnson,brenda88@example.org,001-294-690-5315x204,Noblefurt,WY,USA,2024-10-14T19:58:54.419092
755,Veronica,Fowler,gonzalezbrittany@example.net,366-498-4166,South Justin,AR,USA,2024-06-04T03:42:15.216213
756,Ashley,Wright,kathleenkim@example.org,001-489-894-9919x7014,North Jason,AR,USA,2024-07-07T15:04:56.239056
757,Lori,Fernandez,danieljenkins@example.org,+1-904-418-1359x98989,North Theresatown,VA,USA,2025-06-24T00:51:27.325244
758,William,Matthews,sarah80@example.org,+1-764-548-2217,Comptonstad,NV,USA,2025-10-07T11:21:27.919952
759,Amber,Brown,greenbrandon@example.com,971-623-6914x96112,New Ellen,OH,USA,2025-09-06T00:44:53.289774
760,Edward,Barber,qlane@example.com,+1-804-209-5314x19615,Lambury,HI,USA,2024-06-06T21:03:47.890304
761,Emily,Stokes,mathewbennett@example.org,001-579-662-4096x49668,Johnsonmouth,NY,USA,2023-11-28T00:03:53.085474
762,Calvin,Smith,curtis22@example.com,001-536-648-8208,Patelhaven,IN,USA,2024-10-23T13:36:03.344744
763,Nicole,Taylor,randall28@example.com,+1-591-760-9114x131,Port Morgan,VT,USA,2024-03-11T01:56:00.424502
764,Jesse,Alvarez,vkline@example.org,204.458.8165,Rebeccaview,WV,USA,2023-11-16T17:03:28.650194
765,Duane,Martinez,pattersondebra@example.org,001-444-609-6617x718,New Ambertown,VI,USA,2024-03-03T18:24:09.262414
766,Martha,Thomas,christopher46@example.net,835-592-6648,Hortonside,NV,USA,2023-11-27T03:36:30.364488
767,William,Bradley,murphybrianna@example.com,+1-701-319-2920x75360,South Christianton,IN,USA,2025-06-19T22:04:41.227397
768,Amanda,Wise,uclark@example.org,(221)689-4559x06700,West Alyssa,OR,USA,2023-09-20T21:00:25.627288
769,Brandon,Knapp,rfleming@example.net,+1-696-467-6056,Port Krystalport,MD,USA,2024-03-28T20:14:36.919019
770,Michael,Avila,amanda09@example.com,853-438-9062x3546,Port Robert,UT,USA,2023-11-02T13:52:58.274335
771,Daniel,Chen,jeremy00@example.net,+1-862-421-2242x76774,Christinafurt,AK,USA,2023-04-13T06:50:22.481637
772,Gregory,Fletcher,davisrenee@example.net,888-960-0801x798,Freyberg,ID,USA,2025-08-05T01:03:23.335333
773,Gerald,Larson,scott04@example.com,(264)526-1212,Jeremyfort,MA,USA,2023-08-27T12:06:29.169904
774,Michael,Chapman,idelacruz@example.org,585.725.4824x218,Michaelview,AR,USA,2023-01-24T03:37:47.347606
775,Shirley,Scott,justin75@example.net,(931)312-3274,Gonzalesfurt,WV,USA,2023-08-03T17:33:43.377511
776,Elizabeth,Newman,tracyjohnson@example.net,+1-362-817-5080,Port Bobby,MA,USA,2025-02-10T21:09:25.026187
777,James,Hughes,markgardner@example.org,993-953-4001x816,Willieland,MP,USA,2024-03-30T08:54:04.344535
778,Vanessa,Ramirez,sabrina54@example.com,(208)738-5179x93781,Lake Caitlin,FL,USA,2024-07-30T16:53:35.301082
779,Susan,Hunt,morgan69@example.net,001-769-988-2904,Port Timothy,KY,USA,2025-06-27T19:59:16.615726
780,Erin,King,benjamindavis@example.net,+1-486-542-4238x397,New Laura,FL,USA,2025-11-23T21:28:34.245232
781,Tricia,Keller,kjohnson@example.net,428.380.9832,Port Darylburgh,IN,USA,2023-07-01T06:09:33.923013
782,Aaron,Brown,ymurray@example.org,3086987610,West Patrick,CO,USA,2023-11-02T02:39:56.400442
783,Samantha,Young,sarah31@example.net,207.246.8235x46951,Lake Kendra,AK,USA,2024-05-04T11:58:35.582415
784,Karen,Moon,woodlisa@example.com,001-396-371-5006x6664,Lake Phillipstad,ME,USA,2025-07-28T05:56:57.852184
785,Jenna,Padilla,valeriesmith@example.com,+1-251-269-9497,Kendraborough,NE,USA,2024-03-24T13:40:38.295268
786,James,Spencer,kferguson@example.net,+1-362-969-7083x868,Harringtonland,MN,USA,2023-01-23T06:34:29.024229
787,Leah,Patterson,shawn19@example.com,(409)832-0126x5789,West Tiffanyside,PR,USA,2022-12-27T02:39:05.805209
788,Sherry,Merritt,sarah17@example.com,485-317-7741x27469,New Emilyside,FL,USA,2023-10-23T20:54:01.923017
789,Charlotte,Vargas,ryanthompson@example.org,+1-375-789-1704x542,Nathanton,MD,USA,2024-04-10T11:22:18.406034
790,William,Smith,davidkane@example.com,6902016356,Jacksonberg,KY,USA,2025-07-06T11:01:01.477694
791,Theodore,Thompson,samanthacarr@example.net,300-417-8822x473,Jonesside,WY,USA,2025-04-15T01:44:32.355907
792,Adam,Jones,sherry01@example.org,001-450-892-7115,Lake Nicolestad,IN,USA,2025-10-23T08:35:50.423215
793,Michelle,Alexander,jamesjohnson@example.org,(595)400-7418x94854,Gutierrezside,OK,USA,2023-08-11T11:11:03.472226
794,Meredith,Cooper,joshua71@example.com,001-619-782-7348x1310,East Michaelside,TN,USA,2024-10-19T22:39:08.490283
795,Jeffrey,White,nstafford@example.net,(874)283-5268x064,Westshire,OH,USA,2023-08-17T16:50:17.543310
796,Jennifer,King,sarah83@example.net,925-936-4628x0550,Janetfurt,MN,USA,2024-04-25T16:03:43.008539
797,Matthew,Miller,kmoore@example.org,001-309-508-5510x7409,North Wendymouth,WI,USA,2024-06-28T19:06:12.802016
798,Paul,Burke,thomaslinda@example.net,360.422.0695x354,North Elizabethburgh,NV,USA,2025-09-03T01:53:05.001135
799,Kristen,Mccullough,monica00@example.org,(201)951-5325x94795,Bradleyfort,CT,USA,2025-04-06T21:59:05.096562
800,Janet,Richard,dlarson@example.com,001-695-203-1006x493,Lake Phyllis,DE,USA,2022-12-23T23:57:46.800836
801,Michael,Pace,rosshunter@example.net,001-741-718-4913x59928,West Gina,MA,USA,2023-05-30T05:43:14.887313
802,Michael,Jones,russelltommy@example.net,8069968018,Bakerbury,NJ,USA,2024-06-21T14:41:03.251922
803,Heather,Martinez,eileenhudson@example.com,295-530-0677x6255,Lake Michael,AL,USA,2023-03-10T13:28:05.141643
804,Jason,Gray,david62@example.com,478-542-9029,West Mark,CT,USA,2023-03-07T03:02:18.546517
805,Jo,Johnson,daypatricia@example.net,5532088684,North Christopher,MO,USA,2024-04-20T06:50:29.487663
806,Laura,Jensen,campbellerika@example.com,498-887-5921x29964,East Stephaniebury,MT,USA,2024-12-24T23:23:40.764150
807,Nicole,Salinas,stephengomez@example.org,347-370-9207,Meaganbury,VT,USA,2025-03-23T14:47:19.250763
808,Adam,Lopez,coreypope@example.net,+1-321-358-1897x05916,Lewisstad,MA,USA,2024-08-14T14:43:32.196692
809,Christopher,Chapman,ashley77@example.org,001-516-388-0053x789,Franklinberg,NY,USA,2025-09-11T07:03:37.807775
810,Timothy,Jackson,martin40@example.net,582-627-2002,Lake Sara,IN,USA,2023-05-17T22:12:04.554371
811,Sonia,Brown,ramireztony@example.com,+1-232-481-1659x9302,Lake Jaredton,KY,USA,2025-10-12T12:15:48.095445
812,Heather,Robinson,davidgonzales@example.com,(813)753-0281,South Jonborough,AL,USA,2025-01-06T04:29:24.388291
813,Mallory,Cooper,sarahgonzales@example.com,(369)819-8321x029,South Kennethton,VI,USA,2025-10-21T01:00:15.924191
814,Brandi,Sosa,davidglover@example.com,384.519.6622,South Tommyhaven,AR,USA,2024-01-26T17:14:07.326279
815,Angela,Richardson,zskinner@example.com,001-606-636-2198x65504,Dianamouth,NE,USA,2024-02-22T16:46:23.420561
816,James,Torres,jenniferbradley@example.com,8494627322,Maciasville,CO,USA,2023-11-09T12:16:22.319335
817,Dylan,Robinson,vwade@example.com,+1-385-842-1880x8799,Lake John,ME,USA,2025-09-10T00:09:40.362168
818,Jennifer,Barrett,mbaker@example.net,532-247-2505x83334,North Christian,MP,USA,2024-01-25T13:40:19.279653
819,Elizabeth,Porter,brooksjennifer@example.com,769.547.5769x453,Woodfort,PR,USA,2023-10-13T11:41:52.111395
820,Paul,Chandler,erivers@example.com,242.712.5450,Williammouth,HI,USA,2025-04-01T21:52:52.375331
821,Caitlin,Morris,barbara64@example.com,(313)607-4235,South David,GU,USA,2023-10-29T23:45:12.928704
822,Whitney,Mckay,johnmerritt@example.com,545-943-0796,North Susan,TX,USA,2025-09-05T20:56:33.677397
823,Anthony,Brewer,simpsonalyssa@example.com,(621)715-8718,East Michael,TN,USA,2023-10-22T19:22:22.586682
824,Paula,Hamilton,rgreen@example.net,+1-970-917-3208x65237,New Russell,TX,USA,2023-12-10T15:00:45.892644
825,Jacob,Mcdonald,ramirezbryan@example.org,001-952-478-1055x80002,North Kyle,MD,USA,2024-05-11T03:37:03.853539
826,Melanie,Lee,tjohnson@example.org,001-513-368-1720,South Cindy,MI,USA,2025-02-04T18:39:28.217279
827,April,Myers,burkejacob@example.net,+1-973-552-5953x3222,New Carrie,HI,USA,2022-12-22T06:24:45.770354
828,Michael,Wells,kimberlyperez@example.org,(461)885-0761x08708,Frenchville,WV,USA,2024-06-26T18:36:41.189535
829,Eric,Nash,ajohnson@example.com,426-315-8388,Wadechester,VT,USA,2025-04-03T16:39:59.124724
830,Amanda,Scott,umendoza@example.com,001-642-423-3222x80194,Annshire,FL,USA,2025-02-13T17:26:37.275610
831,Elizabeth,Jennings,gregorymullen@example.com,5629953506,North Melissa,DE,USA,2024-07-25T03:52:31.429526
832,Joseph,Sutton,phill@example.org,453.884.1852x0136,New Kristenfurt,IN,USA,2024-09-06T06:21:21.574648
833,Jennifer,Sandoval,ubrown@example.com,305.354.9121x5164,Markview,AK,USA,2024-09-04T19:14:44.695270
834,Ellen,Johnston,nvargas@example.net,478-275-2070x20426,New Michellefort,CT,USA,2023-05-18T16:12:51.476354
835,Dorothy,Hernandez,everettashley@example.net,(496)878-9760x98731,Barrybury,CO,USA,2025-05-12T23:17:39.699071
836,Traci,Lopez,rpearson@example.org,659.588.9786x533,New Christopherfurt,MA,USA,2023-11-24T00:41:06.170991
837,Anthony,Hunt,hunter12@example.org,(619)615-0576,Marshport,NJ,USA,2022-12-28T06:05:15.652398
838,Brendan,Taylor,tfoster@example.net,+1-767-864-9797x41636,West Michaelaton,AK,USA,2024-03-10T08:13:24.818931
839,Michael,Hale,lgonzalez@example.net,(849)569-2771x1952,Jamiestad,OR,USA,2024-05-14T06:13:18.551614
840,Alan,Richardson,martinevan@example.com,+1-836-743-1594x89895,Robertchester,IA,USA,2023-11-12T19:40:28.837055
841,Mark,Green,julie44@example.org,991-669-9939x3449,New Nicole,FM,USA,2024-03-13T20:41:07.665636
842,Andre,Blake,dustinwilliams@example.com,362.297.3988x94132,Andersonburgh,DE,USA,2025-07-20T11:41:59.243355
843,Kathleen,Mendoza,rachel85@example.org,665-857-9220x3004,Patrickland,FL,USA,2025-02-20T11:57:00.533520
844,Jeffrey,Brown,thomasjo@example.com,821-537-5658,Brandifort,AL,USA,2024-08-20T05:52:17.550096
845,Russell,Drake,sherylgreen@example.com,+1-343-545-6631,Brandonborough,LA,USA,2025-08-22T04:04:58.697514
846,James,Russell,arthurwright@example.com,842.846.3104x379,North Andreamouth,VT,USA,2025-02-03T07:23:45.143087
847,Donald,Dalton,dmullins@example.org,+1-217-474-1743x0435,New Laura,MP,USA,2024-01-26T09:52:38.363448
848,Brandon,Martin,robert52@example.com,001-752-833-2829x30202,East Jamestown,IN,USA,2023-01-13T18:37:18.117619
849,James,Ortiz,sjones@example.org,+1-267-450-7627x99553,Darleneborough,AR,USA,2023-03-16T10:30:36.574482
850,Rebecca,Kent,lisa23@example.org,242.302.8471,Robbinsburgh,TN,USA,2025-05-12T01:41:57.320384
851,Kelly,Ibarra,gonzalesnatasha@example.com,487-617-7546x199,South Michaelside,IN,USA,2024-07-30T21:56:38.055565
852,Samantha,Moore,vfuller@example.net,822-659-0956,Robinberg,IA,USA,2024-06-04T15:26:35.274388
853,Courtney,Hayes,bauercory@example.org,801-287-8035,South Melissafort,LA,USA,2025-01-18T16:23:05.613909
854,Lauren,Cantu,michaelmatthews@example.net,+1-945-829-5171x222,Johnside,NH,USA,2023-07-07T21:29:17.479569
855,Andrew,Vincent,drewbennett@example.com,+1-954-296-3308x33444,Waynehaven,NM,USA,2024-06-29T23:05:19.533660
856,Betty,Rivera,steven20@example.com,+1-468-851-9537x749,Waltersborough,GA,USA,2025-10-24T01:01:00.040374
857,Carla,Stewart,josephchavez@example.com,352.425.9206x1658,North Destiny,OK,USA,2025-02-22T05:50:53.786956
858,Eric,Watkins,jonessandra@example.com,802.595.5963,Barnettberg,SD,USA,2024-03-12T10:10:31.128551
859,Margaret,Sharp,bradbennett@example.com,+1-249-680-8513x31380,Lake Melissa,CA,USA,2025-06-05T00:22:59.585172
860,Christopher,Jefferson,herringgerald@example.org,(848)615-8268x687,North Kathrynville,NC,USA,2023-12-13T16:43:09.249659
861,Angela,Brown,vanessa20@example.org,(829)687-7873x5856,Curryville,PA,USA,2024-04-10T17:20:04.928524
862,David,Phillips,danielthomas@example.com,(621)432-0410,Amandaville,LA,USA,2025-03-02T14:00:05.266590
863,Sharon,Stark,davismichelle@example.com,(369)499-9498,North Jill,AK,USA,2023-02-21T04:14:57.135929
864,Nancy,Henderson,mclaughlinjulie@example.net,8005532853,North Marcton,MD,USA,2025-05-25T19:35:00.520579
865,Joseph,Mercado,andreasmith@example.com,+1-926-892-9900,Martinmouth,WV,USA,2024-04-11T14:27:35.699142
866,John,Perez,nicolemason@example.com,+1-333-576-1851x86267,Arnoldville,AL,USA,2025-11-21T00:05:34.968478
867,James,Beck,jamesperez@example.net,(318)983-5279,Jeanettetown,MO,USA,2025-10-29T13:31:37.495724
868,Timothy,Cruz,hendersoncrystal@example.com,001-420-988-1431,Huberville,NH,USA,2025-09-21T19:40:21.537078
869,Heather,Gomez,iriley@example.net,884.757.2026,Fergusonburgh,RI,USA,2025-07-30T20:22:33.203859
870,Bailey,Davis,shane49@example.net,001-292-955-3946,Oliviashire,VI,USA,2024-10-16T17:13:49.953620
871,Sean,Burton,kathyjenkins@example.net,617-999-6708x0897,Angieshire,LA,USA,2024-03-09T03:52:35.795737
872,Charles,Hicks,daniel73@example.com,285.636.9881x649,Leslieburgh,TN,USA,2024-11-20T23:28:33.724027
873,Linda,Liu,tammie10@example.org,(627)606-6489x0082,Abigailbury,AL,USA,2024-08-21T05:39:47.915339
874,Amber,Peters,riverakevin@example.net,+1-839-597-4185,East Saramouth,WY,USA,2024-01-30T17:37:42.685831
875,Alexander,Smith,frazierjennifer@example.net,(519)995-3056x4184,Ryanshire,AR,USA,2024-06-23T11:23:00.991200
876,Timothy,Le,valdezalyssa@example.org,(400)213-6510x34444,Webbmouth,NE,USA,2024-08-23T19:18:27.346881
877,Sarah,Cardenas,fred06@example.org,001-421-355-9967x25622,West Joeport,NV,USA,2025-05-07T18:04:29.968254
878,Jonathan,Parker,storres@example.net,959-339-6521x38350,West Mason,MI,USA,2023-08-16T18:00:40.346423
879,Gabriel,Poole,smithjohn@example.org,+1-521-717-3277x26488,Jennifermouth,OH,USA,2023-12-11T12:19:08.796219
880,Henry,Barnett,erinreed@example.net,216-218-5759x17105,Kyleland,KS,USA,2024-04-24T20:22:15.416126
881,Kyle,Ruiz,danielle52@example.com,684.617.1594x973,North Mathew,NM,USA,2024-07-02T02:54:30.636190
882,Anthony,Lee,robertrusso@example.org,001-433-389-2608x788,Laurafort,ND,USA,2024-05-24T09:53:50.339438
883,Alec,Wilcox,rwhite@example.org,321-774-6535x37801,Jenningsborough,LA,USA,2023-10-22T15:35:26.640463
884,Patrick,Miller,yramos@example.org,001-669-814-3362,Greenmouth,AR,USA,2024-10-18T15:33:22.131468
885,Barbara,Tyler,rodriguezamanda@example.net,673-690-8352x11896,Lake Kenneth,KY,USA,2025-03-06T06:58:55.154457
886,Xavier,Black,caguilar@example.org,+1-357-259-5828,East Charles,WA,USA,2024-09-20T09:29:47.945522
887,Jessica,Lynch,wilkinskevin@example.net,697.617.0598,Lisaview,WY,USA,2025-09-30T07:19:03.125813
888,Ronald,Hodges,alexandramyers@example.net,812-330-3885,New Johnfort,MP,USA,2024-08-02T01:09:42.521056
889,Joshua,Hendricks,clayandrew@example.net,+1-592-517-7905x52866,Christophermouth,WA,USA,2024-06-25T14:22:22.012189
890,Karen,Webster,awoodward@example.net,432-960-1193x91038,Dennismouth,MI,USA,2023-05-02T13:50:12.857662
891,Jennifer,Williams,vaughnmark@example.net,581-904-5024,South Chad,MA,USA,2025-10-07T15:32:40.279938
892,Laura,Schmidt,nicholasmorales@example.com,735-589-6933,Lake Adrianmouth,ND,USA,2023-12-08T06:17:52.730656
893,Morgan,Potter,odavis@example.com,731.356.6397x925,South Kellyfurt,TX,USA,2024-10-22T20:52:40.482039
894,Donna,Massey,thomaswhite@example.org,(689)466-6053,South Lindsayview,CA,USA,2025-06-02T21:50:39.340868
895,Felicia,Jones,hansonheather@example.com,+1-235-484-6405x1038,Bairdtown,KS,USA,2023-05-26T01:50:36.994261
896,Robert,Henderson,bakerjonathon@example.com,218.893.9530x969,Moralestown,OK,USA,2023-06-29T00:48:32.091101
897,William,Gallagher,sheena87@example.com,851-335-8727x17430,Port Patrickview,WI,USA,2025-02-17T13:10:44.002264
898,Maria,Harris,brittanywolf@example.org,973.287.7583x33647,Clintontown,PA,USA,2023-01-03T08:31:46.803377
899,Robin,Mcmahon,james60@example.org,+1-326-425-4204,North Cheryl,VA,USA,2024-12-04T12:35:33.545868
900,Shannon,Anderson,katherine10@example.org,001-379-241-9324x538,Kleinport,CT,USA,2025-10-31T20:19:41.740426
901,Sandra,Thomas,amy70@example.net,001-987-626-4963x2251,East Keith,KS,USA,2025-06-19T18:20:10.698430
902,Heather,Nunez,robertrodriguez@example.net,5032468616,Smithside,MO,USA,2024-04-25T07:15:24.721360
903,Denise,Brown,kimberlyjohnson@example.com,001-736-962-1953x68900,Jacobstown,AR,USA,2023-04-04T15:42:22.255300
904,John,Cook,johnsonsteven@example.net,213.907.2211x386,Lake Peterberg,HI,USA,2023-05-01T03:19:38.347067
905,Linda,King,julia17@example.org,001-528-817-0744,East Mandyport,LA,USA,2025-07-16T13:13:15.710260
906,Sarah,Anderson,douglas60@example.org,823-294-1209x44772,Lake Ian,SD,USA,2024-11-05T02:10:13.267209
907,Leslie,Walker,thomasmiller@example.com,+1-848-202-4559x851,North Daniel,TN,USA,2023-04-20T17:14:06.956286
908,Stephanie,Herrera,jacksonrussell@example.com,001-849-286-4786x86237,New Aliciaport,NH,USA,2023-09-30T07:10:03.793837
909,William,Hall,daviladaniel@example.org,549.892.1640x0698,Port James,MD,USA,2025-11-28T03:01:23.508096
910,Joshua,Adams,cnelson@example.net,(413)498-6546,East Cameronburgh,ID,USA,2025-03-14T08:28:15.089522
911,Travis,Mcmillan,michellehoward@example.com,8335000088,Juliafurt,NH,USA,2023-09-08T21:10:54.873781
912,Daniel,Smith,martinezdavid@example.org,5919692327,Singhton,MS,USA,2022-12-30T11:10:28.166983
913,Laura,Rogers,bendermichelle@example.net,(874)363-0009x98433,Lake Marymouth,CO,USA,2025-10-04T06:06:00.793191
914,Alexandra,Miller,batesangela@example.com,001-345-782-9420x340,West Kathryn,KY,USA,2024-03-17T02:23:46.425932
915,Anthony,Morris,justin46@example.com,420.410.8240x281,New Sean,WI,USA,2023-11-02T08:30:20.642724
916,Aaron,Woodward,htaylor@example.com,717.945.2735x36423,North Kennethburgh,RI,USA,2023-04-03T11:20:45.597149
917,Kelsey,Clements,daniel16@example.org,+1-425-559-0461x0079,West Ronaldtown,AR,USA,2023-03-24T02:53:02.589404
918,Anna,Boyd,fmiller@example.net,001-723-229-6151x2048,Mosschester,WV,USA,2023-12-11T22:16:01.468655
919,Stephanie,Ingram,larry04@example.net,(327)763-4601,North Michael,VA,USA,2025-03-14T09:33:31.937619
920,Connie,Harris,travis24@example.org,(986)417-6822x512,Chaveztown,NY,USA,2024-02-23T05:05:24.324783
921,Robert,Lamb,sarah62@example.org,919-376-8784x947,New Brian,IL,USA,2024-01-20T22:12:18.447424
922,Benjamin,Proctor,drakekevin@example.net,442.323.5434x0466,North Matthew,SC,USA,2024-04-07T23:02:42.502739
923,Johnny,Rodgers,frank49@example.org,5643411197,South John,PR,USA,2024-12-22T09:41:30.186718
924,Jesus,Perez,vincent82@example.net,888-649-6806,West Melanieville,AZ,USA,2023-07-07T20:21:20.516946
925,Eugene,Humphrey,james41@example.net,(830)216-0498,South Douglas,VT,USA,2025-02-27T13:28:11.889851
926,Monica,Cruz,harrisbryan@example.net,319.378.9990,Antoniotown,IL,USA,2023-11-12T00:39:34.774556
927,Sharon,Li,danielvaughn@example.net,797-286-0162,Coreyport,PR,USA,2025-11-26T12:30:19.428000
928,Steven,Warren,samantha11@example.org,953.258.2107x288,Taylormouth,PA,USA,2025-04-01T22:48:03.037075
929,Jennifer,Mcdonald,brodriguez@example.net,001-981-997-2239x964,New Jamesmouth,MP,USA,2023-08-26T02:09:38.181890
930,Seth,Barnes,yoderadam@example.com,+1-408-655-7800,Jamesberg,IL,USA,2025-08-06T22:17:30.781238
931,Tamara,Martin,myersbenjamin@example.com,+1-368-857-4670x675,East Belindastad,UT,USA,2025-03-19T22:15:29.435248
932,Natalie,Thomas,brian16@example.com,(261)607-0335,West Melinda,UT,USA,2025-03-19T08:50:27.735896
933,Daniel,Medina,beckyroberts@example.com,413.300.4169x10530,Rhondafurt,NJ,USA,2025-02-16T06:59:08.885030
934,Kathryn,Klein,zwolfe@example.net,239.753.4811,Port Davidview,PW,USA,2024-06-19T02:35:49.347087
935,Jordan,Chaney,zwagner@example.net,(715)373-8551x28177,East Brittany,WV,USA,2024-08-28T08:44:03.222407
936,William,Peterson,eric09@example.com,(636)802-4465,Mcdonaldton,MI,USA,2023-03-01T13:17:11.614193
937,Cristian,Murray,serranosteven@example.com,(247)483-7031x7543,Phillipsland,MP,USA,2023-11-16T07:13:16.658515
938,Melanie,Thornton,patrickmartin@example.org,846-686-2728x84076,North Sean,MH,USA,2024-02-07T01:31:46.336201
939,Jamie,Mendoza,heathjasmine@example.com,586.876.2592,Lawsonchester,MH,USA,2024-12-25T20:03:00.590312
940,Anthony,Baker,ogarza@example.org,4559340508,New Robert,CO,USA,2025-11-03T07:16:34.345671
941,Mark,Nash,xlynn@example.org,435-867-0789x77554,New Janettown,IA,USA,2025-06-18T10:33:53.503634
942,Alison,Thomas,thomasdalton@example.net,(373)320-2227,Port Stevenstad,SD,USA,2025-08-18T14:50:17.510126
943,Ronald,Martinez,krodriguez@example.org,001-242-798-5144x86983,North Mary,OR,USA,2022-12-29T07:45:10.244318
944,Breanna,Drake,anthonywhite@example.com,001-380-214-2647,Payneland,NV,USA,2024-05-12T17:26:39.202491
945,Paige,Smith,lindamiller@example.org,405.600.4933x267,Nicholasbury,PR,USA,2023-04-23T16:02:12.603529
946,Lindsey,Moore,kimberly63@example.net,4837906540,Danielbury,WA,USA,2024-10-13T07:13:21.041985
947,David,Haynes,fwhite@example.org,001-216-435-0496,Higginsmouth,MO,USA,2024-11-27T09:53:29.650553
948,Madison,Chavez,angelatorres@example.org,001-874-699-5070,South Kaitlinstad,WV,USA,2024-03-17T00:02:17.869662
949,Monica,Jackson,ortegasandra@example.net,(290)622-1543,Amyton,OR,USA,2023-08-24T10:20:02.184751
950,Rachel,Bailey,johnthompson@example.org,351.502.5550,Justinton,IN,USA,2025-07-14T21:27:01.079587
951,Beverly,Li,heather39@example.org,001-733-524-3629x62080,East Marieview,WV,USA,2023-10-12T19:05:11.082591
952,Evan,Riley,wdeleon@example.net,(359)999-2012x3763,Parkerstad,KY,USA,2023-06-14T01:55:20.413678
953,Rebecca,Cruz,danielle93@example.com,891-492-2671x31753,Wyattview,NJ,USA,2023-12-04T16:41:42.074829
954,Elizabeth,Romero,gking@example.org,001-609-761-7300x992,West Bruce,GA,USA,2025-01-31T08:30:07.102049
955,Bryan,Vazquez,michael51@example.com,921.991.4308,Littleview,NH,USA,2024-10-14T03:02:01.424085
956,David,Schwartz,michelle21@example.net,+1-634-958-1920,Williamsfort,SC,USA,2024-02-12T11:52:53.768329
957,Autumn,Nixon,katherinechapman@example.net,(751)759-0257x84640,Port Joanne,GA,USA,2025-11-20T11:17:13.210943
958,Malik,Kim,ytaylor@example.org,6845672925,Jillianland,WY,USA,2024-09-22T08:42:24.321029
959,Gary,Moore,mollysmith@example.org,+1-825-562-4728,Nicoletown,CO,USA,2025-07-10T06:05:36.211564
960,Gavin,Martin,christopher99@example.org,+1-200-696-6270x266,Mariaton,OR,USA,2024-01-20T14:20:21.133578
961,James,Jones,deborah03@example.net,401-493-3538,West Mary,CO,USA,2023-03-25T20:42:30.988429
962,Brittany,Reyes,nealrobert@example.org,427.870.5646x16076,Jefferyhaven,VT,USA,2025-10-15T00:26:24.903769
963,Alex,Armstrong,stevengonzalez@example.com,376-223-1336,Justinland,NE,USA,2023-11-14T01:28:26.743598
964,Sheila,Baldwin,sbailey@example.org,001-537-627-7685x7606,Hectorton,GU,USA,2023-10-20T16:57:45.106008
965,Roy,Jones,michele18@example.net,401.679.9932x420,South Kyle,WI,USA,2023-10-09T14:43:32.970423
966,Kayla,Jackson,michael53@example.net,(494)879-0254x8536,West Haleyburgh,ID,USA,2024-07-07T18:56:00.540684
967,Jessica,Adams,krauseaaron@example.com,685.557.4216,Kimberlytown,MP,USA,2025-05-13T04:22:38.140966
968,Bonnie,Robinson,greenronald@example.com,861.843.7884x4370,New Karenstad,FM,USA,2024-03-20T03:06:14.616980
969,Paula,Sweeney,erinhughes@example.org,(481)954-1858x9900,Middletonburgh,OK,USA,2025-07-01T12:48:36.729318
970,Alex,Holmes,blake78@example.com,5435566050,Adamschester,OR,USA,2024-06-30T15:25:55.183577
971,Jason,Sanders,bwade@example.com,218.922.2667x9419,Murphyhaven,WV,USA,2023-12-16T17:39:42.143496
972,Carla,Serrano,nruiz@example.net,(434)428-9876x05504,Lake Stanleyview,SD,USA,2025-07-16T03:12:11.107217
973,Roberto,Graves,gardnerrichard@example.net,906.563.2016x290,Port Mary,MP,USA,2024-10-25T08:27:02.983099
974,Emily,Knight,tracyhoffman@example.com,001-653-437-1708x649,Matthewsburgh,AK,USA,2023-08-03T16:41:29.851368
975,Heather,Nichols,teresamiller@example.org,449-301-4599x67069,Lorimouth,ID,USA,2022-12-22T21:20:19.238929
976,Jonathan,Lawson,susannelson@example.net,843.602.1781x67806,Lake Daniel,FM,USA,2024-11-26T15:57:41.981674
977,Bethany,Campos,garciadebra@example.com,001-492-881-5037x01709,Bradton,IL,USA,2023-01-23T18:29:10.051730
978,Crystal,Johnson,gibsonrichard@example.net,(296)282-4485,Thomashaven,TN,USA,2024-09-15T15:00:54.160721
979,Matthew,Cunningham,fwelch@example.org,(280)269-1961x27662,Port Alvin,RI,USA,2023-05-01T05:52:02.782975
980,Brian,Todd,virginiafisher@example.net,244-335-9624x587,North Jill,LA,USA,2025-05-26T19:04:33.498558
981,Sarah,Thomas,dianebrooks@example.com,+1-609-912-3753x028,Morrowton,IA,USA,2024-10-19T03:28:53.695038
982,Deborah,Cole,samanthacarter@example.com,624-205-5364x81875,Port Ricardo,UT,USA,2023-10-14T17:13:23.435348
983,Natalie,Hicks,davidsawyer@example.net,873.285.4662x323,Powellmouth,PA,USA,2025-04-18T09:31:26.718405
984,Tara,Russell,andersonbonnie@example.net,422.204.2986x2269,Butlerland,NH,USA,2025-10-25T03:17:23.015000
985,Ashley,Russell,patriciabennett@example.net,+1-929-998-3358x768,Carrstad,PW,USA,2025-04-24T10:50:46.027604
986,Alexander,Martinez,alicia08@example.com,+1-831-253-9839x122,North Pennyport,ME,USA,2023-02-13T03:09:20.749745
987,Tiffany,Hale,nthomas@example.net,001-914-730-4913x4103,Lake Megan,NJ,USA,2023-05-14T18:35:45.829219
988,Brittany,Fernandez,marissa64@example.org,001-224-905-9208x2353,Pattersonville,RI,USA,2025-10-19T06:35:08.856201
989,Angelica,Oliver,rosecarroll@example.net,5562820175,Gilbertchester,CT,USA,2025-10-11T18:58:39.339437
990,Ryan,Cook,whernandez@example.net,001-540-943-4741x2531,Melissaville,AL,USA,2023-02-15T11:56:37.297513
991,Tracy,Gonzalez,charlesewing@example.com,3365192025,Leemouth,AZ,USA,2023-07-16T18:13:02.833565
992,Jessica,Patrick,joshua74@example.net,+1-304-276-0786x235,Gutierrezland,WI,USA,2025-03-29T05:27:49.418889
993,Charles,Ruiz,maddenhailey@example.com,773-828-9514,West Benjamin,GU,USA,2023-03-11T02:30:43.731659
994,Laura,Hicks,michael11@example.com,944.296.5391x607,West Alexbury,MH,USA,2025-06-15T22:06:30.628868
995,Alexander,Collins,david40@example.org,+1-282-521-8039x662,Roseside,OH,USA,2024-03-02T06:31:18.332238
996,Stacy,Fuller,kelleramanda@example.org,(865)529-5164,Lake Joel,VA,USA,2024-03-22T04:41:52.218851
997,James,Cantu,bevans@example.net,306.670.8987x09201,North Christopher,TX,USA,2025-07-15T19:36:36.296723
998,Dustin,Price,davisamanda@example.net,980-452-6321x19604,North Lawrence,PA,USA,2025-09-07T07:34:26.374100
999,Erika,Alvarez,michael44@example.com,001-708-523-1714x6199,Robertfort,AS,USA,2024-02-18T06:47:13.183537
1000,Ricky,Salas,johnwarner@example.net,(905)930-2618x4025,East Rebeccahaven,MO,USA,2023-02-11T18:14:26.288412
