order_id,customer_id,product_id,quantity,order_date,status
1,118,56,3,2025-01-20T14:23:35.202116,completed
2,118,120,5,2025-01-20T14:23:35.202116,cancelled
3,118,180,1,2025-01-20T14:23:35.202116,completed
4,118,66,2,2025-01-20T14:23:35.202116,cancelled
5,118,197,1,2025-01-20T14:23:35.202116,completed
6,952,148,4,2025-02-12T04:35:15.744840,cancelled
7,952,174,2,2025-02-12T04:35:15.744840,completed
8,952,97,2,2025-02-12T04:35:15.744840,completed
9,792,176,5,2024-04-01T17:33:40.597907,completed
10,792,154,3,2024-04-01T17:33:40.597907,completed
11,792,31,3,2024-04-01T17:33:40.597907,completed
12,664,4,1,2024-02-20T01:39:12.696055,completed
13,664,108,3,2024-02-20T01:39:12.696055,completed
14,664,126,4,2024-02-20T01:39:12.696055,completed
15,446,188,3,2024-10-08T16:56:05.015294,completed
16,446,134,5,2024-10-08T16:56:05.015294,completed
17,477,188,2,2023-12-26T08:36:43.632037,pending
18,477,152,1,2023-12-26T08:36:43.632037,completed
19,477,69,4,2023-12-26T08:36:43.632037,completed
20,477,83,4,2023-12-26T08:36:43.632037,completed
21,685,87,2,2024-10-21T19:04:28.856444,completed
22,685,8,3,2024-10-21T19:04:28.856444,completed
23,685,127,3,2024-10-21T19:04:28.856444,completed
24,685,84,5,2024-10-21T19:04:28.856444,completed
25,283,3,4,2024-09-06T05:42:12.370110,completed
26,283,133,2,2024-09-06T05:42:12.370110,completed
27,283,49,4,2024-09-06T05:42:12.370110,completed
28,283,22,1,2024-09-06T05:42:12.370110,completed
29,283,62,2,2024-09-06T05:42:12.370110,completed
30,250,170,4,2024-08-09T17:14:35.137953,completed
31,250,149,3,2024-08-09T17:14:35.137953,completed
32,250,95,5,2024-08-09T17:14:35.137953,completed
33,720,70,1,2024-11-13T09:13:05.322630,completed
34,720,79,3,2024-11-13T09:13:05.322630,completed
35,720,65,5,2024-11-13T09:13:05.322630,cancelled
36,720,60,2,2024-11-13T09:13:05.322630,completed
37,757,71,5,2024-12-24T23:37:03.779443,completed
38,757,186,1,2024-12-24T23:37:03.779443,pending
39,757,151,3,2024-12-24T23:37:03.779443,completed
40,757,195,2,2024-12-24T23:37:03.779443,completed
41,726,33,3,2025-11-14T16:39:20.750633,completed
42,726,71,2,2025-11-14T16:39:20.750633,completed
43,726,12,4,2025-11-14T16:39:20.750633,completed
44,726,14,1,2025-11-14T16:39:20.750633,completed
45,726,142,4,2025-11-14T16:39:20.750633,completed
46,349,14,4,2024-08-18T09:39:32.991187,completed
47,349,65,1,2024-08-18T09:39:32.991187,completed
48,76,162,3,2025-04-20T02:07:02.360942,completed
49,76,176,2,2025-04-20T02:07:02.360942,completed
50,76,14,4,2025-04-20T02:07:02.360942,completed
51,76,39,5,2025-04-20T02:07:02.360942,completed
52,76,145,5,2025-04-20T02:07:02.360942,completed
53,931,77,5,2025-01-05T19:07:17.688848,completed
54,931,151,5,2025-01-05T19:07:17.688848,cancelled
55,931,110,1,2025-01-05T19:07:17.688848,cancelled
56,931,79,2,2025-01-05T19:07:17.688848,completed
57,271,41,2,2024-10-07T02:44:09.045002,completed
58,77,1,4,2024-08-16T09:10:19.696154,completed
59,77,105,4,2024-08-16T09:10:19.696154,completed
60,238,181,4,2025-06-27T02:59:28.937708,completed
61,238,73,2,2025-06-27T02:59:28.937708,cancelled
62,238,180,5,2025-06-27T02:59:28.937708,completed
63,957,109,5,2025-09-29T22:54:22.857347,completed
64,957,30,2,2025-09-29T22:54:22.857347,cancelled
65,847,19,2,2024-09-03T02:57:23.606728,completed
66,847,16,5,2024-09-03T02:57:23.606728,completed
67,583,113,3,2025-12-13T23:55:45.232665,completed
68,583,32,3,2025-12-13T23:55:45.232665,completed
69,583,120,4,2025-12-13T23:55:45.232665,completed
70,613,111,3,2024-04-24T16:44:06.307625,completed
71,27,59,5,2024-11-28T11:05:54.522676,completed
72,22,148,2,2024-07-08T12:49:35.674565,completed
73,22,11,4,2024-07-08T12:49:35.674565,cancelled
74,22,196,2,2024-07-08T12:49:35.674565,refunded
75,447,24,3,2023-12-25T22:47:13.228547,completed
76,447,121,1,2023-12-25T22:47:13.228547,pending
77,447,90,3,2023-12-25T22:47:13.228547,completed
78,447,105,4,2023-12-25T22:47:13.228547,completed
79,968,195,1,2024-09-28T05:09:36.071916,completed
80,968,141,3,2024-09-28T05:09:36.071916,completed
81,968,10,4,2024-09-28T05:09:36.071916,pending
82,968,117,1,2024-09-28T05:09:36.071916,completed
83,556,106,3,2024-11-11T00:58:52.410478,completed
84,556,14,4,2024-11-11T00:58:52.410478,completed
85,556,49,1,2024-11-11T00:58:52.410478,completed
86,556,133,5,2024-11-11T00:58:52.410478,completed
87,295,179,5,2025-01-04T12:59:05.684231,completed
88,295,125,2,2025-01-04T12:59:05.684231,completed
89,295,32,1,2025-01-04T12:59:05.684231,completed
90,295,8,1,2025-01-04T12:59:05.684231,completed
91,862,119,1,2025-08-03T02:53:31.021186,completed
92,158,184,3,2025-08-02T10:26:28.175493,completed
93,158,75,4,2025-08-02T10:26:28.175493,refunded
94,158,131,2,2025-08-02T10:26:28.175493,completed
95,158,181,2,2025-08-02T10:26:28.175493,completed
96,944,131,4,2025-09-06T02:49:42.851691,completed
97,944,192,5,2025-09-06T02:49:42.851691,completed
98,944,35,1,2025-09-06T02:49:42.851691,completed
99,944,18,3,2025-09-06T02:49:42.851691,pending
100,944,71,5,2025-09-06T02:49:42.851691,refunded
101,502,115,4,2024-07-20T15:22:33.492728,completed
102,502,138,5,2024-07-20T15:22:33.492728,completed
103,387,83,5,2024-01-31T22:36:18.242322,completed
104,387,49,4,2024-01-31T22:36:18.242322,completed
105,387,179,4,2024-01-31T22:36:18.242322,completed
106,387,62,4,2024-01-31T22:36:18.242322,completed
107,680,127,2,2024-02-11T00:33:44.758819,completed
108,680,10,5,2024-02-11T00:33:44.758819,completed
109,103,26,2,2024-09-25T10:32:05.690746,completed
110,103,135,2,2024-09-25T10:32:05.690746,completed
111,103,117,3,2024-09-25T10:32:05.690746,completed
112,103,4,4,2024-09-25T10:32:05.690746,completed
113,873,173,3,2024-06-24T11:27:52.345408,completed
114,873,137,4,2024-06-24T11:27:52.345408,pending
115,873,98,1,2024-06-24T11:27:52.345408,completed
116,241,59,4,2024-03-07T18:01:37.869603,refunded
117,241,192,1,2024-03-07T18:01:37.869603,completed
118,241,24,3,2024-03-07T18:01:37.869603,cancelled
119,48,15,3,2024-04-26T20:55:47.556462,completed
120,48,76,2,2024-04-26T20:55:47.556462,completed
121,48,92,5,2024-04-26T20:55:47.556462,completed
122,185,45,5,2024-06-25T10:50:54.002320,pending
123,185,21,5,2024-06-25T10:50:54.002320,completed
124,510,37,4,2024-07-28T22:38:49.373100,completed
125,510,60,1,2024-07-28T22:38:49.373100,pending
126,510,119,4,2024-07-28T22:38:49.373100,cancelled
127,510,164,5,2024-07-28T22:38:49.373100,completed
128,510,66,4,2024-07-28T22:38:49.373100,cancelled
129,602,164,3,2024-02-09T03:19:50.634262,completed
130,602,109,3,2024-02-09T03:19:50.634262,completed
131,602,177,4,2024-02-09T03:19:50.634262,pending
132,110,98,3,2024-12-29T03:58:51.802552,completed
133,110,147,3,2024-12-29T03:58:51.802552,completed
134,850,71,1,2025-03-11T17:23:24.713933,cancelled
135,850,3,4,2025-03-11T17:23:24.713933,pending
136,850,145,3,2025-03-11T17:23:24.713933,completed
137,850,176,2,2025-03-11T17:23:24.713933,completed
138,361,163,5,2025-11-01T10:48:41.227757,completed
139,361,49,2,2025-11-01T10:48:41.227757,completed
140,926,80,4,2023-12-24T13:17:46.724663,completed
141,374,24,3,2025-07-28T13:18:38.585062,completed
142,374,76,2,2025-07-28T13:18:38.585062,completed
143,806,94,3,2025-08-20T13:46:21.495317,cancelled
144,806,136,4,2025-08-20T13:46:21.495317,cancelled
145,806,129,3,2025-08-20T13:46:21.495317,completed
146,806,70,3,2025-08-20T13:46:21.495317,pending
147,806,43,4,2025-08-20T13:46:21.495317,cancelled
148,145,174,4,2024-05-16T04:54:58.007818,cancelled
149,145,186,5,2024-05-16T04:54:58.007818,completed
150,810,4,4,2024-10-12T21:54:46.701373,completed
151,810,68,3,2024-10-12T21:54:46.701373,completed
152,810,138,3,2024-10-12T21:54:46.701373,completed
153,810,32,2,2024-10-12T21:54:46.701373,completed
154,635,84,4,2025-01-14T07:45:06.000954,cancelled
155,635,157,3,2025-01-14T07:45:06.000954,completed
156,635,57,1,2025-01-14T07:45:06.000954,completed
157,635,166,1,2025-01-14T07:45:06.000954,completed
158,635,17,4,2025-01-14T07:45:06.000954,completed
159,241,35,5,2024-10-26T23:39:09.670750,completed
160,241,100,2,2024-10-26T23:39:09.670750,pending
161,241,117,1,2024-10-26T23:39:09.670750,pending
162,241,95,5,2024-10-26T23:39:09.670750,completed
163,241,172,3,2024-10-26T23:39:09.670750,completed
164,380,114,3,2024-12-29T08:39:13.500082,completed
165,380,61,3,2024-12-29T08:39:13.500082,completed
166,661,16,2,2024-06-08T10:14:53.026477,cancelled
167,661,102,4,2024-06-08T10:14:53.026477,completed
168,661,71,2,2024-06-08T10:14:53.026477,completed
169,612,13,3,2024-08-09T10:36:27.863523,completed
170,129,53,5,2024-11-28T05:41:36.527274,completed
171,129,18,2,2024-11-28T05:41:36.527274,completed
172,129,196,2,2024-11-28T05:41:36.527274,completed
173,129,142,5,2024-11-28T05:41:36.527274,completed
174,129,54,2,2024-11-28T05:41:36.527274,refunded
175,554,45,1,2024-01-20T13:13:52.195280,completed
176,554,29,3,2024-01-20T13:13:52.195280,completed
177,554,170,2,2024-01-20T13:13:52.195280,completed
178,17,68,2,2024-02-05T08:22:30.067801,completed
179,17,14,5,2024-02-05T08:22:30.067801,completed
180,66,115,5,2024-01-04T11:14:41.665917,completed
181,66,200,5,2024-01-04T11:14:41.665917,completed
182,66,93,5,2024-01-04T11:14:41.665917,completed
183,66,132,5,2024-01-04T11:14:41.665917,completed
184,659,16,4,2024-06-17T00:34:48.236253,pending
185,437,126,4,2024-05-10T15:35:16.450217,completed
186,83,156,2,2025-09-25T03:42:49.540424,completed
187,83,38,5,2025-09-25T03:42:49.540424,completed
188,83,17,3,2025-09-25T03:42:49.540424,completed
189,612,76,1,2024-07-25T20:21:23.295118,completed
190,612,117,1,2024-07-25T20:21:23.295118,pending
191,612,130,5,2024-07-25T20:21:23.295118,completed
192,612,155,2,2024-07-25T20:21:23.295118,completed
193,612,111,2,2024-07-25T20:21:23.295118,completed
194,848,103,3,2025-11-04T02:54:50.864914,completed
195,848,107,3,2025-11-04T02:54:50.864914,completed
196,848,187,2,2025-11-04T02:54:50.864914,completed
197,848,25,4,2025-11-04T02:54:50.864914,completed
198,852,24,4,2024-04-11T08:31:19.899944,completed
199,757,34,5,2024-05-23T22:13:17.343165,cancelled
200,757,143,5,2024-05-23T22:13:17.343165,completed
201,757,16,1,2024-05-23T22:13:17.343165,completed
202,895,185,3,2025-04-03T15:16:24.579037,completed
203,895,14,5,2025-04-03T15:16:24.579037,completed
204,895,74,2,2025-04-03T15:16:24.579037,completed
205,895,154,2,2025-04-03T15:16:24.579037,pending
206,359,95,2,2024-02-03T07:59:27.535838,pending
207,359,30,5,2024-02-03T07:59:27.535838,refunded
208,359,196,5,2024-02-03T07:59:27.535838,completed
209,359,72,5,2024-02-03T07:59:27.535838,completed
210,359,147,3,2024-02-03T07:59:27.535838,completed
211,280,87,2,2024-01-22T23:32:02.635617,pending
212,280,90,5,2024-01-22T23:32:02.635617,completed
213,280,2,1,2024-01-22T23:32:02.635617,completed
214,649,24,5,2025-05-10T16:05:59.133344,completed
215,430,88,3,2025-06-07T03:54:26.403280,completed
216,430,41,5,2025-06-07T03:54:26.403280,completed
217,430,95,1,2025-06-07T03:54:26.403280,completed
218,430,80,5,2025-06-07T03:54:26.403280,completed
219,84,114,4,2025-01-18T19:30:45.816602,completed
220,84,170,4,2025-01-18T19:30:45.816602,completed
221,84,109,5,2025-01-18T19:30:45.816602,completed
222,441,73,5,2025-06-10T11:53:39.316160,completed
223,684,12,5,2024-06-01T02:11:24.319879,completed
224,684,57,2,2024-06-01T02:11:24.319879,completed
225,684,102,2,2024-06-01T02:11:24.319879,completed
226,783,75,1,2025-12-08T02:17:45.442826,completed
227,783,84,4,2025-12-08T02:17:45.442826,completed
228,783,31,4,2025-12-08T02:17:45.442826,completed
229,236,144,1,2025-07-10T10:14:28.877641,completed
230,236,172,4,2025-07-10T10:14:28.877641,cancelled
231,236,91,3,2025-07-10T10:14:28.877641,completed
232,236,19,5,2025-07-10T10:14:28.877641,completed
233,236,102,4,2025-07-10T10:14:28.877641,completed
234,415,84,2,2024-07-11T00:04:49.720806,pending
235,633,177,1,2024-02-09T11:15:20.288730,completed
236,633,93,5,2024-02-09T11:15:20.288730,completed
237,633,23,1,2024-02-09T11:15:20.288730,completed
238,633,112,3,2024-02-09T11:15:20.288730,completed
239,227,200,5,2024-07-04T12:42:45.636374,completed
240,227,44,5,2024-07-04T12:42:45.636374,completed
241,227,20,3,2024-07-04T12:42:45.636374,completed
242,982,61,2,2025-02-15T10:42:49.095764,completed
243,982,27,2,2025-02-15T10:42:49.095764,completed
244,779,46,4,2025-02-19T11:03:22.237609,completed
245,578,115,5,2024-11-01T10:23:54.335837,completed
246,578,175,3,2024-11-01T10:23:54.335837,completed
247,578,145,1,2024-11-01T10:23:54.335837,completed
248,578,165,3,2024-11-01T10:23:54.335837,completed
249,578,163,5,2024-11-01T10:23:54.335837,completed
250,520,80,4,2024-02-07T07:32:41.836381,completed
251,59,74,1,2025-03-08T15:24:05.085118,completed
252,59,20,5,2025-03-08T15:24:05.085118,completed
253,59,166,5,2025-03-08T15:24:05.085118,completed
254,811,116,5,2025-02-28T14:06:35.761194,completed
255,330,122,1,2025-09-15T00:11:43.412717,pending
256,330,129,3,2025-09-15T00:11:43.412717,refunded
257,330,39,1,2025-09-15T00:11:43.412717,completed
258,330,16,2,2025-09-15T00:11:43.412717,completed
259,330,116,4,2025-09-15T00:11:43.412717,refunded
260,537,157,4,2025-10-22T11:22:46.450837,completed
261,537,41,3,2025-10-22T11:22:46.450837,completed
262,537,94,1,2025-10-22T11:22:46.450837,completed
263,537,96,3,2025-10-22T11:22:46.450837,completed
264,537,73,1,2025-10-22T11:22:46.450837,completed
265,396,65,5,2025-10-04T23:06:32.492462,pending
266,396,186,3,2025-10-04T23:06:32.492462,completed
267,396,169,2,2025-10-04T23:06:32.492462,cancelled
268,318,34,3,2025-09-22T01:04:54.424040,completed
269,318,153,3,2025-09-22T01:04:54.424040,pending
270,318,182,5,2025-09-22T01:04:54.424040,completed
271,318,22,4,2025-09-22T01:04:54.424040,completed
272,19,80,3,2024-03-28T12:14:22.297221,cancelled
273,19,47,4,2024-03-28T12:14:22.297221,completed
274,19,55,2,2024-03-28T12:14:22.297221,completed
275,303,130,5,2024-07-07T04:11:49.522942,pending
276,905,10,2,2025-12-13T03:29:52.099746,completed
277,905,170,2,2025-12-13T03:29:52.099746,completed
278,905,87,5,2025-12-13T03:29:52.099746,pending
279,905,197,2,2025-12-13T03:29:52.099746,completed
280,905,159,1,2025-12-13T03:29:52.099746,completed
281,693,114,3,2025-01-29T12:53:55.479759,completed
282,693,157,4,2025-01-29T12:53:55.479759,completed
283,245,121,5,2024-03-09T22:42:02.245472,refunded
284,245,50,4,2024-03-09T22:42:02.245472,completed
285,245,95,4,2024-03-09T22:42:02.245472,completed
286,429,52,2,2024-09-10T19:16:25.780789,pending
287,429,155,1,2024-09-10T19:16:25.780789,completed
288,896,142,5,2025-03-10T02:18:16.154160,pending
289,896,27,3,2025-03-10T02:18:16.154160,completed
290,896,183,2,2025-03-10T02:18:16.154160,completed
291,928,38,3,2025-01-08T15:17:18.639423,cancelled
292,928,112,4,2025-01-08T15:17:18.639423,completed
293,928,24,5,2025-01-08T15:17:18.639423,completed
294,928,57,4,2025-01-08T15:17:18.639423,refunded
295,928,116,3,2025-01-08T15:17:18.639423,completed
296,327,183,3,2024-07-26T05:33:42.194374,completed
297,141,74,4,2025-10-18T21:04:07.587713,completed
298,143,115,1,2024-11-23T22:01:28.116866,completed
299,143,158,2,2024-11-23T22:01:28.116866,completed
300,143,2,5,2024-11-23T22:01:28.116866,completed
301,143,21,1,2024-11-23T22:01:28.116866,completed
302,244,32,4,2024-09-04T11:46:58.390725,completed
303,244,13,5,2024-09-04T11:46:58.390725,completed
304,244,62,1,2024-09-04T11:46:58.390725,pending
305,512,138,2,2025-07-05T11:17:19.168803,completed
306,512,5,3,2025-07-05T11:17:19.168803,completed
307,512,162,5,2025-07-05T11:17:19.168803,completed
308,512,132,5,2025-07-05T11:17:19.168803,completed
309,512,148,1,2025-07-05T11:17:19.168803,completed
310,370,135,5,2025-06-22T02:46:42.819714,completed
311,520,6,4,2024-12-14T10:44:07.034181,refunded
312,520,100,3,2024-12-14T10:44:07.034181,completed
313,520,121,3,2024-12-14T10:44:07.034181,completed
314,520,12,3,2024-12-14T10:44:07.034181,completed
315,520,163,1,2024-12-14T10:44:07.034181,completed
316,753,35,5,2025-12-11T13:21:27.812160,completed
317,753,12,2,2025-12-11T13:21:27.812160,pending
318,753,91,4,2025-12-11T13:21:27.812160,refunded
319,491,35,4,2025-12-01T04:51:29.975395,completed
320,491,17,2,2025-12-01T04:51:29.975395,completed
321,205,81,3,2023-12-31T06:58:47.632093,completed
322,835,122,2,2024-08-12T01:33:26.624485,completed
323,835,65,1,2024-08-12T01:33:26.624485,pending
324,835,10,3,2024-08-12T01:33:26.624485,completed
325,835,193,3,2024-08-12T01:33:26.624485,completed
326,835,166,4,2024-08-12T01:33:26.624485,completed
327,917,87,4,2025-04-01T14:44:50.202927,completed
328,917,48,5,2025-04-01T14:44:50.202927,completed
329,917,128,1,2025-04-01T14:44:50.202927,completed
330,917,178,1,2025-04-01T14:44:50.202927,completed
331,843,140,3,2025-11-16T08:14:03.845153,completed
332,843,76,3,2025-11-16T08:14:03.845153,completed
333,314,155,4,2025-02-11T12:56:01.434377,completed
334,314,184,1,2025-02-11T12:56:01.434377,completed
335,314,110,3,2025-02-11T12:56:01.434377,completed
336,314,43,4,2025-02-11T12:56:01.434377,completed
337,811,20,4,2025-04-28T08:35:23.014899,completed
338,821,8,5,2025-09-29T19:27:51.229714,completed
339,821,37,4,2025-09-29T19:27:51.229714,completed
340,69,200,3,2025-02-19T21:30:29.760189,completed
341,69,166,5,2025-02-19T21:30:29.760189,completed
342,158,95,1,2025-03-23T15:24:59.155319,completed
343,158,96,5,2025-03-23T15:24:59.155319,completed
344,158,114,3,2025-03-23T15:24:59.155319,completed
345,158,196,2,2025-03-23T15:24:59.155319,cancelled
346,27,128,4,2025-01-24T14:52:43.825344,cancelled
347,27,133,1,2025-01-24T14:52:43.825344,completed
348,267,55,4,2024-04-01T11:22:18.297062,completed
349,267,157,2,2024-04-01T11:22:18.297062,pending
350,267,74,4,2024-04-01T11:22:18.297062,completed
351,267,178,4,2024-04-01T11:22:18.297062,refunded
352,830,171,1,2025-12-07T17:02:06.850785,completed
353,830,89,3,2025-12-07T17:02:06.850785,pending
354,830,182,2,2025-12-07T17:02:06.850785,completed
355,950,93,2,2023-12-21T17:49:33.564201,completed
356,950,131,2,2023-12-21T17:49:33.564201,completed
357,243,7,3,2025-05-27T20:48:05.045916,completed
358,243,93,5,2025-05-27T20:48:05.045916,completed
359,243,142,1,2025-05-27T20:48:05.045916,completed
360,243,147,4,2025-05-27T20:48:05.045916,refunded
361,737,135,5,2024-06-21T06:41:16.997693,completed
362,737,106,3,2024-06-21T06:41:16.997693,completed
363,737,197,4,2024-06-21T06:41:16.997693,completed
364,737,105,5,2024-06-21T06:41:16.997693,completed
365,900,164,4,2024-04-06T10:17:20.336876,completed
366,900,151,1,2024-04-06T10:17:20.336876,pending
367,900,47,5,2024-04-06T10:17:20.336876,completed
368,900,197,2,2024-04-06T10:17:20.336876,completed
369,900,34,2,2024-04-06T10:17:20.336876,completed
370,964,73,5,2025-09-17T20:40:48.389784,completed
371,964,21,3,2025-09-17T20:40:48.389784,completed
372,964,65,1,2025-09-17T20:40:48.389784,completed
373,964,51,2,2025-09-17T20:40:48.389784,completed
374,964,163,5,2025-09-17T20:40:48.389784,completed
375,675,185,1,2025-09-06T16:27:23.526364,completed
376,675,155,5,2025-09-06T16:27:23.526364,completed
377,675,87,2,2025-09-06T16:27:23.526364,completed
378,675,145,4,2025-09-06T16:27:23.526364,completed
379,675,11,1,2025-09-06T16:27:23.526364,completed
380,643,75,4,2025-07-28T09:01:13.995848,completed
381,643,165,1,2025-07-28T09:01:13.995848,completed
382,643,78,2,2025-07-28T09:01:13.995848,completed
383,643,124,4,2025-07-28T09:01:13.995848,completed
384,643,63,3,2025-07-28T09:01:13.995848,completed
385,321,188,2,2025-11-28T02:35:55.133841,completed
386,321,89,5,2025-11-28T02:35:55.133841,completed
387,321,103,3,2025-11-28T02:35:55.133841,completed
388,126,116,1,2024-09-04T08:55:15.211376,completed
389,126,64,4,2024-09-04T08:55:15.211376,pending
390,126,37,4,2024-09-04T08:55:15.211376,completed
391,887,84,3,2025-01-11T10:14:54.891275,completed
392,887,148,2,2025-01-11T10:14:54.891275,completed
393,528,128,4,2025-12-02T03:12:09.640031,completed
394,528,79,2,2025-12-02T03:12:09.640031,completed
395,528,6,3,2025-12-02T03:12:09.640031,completed
396,528,24,3,2025-12-02T03:12:09.640031,completed
397,904,74,4,2024-04-01T03:35:30.184917,completed
398,904,138,3,2024-04-01T03:35:30.184917,completed
399,904,3,4,2024-04-01T03:35:30.184917,completed
400,904,28,4,2024-04-01T03:35:30.184917,completed
401,576,93,3,2025-01-04T05:21:31.420379,completed
402,576,142,5,2025-01-04T05:21:31.420379,completed
403,564,160,1,2025-03-10T22:08:15.510688,completed
404,564,175,1,2025-03-10T22:08:15.510688,completed
405,564,157,3,2025-03-10T22:08:15.510688,completed
406,375,51,5,2025-09-17T04:45:04.164604,completed
407,375,155,1,2025-09-17T04:45:04.164604,completed
408,141,122,2,2024-11-27T06:45:34.283772,completed
409,141,133,5,2024-11-27T06:45:34.283772,completed
410,141,117,5,2024-11-27T06:45:34.283772,completed
411,403,190,5,2025-08-28T18:03:22.480142,completed
412,403,77,5,2025-08-28T18:03:22.480142,completed
413,403,152,1,2025-08-28T18:03:22.480142,completed
414,403,87,1,2025-08-28T18:03:22.480142,refunded
415,403,130,5,2025-08-28T18:03:22.480142,completed
416,921,153,4,2024-04-11T02:56:46.224247,completed
417,672,148,4,2024-06-04T00:38:47.026803,completed
418,672,59,5,2024-06-04T00:38:47.026803,completed
419,672,185,4,2024-06-04T00:38:47.026803,completed
420,672,14,2,2024-06-04T00:38:47.026803,completed
421,672,150,1,2024-06-04T00:38:47.026803,completed
422,452,108,2,2025-02-04T14:06:25.575208,completed
423,452,39,5,2025-02-04T14:06:25.575208,cancelled
424,452,106,1,2025-02-04T14:06:25.575208,completed
425,532,144,4,2024-11-06T08:54:50.428305,completed
426,532,84,3,2024-11-06T08:54:50.428305,cancelled
427,471,88,3,2024-11-20T20:21:02.341192,completed
428,471,140,2,2024-11-20T20:21:02.341192,cancelled
429,471,91,3,2024-11-20T20:21:02.341192,completed
430,471,174,2,2024-11-20T20:21:02.341192,cancelled
431,471,198,3,2024-11-20T20:21:02.341192,completed
432,722,177,4,2024-07-16T15:31:27.768366,completed
433,722,181,3,2024-07-16T15:31:27.768366,completed
434,957,74,5,2024-11-04T00:14:59.454065,completed
435,957,32,4,2024-11-04T00:14:59.454065,pending
436,957,147,2,2024-11-04T00:14:59.454065,completed
437,295,89,4,2024-09-10T19:11:50.798712,completed
438,766,55,5,2024-09-12T18:58:44.181792,completed
439,766,52,2,2024-09-12T18:58:44.181792,completed
440,766,138,5,2024-09-12T18:58:44.181792,completed
441,766,70,1,2024-09-12T18:58:44.181792,completed
442,544,164,1,2025-11-12T21:27:19.900372,completed
443,544,60,3,2025-11-12T21:27:19.900372,completed
444,103,2,2,2025-04-13T08:45:46.819672,completed
445,103,141,4,2025-04-13T08:45:46.819672,completed
446,205,83,1,2024-02-07T15:57:45.322167,cancelled
447,205,74,1,2024-02-07T15:57:45.322167,completed
448,205,166,2,2024-02-07T15:57:45.322167,completed
449,741,45,4,2025-10-07T21:45:51.731179,pending
450,181,102,4,2025-06-11T21:43:23.167979,completed
451,767,10,5,2025-12-15T15:03:19.912795,completed
452,767,3,3,2025-12-15T15:03:19.912795,completed
453,767,77,5,2025-12-15T15:03:19.912795,completed
454,911,130,3,2025-05-05T14:14:37.899687,completed
455,911,120,1,2025-05-05T14:14:37.899687,completed
456,749,166,1,2025-05-31T02:04:15.278307,completed
457,749,66,3,2025-05-31T02:04:15.278307,completed
458,749,184,2,2025-05-31T02:04:15.278307,completed
459,749,48,4,2025-05-31T02:04:15.278307,pending
460,528,23,1,2024-05-16T02:44:10.999120,completed
461,528,103,2,2024-05-16T02:44:10.999120,completed
462,528,172,2,2024-05-16T02:44:10.999120,completed
463,393,115,3,2024-12-20T19:33:44.703546,cancelled
464,393,193,3,2024-12-20T19:33:44.703546,completed
465,587,67,3,2025-06-24T04:15:43.178513,completed
466,64,120,3,2024-03-24T06:40:44.212517,completed
467,703,181,3,2025-03-07T21:22:33.464803,completed
468,703,198,2,2025-03-07T21:22:33.464803,completed
469,703,80,2,2025-03-07T21:22:33.464803,completed
470,703,177,4,2025-03-07T21:22:33.464803,completed
471,703,31,5,2025-03-07T21:22:33.464803,completed
472,719,121,2,2025-07-17T14:54:19.528356,completed
473,719,194,5,2025-07-17T14:54:19.528356,pending
474,719,138,1,2025-07-17T14:54:19.528356,completed
475,719,171,5,2025-07-17T14:54:19.528356,completed
476,719,56,1,2025-07-17T14:54:19.528356,cancelled
477,115,141,5,2025-01-03T19:06:22.718739,completed
478,550,43,5,2024-10-05T12:46:21.459680,completed
479,550,84,2,2024-10-05T12:46:21.459680,completed
480,501,131,4,2024-12-30T15:14:00.000468,pending
481,465,132,4,2025-11-04T19:34:06.390717,completed
482,465,107,5,2025-11-04T19:34:06.390717,completed
483,827,186,3,2024-03-07T09:26:00.561129,pending
484,827,6,2,2024-03-07T09:26:00.561129,completed
485,827,102,1,2024-03-07T09:26:00.561129,completed
486,718,139,1,2024-10-22T22:56:57.230946,cancelled
487,71,9,2,2024-06-16T16:33:12.591393,completed
488,71,74,4,2024-06-16T16:33:12.591393,completed
489,71,105,4,2024-06-16T16:33:12.591393,completed
490,71,47,4,2024-06-16T16:33:12.591393,completed
491,700,35,5,2025-07-02T19:48:30.099624,completed
492,700,168,2,2025-07-02T19:48:30.099624,completed
493,700,90,2,2025-07-02T19:48:30.099624,pending
494,700,31,1,2025-07-02T19:48:30.099624,refunded
495,700,46,4,2025-07-02T19:48:30.099624,completed
496,558,137,4,2024-04-21T21:32:36.006946,completed
497,558,98,3,2024-04-21T21:32:36.006946,completed
498,558,59,1,2024-04-21T21:32:36.006946,completed
499,558,64,4,2024-04-21T21:32:36.006946,completed
500,959,62,2,2025-10-02T04:04:29.826334,completed
501,609,115,5,2024-01-12T16:26:29.416390,completed
502,894,63,1,2025-04-03T12:25:14.688139,completed
503,240,56,5,2025-05-31T18:29:55.600962,refunded
504,240,194,2,2025-05-31T18:29:55.600962,pending
505,240,199,5,2025-05-31T18:29:55.600962,completed
506,240,15,5,2025-05-31T18:29:55.600962,completed
507,240,36,3,2025-05-31T18:29:55.600962,completed
508,898,170,2,2024-09-21T03:36:48.900659,completed
509,898,134,3,2024-09-21T03:36:48.900659,completed
510,972,189,5,2025-03-19T19:47:01.523383,completed
511,972,45,3,2025-03-19T19:47:01.523383,cancelled
512,972,161,4,2025-03-19T19:47:01.523383,completed
513,972,174,3,2025-03-19T19:47:01.523383,completed
514,972,110,4,2025-03-19T19:47:01.523383,completed
515,386,194,4,2024-07-12T10:41:07.073535,completed
516,386,138,2,2024-07-12T10:41:07.073535,completed
517,725,119,5,2024-11-20T10:00:43.453545,completed
518,725,15,4,2024-11-20T10:00:43.453545,completed
519,138,63,1,2025-08-24T13:25:07.134753,cancelled
520,138,66,3,2025-08-24T13:25:07.134753,completed
521,138,53,2,2025-08-24T13:25:07.134753,completed
522,138,85,4,2025-08-24T13:25:07.134753,completed
523,618,19,2,2024-07-21T15:18:49.266436,pending
524,602,56,1,2025-01-01T03:11:12.021304,completed
525,602,123,2,2025-01-01T03:11:12.021304,cancelled
526,602,54,1,2025-01-01T03:11:12.021304,completed
527,602,86,4,2025-01-01T03:11:12.021304,cancelled
528,602,78,5,2025-01-01T03:11:12.021304,completed
529,407,142,3,2024-03-02T00:19:39.611779,completed
530,407,83,5,2024-03-02T00:19:39.611779,completed
531,316,93,4,2025-12-07T10:00:26.493018,completed
532,316,132,4,2025-12-07T10:00:26.493018,completed
533,316,128,3,2025-12-07T10:00:26.493018,cancelled
534,380,106,2,2024-05-09T13:00:32.537781,completed
535,380,12,1,2024-05-09T13:00:32.537781,completed
536,380,145,5,2024-05-09T13:00:32.537781,completed
537,428,40,2,2023-12-22T18:20:11.291431,completed
538,428,51,2,2023-12-22T18:20:11.291431,completed
539,428,85,3,2023-12-22T18:20:11.291431,completed
540,842,186,4,2024-10-10T05:23:00.459484,completed
541,842,165,3,2024-10-10T05:23:00.459484,completed
542,842,190,5,2024-10-10T05:23:00.459484,completed
543,842,126,5,2024-10-10T05:23:00.459484,refunded
544,981,135,1,2025-08-28T01:13:56.257844,pending
545,77,196,1,2024-05-25T00:05:32.033228,completed
546,863,18,2,2025-11-26T00:48:02.731366,completed
547,863,182,5,2025-11-26T00:48:02.731366,completed
548,62,164,4,2025-10-19T03:49:20.764099,completed
549,62,171,5,2025-10-19T03:49:20.764099,completed
550,62,158,1,2025-10-19T03:49:20.764099,completed
551,62,124,3,2025-10-19T03:49:20.764099,completed
552,62,169,3,2025-10-19T03:49:20.764099,completed
553,833,46,2,2024-02-22T02:21:05.998724,completed
554,833,28,5,2024-02-22T02:21:05.998724,completed
555,833,25,3,2024-02-22T02:21:05.998724,completed
556,833,135,4,2024-02-22T02:21:05.998724,completed
557,983,118,2,2024-02-26T08:24:06.799182,completed
558,983,145,1,2024-02-26T08:24:06.799182,completed
559,983,63,1,2024-02-26T08:24:06.799182,completed
560,983,179,4,2024-02-26T08:24:06.799182,completed
561,488,164,1,2025-08-05T01:40:39.246658,completed
562,85,112,1,2025-10-25T09:58:31.368500,pending
563,85,166,1,2025-10-25T09:58:31.368500,completed
564,85,85,5,2025-10-25T09:58:31.368500,completed
565,85,145,1,2025-10-25T09:58:31.368500,cancelled
566,701,140,1,2025-07-26T00:53:20.033278,completed
567,701,145,3,2025-07-26T00:53:20.033278,completed
568,701,169,2,2025-07-26T00:53:20.033278,completed
569,771,20,2,2024-02-24T22:18:34.592683,completed
570,771,77,4,2024-02-24T22:18:34.592683,completed
571,771,42,5,2024-02-24T22:18:34.592683,completed
572,771,145,2,2024-02-24T22:18:34.592683,completed
573,706,129,3,2025-01-19T01:12:39.165694,completed
574,448,20,5,2024-04-08T05:06:34.448454,completed
575,448,88,5,2024-04-08T05:06:34.448454,completed
576,793,8,4,2025-07-11T22:42:45.307372,completed
577,793,163,3,2025-07-11T22:42:45.307372,completed
578,793,70,4,2025-07-11T22:42:45.307372,completed
579,697,170,3,2025-09-28T09:51:12.560646,completed
580,697,98,1,2025-09-28T09:51:12.560646,completed
581,697,22,2,2025-09-28T09:51:12.560646,completed
582,697,198,2,2025-09-28T09:51:12.560646,completed
583,697,159,3,2025-09-28T09:51:12.560646,completed
584,94,79,4,2025-08-13T08:55:27.784003,completed
585,277,34,1,2025-08-12T04:24:40.358021,completed
586,460,143,1,2025-02-04T07:10:58.843600,completed
587,460,132,1,2025-02-04T07:10:58.843600,completed
588,460,105,3,2025-02-04T07:10:58.843600,pending
589,460,27,1,2025-02-04T07:10:58.843600,completed
590,460,7,4,2025-02-04T07:10:58.843600,completed
591,743,63,4,2024-10-18T14:22:14.654444,completed
592,743,147,3,2024-10-18T14:22:14.654444,completed
593,743,134,4,2024-10-18T14:22:14.654444,completed
594,743,44,2,2024-10-18T14:22:14.654444,completed
595,743,176,4,2024-10-18T14:22:14.654444,completed
596,802,93,3,2025-01-24T19:18:24.007967,cancelled
597,739,153,1,2025-08-22T14:38:34.956112,completed
598,739,158,1,2025-08-22T14:38:34.956112,cancelled
599,739,51,3,2025-08-22T14:38:34.956112,pending
600,739,118,4,2025-08-22T14:38:34.956112,pending
601,338,86,2,2025-11-01T21:31:12.317074,completed
602,338,111,5,2025-11-01T21:31:12.317074,cancelled
603,338,167,2,2025-11-01T21:31:12.317074,completed
604,338,153,2,2025-11-01T21:31:12.317074,cancelled
605,992,75,4,2025-10-28T17:21:36.405109,cancelled
606,992,189,2,2025-10-28T17:21:36.405109,completed
607,992,178,3,2025-10-28T17:21:36.405109,pending
608,403,30,5,2024-06-10T00:33:38.797894,refunded
609,403,145,2,2024-06-10T00:33:38.797894,completed
610,403,52,5,2024-06-10T00:33:38.797894,completed
611,745,182,1,2024-11-21T02:10:08.004938,pending
612,745,54,4,2024-11-21T02:10:08.004938,completed
613,745,113,2,2024-11-21T02:10:08.004938,completed
614,745,75,2,2024-11-21T02:10:08.004938,completed
615,158,97,4,2024-04-04T10:28:39.701114,completed
616,158,19,5,2024-04-04T10:28:39.701114,completed
617,158,115,4,2024-04-04T10:28:39.701114,completed
618,158,154,3,2024-04-04T10:28:39.701114,completed
619,832,153,2,2025-04-11T12:11:11.759708,completed
620,832,164,3,2025-04-11T12:11:11.759708,completed
621,832,22,5,2025-04-11T12:11:11.759708,completed
622,832,28,4,2025-04-11T12:11:11.759708,cancelled
623,832,197,3,2025-04-11T12:11:11.759708,cancelled
624,441,3,1,2024-03-16T21:47:51.829794,completed
625,523,143,4,2025-03-21T06:12:07.538476,completed
626,523,149,4,2025-03-21T06:12:07.538476,completed
627,523,177,5,2025-03-21T06:12:07.538476,completed
628,523,148,2,2025-03-21T06:12:07.538476,completed
629,523,57,1,2025-03-21T06:12:07.538476,completed
630,303,22,3,2025-11-10T20:43:49.942892,completed
631,303,30,4,2025-11-10T20:43:49.942892,completed
632,303,187,5,2025-11-10T20:43:49.942892,completed
633,303,37,4,2025-11-10T20:43:49.942892,completed
634,740,82,1,2024-01-09T15:37:52.804113,completed
635,740,18,3,2024-01-09T15:37:52.804113,completed
636,740,77,2,2024-01-09T15:37:52.804113,cancelled
637,740,12,2,2024-01-09T15:37:52.804113,completed
638,566,85,4,2024-04-09T14:49:22.077406,cancelled
639,566,144,2,2024-04-09T14:49:22.077406,completed
640,645,48,4,2024-04-24T01:13:05.553656,completed
641,645,164,5,2024-04-24T01:13:05.553656,pending
642,461,110,2,2024-11-29T09:17:39.754206,completed
643,461,100,1,2024-11-29T09:17:39.754206,completed
644,461,2,5,2024-11-29T09:17:39.754206,completed
645,461,181,3,2024-11-29T09:17:39.754206,completed
646,461,55,1,2024-11-29T09:17:39.754206,completed
647,884,136,4,2025-08-16T10:29:00.920704,completed
648,884,164,5,2025-08-16T10:29:00.920704,completed
649,884,81,3,2025-08-16T10:29:00.920704,pending
650,884,153,5,2025-08-16T10:29:00.920704,completed
651,690,158,2,2024-01-31T07:15:02.318379,completed
652,690,152,2,2024-01-31T07:15:02.318379,completed
653,690,22,2,2024-01-31T07:15:02.318379,completed
654,145,100,4,2025-05-21T10:33:56.121063,completed
655,145,108,4,2025-05-21T10:33:56.121063,completed
656,145,153,2,2025-05-21T10:33:56.121063,completed
657,145,36,4,2025-05-21T10:33:56.121063,completed
658,145,148,2,2025-05-21T10:33:56.121063,completed
659,462,14,2,2025-07-24T19:54:34.358884,pending
660,462,92,5,2025-07-24T19:54:34.358884,completed
661,462,3,4,2025-07-24T19:54:34.358884,completed
662,462,125,4,2025-07-24T19:54:34.358884,completed
663,462,35,4,2025-07-24T19:54:34.358884,completed
664,85,8,3,2025-12-04T17:12:16.862129,completed
665,85,195,3,2025-12-04T17:12:16.862129,completed
666,85,57,4,2025-12-04T17:12:16.862129,completed
667,85,75,4,2025-12-04T17:12:16.862129,completed
668,85,9,1,2025-12-04T17:12:16.862129,completed
669,275,94,4,2024-08-08T00:57:52.557467,completed
670,275,139,4,2024-08-08T00:57:52.557467,completed
671,275,194,2,2024-08-08T00:57:52.557467,completed
672,275,11,1,2024-08-08T00:57:52.557467,completed
673,275,195,3,2024-08-08T00:57:52.557467,pending
674,90,31,5,2024-07-07T04:08:23.813500,completed
675,90,199,5,2024-07-07T04:08:23.813500,completed
676,90,61,2,2024-07-07T04:08:23.813500,completed
677,90,54,2,2024-07-07T04:08:23.813500,pending
678,825,146,3,2025-07-26T22:21:02.420667,completed
679,612,44,3,2025-01-19T23:29:02.717524,cancelled
680,612,83,5,2025-01-19T23:29:02.717524,refunded
681,612,181,1,2025-01-19T23:29:02.717524,completed
682,612,75,4,2025-01-19T23:29:02.717524,cancelled
683,612,147,3,2025-01-19T23:29:02.717524,pending
684,130,64,3,2025-03-30T19:39:45.025051,pending
685,130,38,4,2025-03-30T19:39:45.025051,completed
686,592,161,4,2024-01-30T13:58:42.897933,completed
687,592,107,1,2024-01-30T13:58:42.897933,completed
688,592,97,3,2024-01-30T13:58:42.897933,completed
689,899,117,5,2025-09-30T00:44:18.359101,completed
690,899,125,1,2025-09-30T00:44:18.359101,completed
691,899,84,4,2025-09-30T00:44:18.359101,completed
692,715,17,2,2024-07-12T21:30:13.872433,cancelled
693,715,137,2,2024-07-12T21:30:13.872433,completed
694,715,102,3,2024-07-12T21:30:13.872433,pending
695,346,148,1,2024-11-25T08:40:48.089250,completed
696,346,34,4,2024-11-25T08:40:48.089250,completed
697,346,145,2,2024-11-25T08:40:48.089250,completed
698,346,125,1,2024-11-25T08:40:48.089250,refunded
699,346,88,4,2024-11-25T08:40:48.089250,completed
700,706,167,2,2024-11-11T04:47:28.722404,pending
701,706,78,3,2024-11-11T04:47:28.722404,completed
702,370,22,2,2024-08-12T20:42:50.477221,completed
703,370,96,3,2024-08-12T20:42:50.477221,completed
704,370,171,2,2024-08-12T20:42:50.477221,completed
705,94,1,2,2024-06-27T11:58:35.413009,completed
706,136,58,1,2025-03-23T01:05:09.545292,completed
707,136,133,1,2025-03-23T01:05:09.545292,refunded
708,136,175,4,2025-03-23T01:05:09.545292,completed
709,136,114,4,2025-03-23T01:05:09.545292,completed
710,136,3,4,2025-03-23T01:05:09.545292,completed
711,826,27,3,2024-11-10T03:13:40.951111,completed
712,307,98,2,2024-12-17T13:21:35.760944,completed
713,307,199,2,2024-12-17T13:21:35.760944,completed
714,577,157,2,2024-08-06T05:25:06.788042,completed
715,740,161,2,2025-02-26T09:01:13.741460,cancelled
716,740,192,5,2025-02-26T09:01:13.741460,completed
717,881,23,2,2024-02-15T11:33:14.419243,completed
718,881,26,5,2024-02-15T11:33:14.419243,completed
719,360,81,1,2025-08-09T21:01:34.245172,completed
720,360,36,5,2025-08-09T21:01:34.245172,completed
721,360,64,5,2025-08-09T21:01:34.245172,completed
722,360,71,1,2025-08-09T21:01:34.245172,pending
723,675,53,5,2025-09-12T17:38:29.932259,completed
724,675,133,4,2025-09-12T17:38:29.932259,completed
725,675,156,1,2025-09-12T17:38:29.932259,completed
726,813,127,1,2025-01-18T23:32:14.611333,completed
727,813,99,5,2025-01-18T23:32:14.611333,completed
728,911,93,3,2025-05-04T16:24:53.439589,completed
729,882,108,4,2025-08-27T17:40:05.057296,cancelled
730,882,94,1,2025-08-27T17:40:05.057296,completed
731,882,140,1,2025-08-27T17:40:05.057296,completed
732,882,175,2,2025-08-27T17:40:05.057296,completed
733,882,45,1,2025-08-27T17:40:05.057296,cancelled
734,408,74,4,2025-06-20T00:53:58.387461,completed
735,408,161,4,2025-06-20T00:53:58.387461,completed
736,408,183,5,2025-06-20T00:53:58.387461,completed
737,408,129,2,2025-06-20T00:53:58.387461,completed
738,408,197,3,2025-06-20T00:53:58.387461,completed
739,944,40,3,2024-11-22T23:45:47.561442,completed
740,944,138,1,2024-11-22T23:45:47.561442,completed
741,448,15,1,2024-02-07T09:13:00.584661,cancelled
742,448,63,1,2024-02-07T09:13:00.584661,completed
743,624,80,2,2025-02-18T22:50:58.254372,completed
744,725,180,2,2024-08-10T23:55:04.781311,completed
745,725,3,3,2024-08-10T23:55:04.781311,completed
746,802,43,3,2025-03-05T01:57:19.327880,completed
747,802,96,1,2025-03-05T01:57:19.327880,completed
748,802,33,1,2025-03-05T01:57:19.327880,completed
749,440,135,5,2025-01-31T10:15:52.846433,completed
750,440,17,4,2025-01-31T10:15:52.846433,completed
751,440,68,3,2025-01-31T10:15:52.846433,completed
752,880,43,1,2024-07-28T22:00:16.823604,pending
753,880,95,1,2024-07-28T22:00:16.823604,completed
754,880,41,5,2024-07-28T22:00:16.823604,completed
755,880,66,1,2024-07-28T22:00:16.823604,completed
756,880,198,4,2024-07-28T22:00:16.823604,completed
757,943,46,5,2024-12-27T10:31:46.683152,pending
758,943,10,4,2024-12-27T10:31:46.683152,completed
759,255,185,5,2025-03-09T11:04:48.963742,completed
760,255,82,5,2025-03-09T11:04:48.963742,completed
761,255,70,1,2025-03-09T11:04:48.963742,completed
762,255,20,5,2025-03-09T11:04:48.963742,refunded
763,977,18,3,2025-05-24T04:48:05.043329,completed
764,977,120,5,2025-05-24T04:48:05.043329,completed
765,977,73,3,2025-05-24T04:48:05.043329,completed
766,977,199,5,2025-05-24T04:48:05.043329,completed
767,758,63,2,2024-10-01T06:38:51.254609,completed
768,758,119,5,2024-10-01T06:38:51.254609,completed
769,758,95,2,2024-10-01T06:38:51.254609,completed
770,758,152,4,2024-10-01T06:38:51.254609,completed
771,758,127,5,2024-10-01T06:38:51.254609,completed
772,860,86,1,2024-10-11T18:45:32.950084,completed
773,386,27,2,2025-01-25T15:47:46.301574,completed
774,386,53,1,2025-01-25T15:47:46.301574,refunded
775,386,136,2,2025-01-25T15:47:46.301574,completed
776,96,60,5,2024-12-24T05:23:39.293445,completed
777,918,118,5,2025-01-26T01:43:04.796649,completed
778,918,192,2,2025-01-26T01:43:04.796649,completed
779,918,22,4,2025-01-26T01:43:04.796649,completed
780,582,112,2,2024-11-08T18:20:10.413446,completed
781,268,101,3,2024-05-18T23:02:48.478524,completed
782,268,180,3,2024-05-18T23:02:48.478524,completed
783,268,189,2,2024-05-18T23:02:48.478524,completed
784,789,28,3,2024-01-06T15:23:19.179075,completed
785,789,40,5,2024-01-06T15:23:19.179075,completed
786,789,43,2,2024-01-06T15:23:19.179075,completed
787,789,116,4,2024-01-06T15:23:19.179075,completed
788,789,120,1,2024-01-06T15:23:19.179075,completed
789,827,181,1,2024-04-12T13:49:45.876306,completed
790,827,179,3,2024-04-12T13:49:45.876306,completed
791,827,155,2,2024-04-12T13:49:45.876306,cancelled
792,406,13,1,2024-01-02T06:54:05.464182,cancelled
793,406,174,4,2024-01-02T06:54:05.464182,completed
794,406,77,5,2024-01-02T06:54:05.464182,completed
795,406,67,4,2024-01-02T06:54:05.464182,completed
796,406,45,2,2024-01-02T06:54:05.464182,completed
797,64,34,4,2024-12-04T20:05:05.755097,completed
798,64,51,1,2024-12-04T20:05:05.755097,completed
799,266,6,1,2024-02-16T20:30:24.626924,completed
800,662,33,1,2024-06-11T15:38:03.747481,cancelled
801,662,24,1,2024-06-11T15:38:03.747481,completed
802,662,85,5,2024-06-11T15:38:03.747481,completed
803,662,32,4,2024-06-11T15:38:03.747481,completed
804,392,45,3,2024-10-07T12:23:38.638757,completed
805,392,91,2,2024-10-07T12:23:38.638757,completed
806,392,55,5,2024-10-07T12:23:38.638757,completed
807,392,48,3,2024-10-07T12:23:38.638757,completed
808,904,123,2,2024-03-09T09:41:51.575556,completed
809,904,16,5,2024-03-09T09:41:51.575556,completed
810,904,23,5,2024-03-09T09:41:51.575556,completed
811,904,72,4,2024-03-09T09:41:51.575556,completed
812,904,99,3,2024-03-09T09:41:51.575556,completed
813,801,89,4,2024-03-13T14:21:55.978862,completed
814,801,145,1,2024-03-13T14:21:55.978862,completed
815,801,129,2,2024-03-13T14:21:55.978862,completed
816,801,83,3,2024-03-13T14:21:55.978862,completed
817,484,92,1,2025-03-26T07:34:11.267610,completed
818,484,197,2,2025-03-26T07:34:11.267610,completed
819,484,150,1,2025-03-26T07:34:11.267610,completed
820,484,60,2,2025-03-26T07:34:11.267610,completed
821,484,41,4,2025-03-26T07:34:11.267610,completed
822,860,46,5,2025-04-21T20:01:28.625171,completed
823,860,61,3,2025-04-21T20:01:28.625171,cancelled
824,29,146,5,2024-01-10T07:06:06.449181,cancelled
825,29,145,4,2024-01-10T07:06:06.449181,completed
826,29,37,2,2024-01-10T07:06:06.449181,completed
827,93,60,5,2025-09-01T15:41:04.794968,completed
828,540,1,2,2025-06-12T04:58:31.305419,completed
829,540,85,2,2025-06-12T04:58:31.305419,cancelled
830,540,158,3,2025-06-12T04:58:31.305419,completed
831,540,52,2,2025-06-12T04:58:31.305419,completed
832,940,199,5,2025-01-23T15:39:13.203991,pending
833,940,29,1,2025-01-23T15:39:13.203991,completed
834,965,151,3,2025-08-01T15:34:06.711006,completed
835,965,26,2,2025-08-01T15:34:06.711006,completed
836,965,87,4,2025-08-01T15:34:06.711006,completed
837,965,78,4,2025-08-01T15:34:06.711006,completed
838,179,178,5,2024-03-02T19:48:37.681045,pending
839,179,158,4,2024-03-02T19:48:37.681045,completed
840,179,92,3,2024-03-02T19:48:37.681045,completed
841,179,58,1,2024-03-02T19:48:37.681045,cancelled
842,179,171,5,2024-03-02T19:48:37.681045,completed
843,790,9,2,2025-10-29T02:57:16.551753,completed
844,790,47,1,2025-10-29T02:57:16.551753,cancelled
845,790,155,2,2025-10-29T02:57:16.551753,completed
846,790,82,1,2025-10-29T02:57:16.551753,completed
847,790,157,3,2025-10-29T02:57:16.551753,completed
848,907,182,3,2025-04-06T14:19:39.684548,completed
849,272,64,1,2025-01-18T10:05:56.624280,completed
850,272,178,1,2025-01-18T10:05:56.624280,completed
851,50,113,4,2025-04-04T01:34:33.176952,completed
852,50,188,4,2025-04-04T01:34:33.176952,completed
853,50,108,4,2025-04-04T01:34:33.176952,completed
854,50,43,4,2025-04-04T01:34:33.176952,completed
855,592,42,1,2025-08-30T21:46:59.219895,completed
856,592,116,1,2025-08-30T21:46:59.219895,completed
857,327,27,2,2025-07-15T17:51:05.749722,pending
858,327,19,2,2025-07-15T17:51:05.749722,completed
859,327,88,5,2025-07-15T17:51:05.749722,cancelled
860,96,153,1,2024-03-01T17:55:09.870171,completed
861,96,158,2,2024-03-01T17:55:09.870171,completed
862,96,124,4,2024-03-01T17:55:09.870171,completed
863,104,53,5,2025-07-03T05:40:43.141026,completed
864,104,49,5,2025-07-03T05:40:43.141026,completed
865,104,105,3,2025-07-03T05:40:43.141026,completed
866,99,101,5,2025-08-07T15:18:47.756259,completed
867,503,14,1,2024-01-09T08:14:00.587959,completed
868,503,93,3,2024-01-09T08:14:00.587959,pending
869,641,123,2,2025-08-16T10:24:07.926308,completed
870,641,52,1,2025-08-16T10:24:07.926308,completed
871,641,25,1,2025-08-16T10:24:07.926308,completed
872,641,7,4,2025-08-16T10:24:07.926308,completed
873,641,53,3,2025-08-16T10:24:07.926308,completed
874,558,48,1,2023-12-26T02:11:33.053137,completed
875,558,95,4,2023-12-26T02:11:33.053137,completed
876,558,98,3,2023-12-26T02:11:33.053137,completed
877,558,115,2,2023-12-26T02:11:33.053137,completed
878,684,22,3,2024-10-09T10:42:34.777630,pending
879,424,59,4,2025-05-26T10:28:01.337940,cancelled
880,424,142,4,2025-05-26T10:28:01.337940,completed
881,424,16,2,2025-05-26T10:28:01.337940,completed
882,424,100,1,2025-05-26T10:28:01.337940,completed
883,424,134,1,2025-05-26T10:28:01.337940,completed
884,923,147,4,2025-09-01T17:10:37.492860,completed
885,923,174,2,2025-09-01T17:10:37.492860,refunded
886,923,159,2,2025-09-01T17:10:37.492860,completed
887,923,38,4,2025-09-01T17:10:37.492860,completed
888,923,31,4,2025-09-01T17:10:37.492860,completed
889,843,153,3,2025-02-28T07:20:27.187247,cancelled
890,843,67,1,2025-02-28T07:20:27.187247,completed
891,570,142,4,2025-09-18T17:04:33.853053,cancelled
892,570,84,1,2025-09-18T17:04:33.853053,completed
893,570,71,5,2025-09-18T17:04:33.853053,completed
894,570,134,4,2025-09-18T17:04:33.853053,completed
895,154,146,5,2024-01-24T08:01:21.871624,completed
896,154,151,1,2024-01-24T08:01:21.871624,cancelled
897,577,74,5,2025-02-21T02:34:57.435322,pending
898,899,68,5,2024-05-29T05:56:38.181496,completed
899,899,99,1,2024-05-29T05:56:38.181496,completed
900,899,168,4,2024-05-29T05:56:38.181496,completed
901,899,125,5,2024-05-29T05:56:38.181496,completed
902,412,102,3,2025-07-12T05:39:41.180091,completed
903,51,69,3,2025-02-23T13:11:45.784435,completed
904,51,96,4,2025-02-23T13:11:45.784435,pending
905,51,6,1,2025-02-23T13:11:45.784435,refunded
906,51,87,2,2025-02-23T13:11:45.784435,completed
907,998,199,4,2024-04-04T02:52:59.550387,completed
908,998,83,1,2024-04-04T02:52:59.550387,completed
909,998,69,2,2024-04-04T02:52:59.550387,cancelled
910,998,187,4,2024-04-04T02:52:59.550387,completed
911,778,96,3,2025-01-28T02:32:49.792635,completed
912,778,15,4,2025-01-28T02:32:49.792635,completed
913,778,132,5,2025-01-28T02:32:49.792635,pending
914,778,41,1,2025-01-28T02:32:49.792635,completed
915,778,17,2,2025-01-28T02:32:49.792635,pending
916,256,117,1,2025-10-03T14:31:49.413538,cancelled
917,722,71,4,2024-06-01T12:05:35.074683,completed
918,722,95,1,2024-06-01T12:05:35.074683,completed
919,248,126,2,2025-10-12T05:48:51.628947,cancelled
920,248,153,4,2025-10-12T05:48:51.628947,completed
921,248,115,3,2025-10-12T05:48:51.628947,completed
922,858,192,3,2024-12-28T12:00:18.230464,completed
923,858,177,1,2024-12-28T12:00:18.230464,completed
924,858,24,5,2024-12-28T12:00:18.230464,completed
925,220,166,2,2025-10-30T01:43:16.713204,completed
926,220,58,4,2025-10-30T01:43:16.713204,completed
927,886,122,2,2024-11-03T22:00:53.408697,completed
928,616,58,3,2024-07-29T20:35:20.990435,completed
929,966,183,3,2025-10-09T22:15:29.610462,completed
930,966,182,4,2025-10-09T22:15:29.610462,pending
931,966,165,4,2025-10-09T22:15:29.610462,completed
932,478,174,4,2025-10-23T22:51:53.546278,completed
933,478,134,1,2025-10-23T22:51:53.546278,completed
934,478,160,3,2025-10-23T22:51:53.546278,completed
935,609,73,1,2024-06-15T04:03:00.174788,completed
936,609,77,3,2024-06-15T04:03:00.174788,completed
937,609,176,3,2024-06-15T04:03:00.174788,completed
938,609,28,3,2024-06-15T04:03:00.174788,completed
939,609,124,5,2024-06-15T04:03:00.174788,completed
940,922,154,4,2024-08-07T21:53:10.703290,completed
941,698,185,4,2024-10-23T06:38:12.421611,refunded
942,698,7,3,2024-10-23T06:38:12.421611,cancelled
943,415,189,5,2024-08-16T11:22:11.682943,pending
944,415,10,3,2024-08-16T11:22:11.682943,completed
945,415,150,2,2024-08-16T11:22:11.682943,completed
946,415,182,4,2024-08-16T11:22:11.682943,cancelled
947,688,130,5,2024-12-28T05:53:49.688610,completed
948,688,77,1,2024-12-28T05:53:49.688610,completed
949,688,44,3,2024-12-28T05:53:49.688610,completed
950,573,175,1,2024-10-18T04:39:45.243113,completed
951,573,86,2,2024-10-18T04:39:45.243113,completed
952,315,85,3,2025-01-02T17:56:34.830473,completed
953,315,96,1,2025-01-02T17:56:34.830473,completed
954,315,67,5,2025-01-02T17:56:34.830473,completed
955,315,150,5,2025-01-02T17:56:34.830473,completed
956,911,129,4,2025-06-05T21:49:05.081900,completed
957,911,31,4,2025-06-05T21:49:05.081900,completed
958,875,36,3,2024-06-02T12:20:04.832273,completed
959,875,52,5,2024-06-02T12:20:04.832273,pending
960,469,81,2,2025-12-01T17:41:09.677656,completed
961,469,184,4,2025-12-01T17:41:09.677656,completed
962,182,163,4,2024-08-24T01:58:15.762978,completed
963,182,15,2,2024-08-24T01:58:15.762978,completed
964,182,2,2,2024-08-24T01:58:15.762978,completed
965,782,34,5,2025-05-08T08:32:00.608690,completed
966,440,110,1,2023-12-30T15:21:32.222696,completed
967,440,123,3,2023-12-30T15:21:32.222696,cancelled
968,440,99,3,2023-12-30T15:21:32.222696,completed
969,440,2,5,2023-12-30T15:21:32.222696,completed
970,693,161,2,2024-12-10T13:44:16.017394,completed
971,899,80,4,2024-06-10T10:21:43.412050,completed
972,899,34,3,2024-06-10T10:21:43.412050,completed
973,899,27,1,2024-06-10T10:21:43.412050,completed
974,298,187,3,2024-03-04T03:14:42.123049,completed
975,298,134,2,2024-03-04T03:14:42.123049,completed
976,298,153,4,2024-03-04T03:14:42.123049,completed
977,298,135,2,2024-03-04T03:14:42.123049,completed
978,929,5,2,2024-04-23T17:15:12.504108,completed
979,929,59,1,2024-04-23T17:15:12.504108,completed
980,929,58,2,2024-04-23T17:15:12.504108,completed
981,929,187,1,2024-04-23T17:15:12.504108,completed
982,656,198,1,2025-07-31T06:28:10.442306,completed
983,656,137,1,2025-07-31T06:28:10.442306,completed
984,656,160,1,2025-07-31T06:28:10.442306,completed
985,119,114,3,2025-10-07T12:00:53.357445,completed
986,119,98,2,2025-10-07T12:00:53.357445,completed
987,119,32,1,2025-10-07T12:00:53.357445,completed
988,119,141,1,2025-10-07T12:00:53.357445,completed
989,277,156,5,2024-05-28T04:57:00.517990,completed
990,277,180,1,2024-05-28T04:57:00.517990,completed
991,277,36,1,2024-05-28T04:57:00.517990,completed
992,277,108,5,2024-05-28T04:57:00.517990,completed
993,277,27,3,2024-05-28T04:57:00.517990,pending
994,997,92,4,2024-08-12T19:43:45.692465,completed
995,997,181,1,2024-08-12T19:43:45.692465,completed
996,933,177,3,2024-08-25T12:03:32.811467,completed
997,933,124,1,2024-08-25T12:03:32.811467,completed
998,929,147,4,2024-01-21T03:27:30.783293,completed
999,93,20,2,2025-08-28T14:05:17.516082,completed
1000,93,186,3,2025-08-28T14:05:17.516082,completed
1001,93,26,1,2025-08-28T14:05:17.516082,completed
1002,93,66,2,2025-08-28T14:05:17.516082,pending
1003,93,165,3,2025-08-28T14:05:17.516082,completed
1004,694,110,1,2024-08-09T10:51:31.940706,pending
1005,694,190,1,2024-08-09T10:51:31.940706,completed
1006,694,30,2,2024-08-09T10:51:31.940706,completed
1007,175,92,3,2025-04-27T20:07:01.917473,pending
1008,175,113,1,2025-04-27T20:07:01.917473,completed
1009,175,160,3,2025-04-27T20:07:01.917473,completed
1010,411,117,4,2024-01-13T20:36:26.306763,completed
1011,411,70,2,2024-01-13T20:36:26.306763,completed
1012,411,99,1,2024-01-13T20:36:26.306763,refunded
1013,411,177,2,2024-01-13T20:36:26.306763,completed
1014,934,124,5,2024-03-22T16:50:40.948741,completed
1015,934,146,3,2024-03-22T16:50:40.948741,completed
1016,934,174,2,2024-03-22T16:50:40.948741,completed
1017,934,113,4,2024-03-22T16:50:40.948741,completed
1018,934,47,4,2024-03-22T16:50:40.948741,completed
1019,65,168,5,2024-02-27T07:55:09.036308,completed
1020,65,81,5,2024-02-27T07:55:09.036308,completed
1021,65,4,2,2024-02-27T07:55:09.036308,refunded
1022,686,133,5,2024-12-04T10:31:16.881138,completed
1023,686,134,2,2024-12-04T10:31:16.881138,completed
1024,686,177,4,2024-12-04T10:31:16.881138,completed
1025,847,157,5,2025-03-05T19:03:54.368723,pending
1026,847,14,4,2025-03-05T19:03:54.368723,pending
1027,847,3,1,2025-03-05T19:03:54.368723,completed
1028,847,165,3,2025-03-05T19:03:54.368723,completed
1029,847,41,3,2025-03-05T19:03:54.368723,completed
1030,229,165,4,2025-09-21T16:54:57.988522,completed
1031,229,97,5,2025-09-21T16:54:57.988522,completed
1032,229,104,4,2025-09-21T16:54:57.988522,completed
1033,229,61,1,2025-09-21T16:54:57.988522,refunded
1034,229,21,1,2025-09-21T16:54:57.988522,completed
1035,423,143,5,2024-05-31T14:00:10.961511,completed
1036,94,159,2,2024-07-07T23:42:01.921261,completed
1037,94,164,4,2024-07-07T23:42:01.921261,cancelled
1038,94,78,3,2024-07-07T23:42:01.921261,pending
1039,94,131,2,2024-07-07T23:42:01.921261,pending
1040,94,144,3,2024-07-07T23:42:01.921261,completed
1041,635,122,1,2025-08-12T12:34:32.181713,completed
1042,635,184,2,2025-08-12T12:34:32.181713,completed
1043,635,169,3,2025-08-12T12:34:32.181713,pending
1044,635,94,3,2025-08-12T12:34:32.181713,completed
1045,635,116,3,2025-08-12T12:34:32.181713,completed
1046,47,127,4,2024-06-30T08:39:18.219082,completed
1047,47,36,5,2024-06-30T08:39:18.219082,completed
1048,124,56,3,2024-08-04T06:10:22.066782,completed
1049,124,118,4,2024-08-04T06:10:22.066782,completed
1050,124,49,5,2024-08-04T06:10:22.066782,completed
1051,124,184,4,2024-08-04T06:10:22.066782,completed
1052,604,35,1,2025-12-07T04:08:30.285252,completed
1053,604,128,4,2025-12-07T04:08:30.285252,pending
1054,604,2,4,2025-12-07T04:08:30.285252,cancelled
1055,604,136,2,2025-12-07T04:08:30.285252,completed
1056,604,189,2,2025-12-07T04:08:30.285252,completed
1057,132,100,5,2025-01-16T12:04:13.769937,completed
1058,330,99,2,2024-03-06T09:45:21.793404,completed
1059,330,108,3,2024-03-06T09:45:21.793404,refunded
1060,330,156,4,2024-03-06T09:45:21.793404,pending
1061,330,178,2,2024-03-06T09:45:21.793404,completed
1062,330,196,5,2024-03-06T09:45:21.793404,completed
1063,719,81,2,2024-02-14T17:15:02.840289,completed
1064,719,183,5,2024-02-14T17:15:02.840289,completed
1065,719,189,3,2024-02-14T17:15:02.840289,cancelled
1066,719,142,2,2024-02-14T17:15:02.840289,refunded
1067,719,162,2,2024-02-14T17:15:02.840289,completed
1068,711,182,3,2024-02-05T14:50:02.972945,completed
1069,711,30,5,2024-02-05T14:50:02.972945,completed
1070,711,195,4,2024-02-05T14:50:02.972945,completed
1071,916,74,1,2025-09-29T10:34:18.373656,completed
1072,916,109,1,2025-09-29T10:34:18.373656,completed
1073,916,4,2,2025-09-29T10:34:18.373656,completed
1074,916,134,2,2025-09-29T10:34:18.373656,refunded
1075,916,28,3,2025-09-29T10:34:18.373656,completed
1076,64,53,1,2025-11-14T14:44:15.287118,completed
1077,64,193,4,2025-11-14T14:44:15.287118,completed
1078,64,139,5,2025-11-14T14:44:15.287118,pending
1079,761,100,1,2025-04-09T18:45:55.286075,cancelled
1080,761,61,4,2025-04-09T18:45:55.286075,completed
1081,761,131,3,2025-04-09T18:45:55.286075,cancelled
1082,761,179,1,2025-04-09T18:45:55.286075,completed
1083,761,74,3,2025-04-09T18:45:55.286075,completed
1084,890,58,3,2025-05-16T10:08:46.546053,completed
1085,890,163,5,2025-05-16T10:08:46.546053,completed
1086,890,181,2,2025-05-16T10:08:46.546053,completed
1087,890,182,2,2025-05-16T10:08:46.546053,completed
1088,182,48,2,2025-06-22T15:56:20.322222,completed
1089,123,11,3,2025-11-03T19:53:15.655146,completed
1090,123,110,5,2025-11-03T19:53:15.655146,pending
1091,123,72,1,2025-11-03T19:53:15.655146,completed
1092,123,143,2,2025-11-03T19:53:15.655146,completed
1093,951,153,5,2025-12-04T04:38:09.360549,pending
1094,951,14,3,2025-12-04T04:38:09.360549,completed
1095,951,199,5,2025-12-04T04:38:09.360549,completed
1096,75,135,5,2025-07-22T10:06:14.386605,completed
1097,75,57,5,2025-07-22T10:06:14.386605,completed
1098,75,48,5,2025-07-22T10:06:14.386605,completed
1099,95,57,3,2025-09-02T11:05:42.078311,completed
1100,95,55,3,2025-09-02T11:05:42.078311,completed
1101,95,170,5,2025-09-02T11:05:42.078311,completed
1102,575,30,3,2024-05-13T21:53:16.255020,completed
1103,927,160,4,2025-01-15T07:18:19.644085,cancelled
1104,927,63,1,2025-01-15T07:18:19.644085,completed
1105,927,11,5,2025-01-15T07:18:19.644085,completed
1106,927,175,1,2025-01-15T07:18:19.644085,cancelled
1107,927,83,3,2025-01-15T07:18:19.644085,completed
1108,521,125,2,2024-11-09T06:10:57.025369,completed
1109,521,12,1,2024-11-09T06:10:57.025369,cancelled
1110,521,76,2,2024-11-09T06:10:57.025369,refunded
1111,521,167,5,2024-11-09T06:10:57.025369,completed
1112,642,54,2,2024-08-13T20:10:52.794856,pending
1113,435,53,5,2025-06-20T20:16:20.464022,pending
1114,900,166,2,2025-08-10T07:24:40.067388,completed
1115,900,19,3,2025-08-10T07:24:40.067388,completed
1116,900,192,1,2025-08-10T07:24:40.067388,completed
1117,900,176,3,2025-08-10T07:24:40.067388,completed
1118,589,67,4,2025-07-10T02:58:14.664175,completed
1119,589,105,4,2025-07-10T02:58:14.664175,completed
1120,18,173,5,2025-03-04T12:08:46.407586,completed
1121,18,31,5,2025-03-04T12:08:46.407586,completed
1122,18,137,1,2025-03-04T12:08:46.407586,completed
1123,18,2,5,2025-03-04T12:08:46.407586,completed
1124,806,156,4,2025-06-16T04:06:57.462225,completed
1125,806,23,1,2025-06-16T04:06:57.462225,completed
1126,806,73,5,2025-06-16T04:06:57.462225,completed
1127,765,140,3,2025-02-18T15:43:41.475138,completed
1128,765,76,3,2025-02-18T15:43:41.475138,cancelled
1129,765,163,1,2025-02-18T15:43:41.475138,completed
1130,765,37,5,2025-02-18T15:43:41.475138,completed
1131,43,147,5,2024-11-04T19:57:32.488393,completed
1132,561,79,2,2025-09-18T10:40:48.158300,completed
1133,926,55,5,2025-03-16T07:37:31.363715,completed
1134,926,106,2,2025-03-16T07:37:31.363715,completed
1135,926,166,3,2025-03-16T07:37:31.363715,completed
1136,186,14,5,2025-01-16T17:53:23.002947,completed
1137,186,193,1,2025-01-16T17:53:23.002947,completed
1138,186,141,2,2025-01-16T17:53:23.002947,completed
1139,186,119,4,2025-01-16T17:53:23.002947,cancelled
1140,186,166,3,2025-01-16T17:53:23.002947,completed
1141,672,26,5,2025-09-19T04:11:28.134987,completed
1142,672,73,2,2025-09-19T04:11:28.134987,completed
1143,462,158,5,2024-04-02T18:21:50.986315,completed
1144,462,169,5,2024-04-02T18:21:50.986315,completed
1145,462,79,3,2024-04-02T18:21:50.986315,cancelled
1146,173,81,2,2025-03-31T14:01:24.375092,completed
1147,730,71,3,2024-07-28T22:56:15.425030,pending
1148,730,93,4,2024-07-28T22:56:15.425030,completed
1149,730,35,3,2024-07-28T22:56:15.425030,completed
1150,730,174,1,2024-07-28T22:56:15.425030,completed
1151,622,72,2,2025-07-11T05:51:10.336822,pending
1152,202,188,1,2024-07-02T23:48:18.144202,pending
1153,202,161,5,2024-07-02T23:48:18.144202,completed
1154,202,20,5,2024-07-02T23:48:18.144202,completed
1155,788,55,5,2024-10-27T09:18:50.144078,completed
1156,788,10,2,2024-10-27T09:18:50.144078,completed
1157,788,142,2,2024-10-27T09:18:50.144078,pending
1158,788,67,5,2024-10-27T09:18:50.144078,completed
1159,788,140,3,2024-10-27T09:18:50.144078,completed
1160,514,24,2,2024-07-21T04:33:59.204569,pending
1161,514,102,5,2024-07-21T04:33:59.204569,completed
1162,514,94,5,2024-07-21T04:33:59.204569,completed
1163,514,129,2,2024-07-21T04:33:59.204569,completed
1164,514,3,5,2024-07-21T04:33:59.204569,completed
1165,991,189,4,2024-10-16T21:56:50.709861,cancelled
1166,991,188,1,2024-10-16T21:56:50.709861,completed
1167,500,17,3,2024-11-30T11:37:59.638557,completed
1168,500,68,2,2024-11-30T11:37:59.638557,completed
1169,811,100,1,2025-08-03T18:51:01.559870,completed
1170,811,121,3,2025-08-03T18:51:01.559870,completed
1171,811,117,5,2025-08-03T18:51:01.559870,completed
1172,281,149,2,2024-01-08T00:26:45.051173,completed
1173,281,140,4,2024-01-08T00:26:45.051173,completed
1174,281,146,1,2024-01-08T00:26:45.051173,completed
1175,386,133,3,2025-06-29T01:09:41.202590,pending
1176,386,104,3,2025-06-29T01:09:41.202590,completed
1177,494,2,2,2024-06-07T08:19:28.892828,completed
1178,494,129,3,2024-06-07T08:19:28.892828,completed
1179,494,36,2,2024-06-07T08:19:28.892828,completed
1180,494,113,5,2024-06-07T08:19:28.892828,completed
1181,494,43,1,2024-06-07T08:19:28.892828,completed
1182,425,185,4,2025-07-06T23:42:16.582987,completed
1183,425,30,5,2025-07-06T23:42:16.582987,completed
1184,425,124,4,2025-07-06T23:42:16.582987,completed
1185,45,147,2,2025-06-03T00:06:15.200602,completed
1186,45,152,5,2025-06-03T00:06:15.200602,completed
1187,587,15,3,2024-10-28T01:27:55.009893,cancelled
1188,587,43,5,2024-10-28T01:27:55.009893,cancelled
1189,614,164,3,2024-07-25T17:58:25.795148,cancelled
1190,614,5,2,2024-07-25T17:58:25.795148,completed
1191,614,185,4,2024-07-25T17:58:25.795148,pending
1192,614,187,2,2024-07-25T17:58:25.795148,completed
1193,614,170,4,2024-07-25T17:58:25.795148,completed
1194,814,197,3,2024-01-05T18:15:35.015855,completed
1195,814,47,3,2024-01-05T18:15:35.015855,cancelled
1196,814,160,5,2024-01-05T18:15:35.015855,completed
1197,814,169,2,2024-01-05T18:15:35.015855,completed
1198,814,131,2,2024-01-05T18:15:35.015855,completed
1199,208,130,1,2024-10-31T12:26:59.172771,completed
1200,208,176,5,2024-10-31T12:26:59.172771,completed
1201,208,108,5,2024-10-31T12:26:59.172771,completed
1202,208,39,1,2024-10-31T12:26:59.172771,completed
1203,208,156,2,2024-10-31T12:26:59.172771,cancelled
1204,553,199,4,2025-11-04T20:49:48.765281,completed
1205,380,179,5,2025-03-12T20:16:38.139362,completed
1206,961,197,5,2024-12-05T09:44:42.534066,completed
1207,961,98,2,2024-12-05T09:44:42.534066,completed
1208,961,90,2,2024-12-05T09:44:42.534066,cancelled
1209,961,151,1,2024-12-05T09:44:42.534066,completed
1210,898,105,1,2025-06-26T22:19:08.334378,completed
1211,898,66,1,2025-06-26T22:19:08.334378,completed
1212,898,49,4,2025-06-26T22:19:08.334378,completed
1213,898,2,3,2025-06-26T22:19:08.334378,completed
1214,898,182,1,2025-06-26T22:19:08.334378,completed
1215,668,65,3,2024-12-24T14:13:46.444134,completed
1216,668,67,4,2024-12-24T14:13:46.444134,completed
1217,668,138,4,2024-12-24T14:13:46.444134,completed
1218,668,109,5,2024-12-24T14:13:46.444134,completed
1219,668,145,3,2024-12-24T14:13:46.444134,completed
1220,496,79,4,2024-05-21T02:45:27.849970,completed
1221,496,148,1,2024-05-21T02:45:27.849970,completed
1222,496,89,4,2024-05-21T02:45:27.849970,completed
1223,973,26,5,2024-03-16T21:24:49.302899,completed
1224,973,55,3,2024-03-16T21:24:49.302899,pending
1225,629,42,4,2025-02-18T07:11:15.499078,cancelled
1226,6,38,4,2024-12-18T21:15:55.126406,cancelled
1227,446,17,3,2024-11-15T20:36:17.726983,completed
1228,82,10,5,2025-10-20T19:03:47.619417,completed
1229,82,186,5,2025-10-20T19:03:47.619417,completed
1230,82,99,2,2025-10-20T19:03:47.619417,completed
1231,82,103,4,2025-10-20T19:03:47.619417,completed
1232,82,158,5,2025-10-20T19:03:47.619417,completed
1233,35,131,2,2025-03-04T06:31:36.949104,completed
1234,35,133,3,2025-03-04T06:31:36.949104,completed
1235,35,179,1,2025-03-04T06:31:36.949104,refunded
1236,35,60,1,2025-03-04T06:31:36.949104,refunded
1237,35,158,4,2025-03-04T06:31:36.949104,completed
1238,405,151,1,2025-05-17T16:39:10.909260,cancelled
1239,405,52,5,2025-05-17T16:39:10.909260,completed
1240,405,133,5,2025-05-17T16:39:10.909260,cancelled
1241,405,4,3,2025-05-17T16:39:10.909260,completed
1242,836,58,4,2024-04-06T13:09:04.536492,cancelled
1243,836,156,5,2024-04-06T13:09:04.536492,completed
1244,836,50,2,2024-04-06T13:09:04.536492,completed
1245,110,19,5,2024-11-05T18:15:11.384626,cancelled
1246,110,129,5,2024-11-05T18:15:11.384626,pending
1247,110,76,5,2024-11-05T18:15:11.384626,completed
1248,110,88,4,2024-11-05T18:15:11.384626,cancelled
1249,110,30,5,2024-11-05T18:15:11.384626,completed
1250,250,199,4,2024-03-06T06:04:25.265183,pending
1251,250,118,1,2024-03-06T06:04:25.265183,completed
1252,250,175,3,2024-03-06T06:04:25.265183,completed
1253,649,174,2,2024-10-03T09:25:23.506520,pending
1254,649,180,4,2024-10-03T09:25:23.506520,cancelled
1255,529,3,1,2025-02-01T16:39:47.211453,completed
1256,529,180,3,2025-02-01T16:39:47.211453,completed
1257,529,68,2,2025-02-01T16:39:47.211453,completed
1258,529,64,3,2025-02-01T16:39:47.211453,completed
1259,529,74,5,2025-02-01T16:39:47.211453,completed
1260,970,128,2,2025-06-15T17:19:37.789268,completed
1261,970,189,2,2025-06-15T17:19:37.789268,pending
1262,212,52,5,2025-05-23T01:51:09.319267,completed
1263,212,64,1,2025-05-23T01:51:09.319267,completed
1264,81,158,1,2024-03-29T19:22:12.092232,pending
1265,81,2,3,2024-03-29T19:22:12.092232,completed
1266,81,196,4,2024-03-29T19:22:12.092232,pending
1267,81,139,5,2024-03-29T19:22:12.092232,pending
1268,503,196,3,2025-08-18T03:32:22.607538,completed
1269,503,131,5,2025-08-18T03:32:22.607538,completed
1270,539,123,3,2024-08-19T01:08:06.578140,completed
1271,539,139,2,2024-08-19T01:08:06.578140,completed
1272,539,9,1,2024-08-19T01:08:06.578140,completed
1273,539,129,4,2024-08-19T01:08:06.578140,completed
1274,9,173,2,2024-09-14T23:22:57.486362,completed
1275,104,93,2,2025-05-19T02:18:46.403071,completed
1276,104,157,2,2025-05-19T02:18:46.403071,completed
1277,104,67,5,2025-05-19T02:18:46.403071,completed
1278,189,109,3,2024-07-30T05:33:30.428345,completed
1279,189,54,4,2024-07-30T05:33:30.428345,completed
1280,189,108,2,2024-07-30T05:33:30.428345,completed
1281,189,180,5,2024-07-30T05:33:30.428345,completed
1282,834,185,3,2024-04-18T12:14:05.056655,pending
1283,569,98,2,2025-08-12T03:24:56.196451,completed
1284,569,51,1,2025-08-12T03:24:56.196451,completed
1285,569,38,4,2025-08-12T03:24:56.196451,completed
1286,569,190,5,2025-08-12T03:24:56.196451,completed
1287,324,77,1,2024-06-03T12:02:58.359000,completed
1288,324,65,2,2024-06-03T12:02:58.359000,completed
1289,324,144,3,2024-06-03T12:02:58.359000,completed
1290,324,146,1,2024-06-03T12:02:58.359000,completed
1291,343,93,3,2024-07-27T03:40:58.229523,completed
1292,343,144,4,2024-07-27T03:40:58.229523,completed
1293,343,143,5,2024-07-27T03:40:58.229523,completed
1294,590,45,5,2024-09-20T13:05:12.582853,completed
1295,590,200,4,2024-09-20T13:05:12.582853,pending
1296,590,73,4,2024-09-20T13:05:12.582853,completed
1297,590,91,4,2024-09-20T13:05:12.582853,completed
1298,590,84,2,2024-09-20T13:05:12.582853,pending
1299,656,108,5,2025-12-15T01:39:04.152515,completed
1300,656,162,1,2025-12-15T01:39:04.152515,completed
1301,656,157,3,2025-12-15T01:39:04.152515,completed
1302,325,182,4,2024-09-18T07:19:04.968441,completed
1303,325,69,4,2024-09-18T07:19:04.968441,completed
1304,325,155,3,2024-09-18T07:19:04.968441,completed
1305,534,106,2,2025-01-25T16:53:06.690198,completed
1306,534,43,3,2025-01-25T16:53:06.690198,cancelled
1307,534,48,1,2025-01-25T16:53:06.690198,completed
1308,534,6,4,2025-01-25T16:53:06.690198,completed
1309,66,141,4,2025-03-22T19:58:57.085890,completed
1310,66,14,1,2025-03-22T19:58:57.085890,completed
1311,66,7,5,2025-03-22T19:58:57.085890,completed
1312,66,198,4,2025-03-22T19:58:57.085890,completed
1313,254,114,2,2024-06-23T16:48:07.576663,completed
1314,254,161,2,2024-06-23T16:48:07.576663,completed
1315,254,33,3,2024-06-23T16:48:07.576663,pending
1316,334,120,4,2024-06-18T16:42:04.312407,completed
1317,334,139,5,2024-06-18T16:42:04.312407,completed
1318,334,70,5,2024-06-18T16:42:04.312407,completed
1319,334,141,5,2024-06-18T16:42:04.312407,completed
1320,656,80,1,2024-11-01T03:25:20.259479,completed
1321,656,89,3,2024-11-01T03:25:20.259479,completed
1322,656,124,2,2024-11-01T03:25:20.259479,completed
1323,656,139,1,2024-11-01T03:25:20.259479,completed
1324,656,59,2,2024-11-01T03:25:20.259479,completed
1325,481,3,3,2024-09-30T03:33:17.074250,completed
1326,481,177,4,2024-09-30T03:33:17.074250,completed
1327,481,126,5,2024-09-30T03:33:17.074250,completed
1328,481,194,1,2024-09-30T03:33:17.074250,completed
1329,481,123,2,2024-09-30T03:33:17.074250,completed
1330,575,102,4,2025-11-11T12:24:38.891520,pending
1331,575,64,2,2025-11-11T12:24:38.891520,completed
1332,575,42,4,2025-11-11T12:24:38.891520,completed
1333,575,184,5,2025-11-11T12:24:38.891520,completed
1334,932,178,5,2025-10-15T23:06:05.067845,pending
1335,932,176,4,2025-10-15T23:06:05.067845,completed
1336,932,70,1,2025-10-15T23:06:05.067845,completed
1337,932,73,3,2025-10-15T23:06:05.067845,completed
1338,932,167,4,2025-10-15T23:06:05.067845,completed
1339,279,126,1,2024-07-27T00:16:04.108220,cancelled
1340,279,49,1,2024-07-27T00:16:04.108220,completed
1341,279,83,1,2024-07-27T00:16:04.108220,completed
1342,279,5,2,2024-07-27T00:16:04.108220,completed
1343,279,39,1,2024-07-27T00:16:04.108220,completed
1344,155,127,2,2025-07-23T11:10:49.086596,completed
1345,320,96,3,2025-08-30T08:11:15.034284,completed
1346,320,119,2,2025-08-30T08:11:15.034284,completed
1347,320,179,4,2025-08-30T08:11:15.034284,completed
1348,320,9,4,2025-08-30T08:11:15.034284,completed
1349,918,98,2,2025-05-21T20:54:04.847411,completed
1350,918,4,4,2025-05-21T20:54:04.847411,completed
1351,918,32,1,2025-05-21T20:54:04.847411,completed
1352,753,134,2,2024-09-29T22:33:31.241918,completed
1353,698,83,1,2025-06-04T02:51:39.061335,completed
1354,698,41,5,2025-06-04T02:51:39.061335,completed
1355,698,162,3,2025-06-04T02:51:39.061335,completed
1356,306,93,2,2024-08-29T05:42:11.211066,refunded
1357,306,14,2,2024-08-29T05:42:11.211066,completed
1358,333,43,3,2025-03-26T17:57:49.879144,completed
1359,406,3,5,2024-09-06T12:51:19.286130,completed
1360,406,11,4,2024-09-06T12:51:19.286130,completed
1361,159,198,2,2024-07-14T23:46:30.110093,completed
1362,159,23,5,2024-07-14T23:46:30.110093,completed
1363,159,64,1,2024-07-14T23:46:30.110093,completed
1364,661,180,1,2024-02-19T02:06:35.509897,completed
1365,661,138,2,2024-02-19T02:06:35.509897,completed
1366,572,113,1,2025-03-23T00:56:22.742488,completed
1367,572,188,3,2025-03-23T00:56:22.742488,completed
1368,572,50,3,2025-03-23T00:56:22.742488,pending
1369,497,144,4,2024-07-03T12:31:06.006088,completed
1370,497,76,2,2024-07-03T12:31:06.006088,completed
1371,497,139,3,2024-07-03T12:31:06.006088,completed
1372,497,179,3,2024-07-03T12:31:06.006088,pending
1373,614,42,3,2025-10-31T16:11:28.068769,pending
1374,614,18,5,2025-10-31T16:11:28.068769,completed
1375,614,136,1,2025-10-31T16:11:28.068769,completed
1376,614,40,5,2025-10-31T16:11:28.068769,completed
1377,614,116,2,2025-10-31T16:11:28.068769,pending
1378,635,199,3,2025-10-29T15:02:32.312253,completed
1379,635,159,5,2025-10-29T15:02:32.312253,pending
1380,635,62,2,2025-10-29T15:02:32.312253,completed
1381,510,40,3,2024-03-13T21:10:21.409555,completed
1382,510,157,5,2024-03-13T21:10:21.409555,completed
1383,510,73,1,2024-03-13T21:10:21.409555,pending
1384,510,83,2,2024-03-13T21:10:21.409555,completed
1385,510,105,1,2024-03-13T21:10:21.409555,completed
1386,498,26,5,2024-02-05T10:27:43.900064,completed
1387,498,9,4,2024-02-05T10:27:43.900064,completed
1388,539,180,2,2023-12-23T02:13:03.657979,completed
1389,539,152,1,2023-12-23T02:13:03.657979,completed
1390,539,66,2,2023-12-23T02:13:03.657979,completed
1391,539,13,1,2023-12-23T02:13:03.657979,completed
1392,539,94,1,2023-12-23T02:13:03.657979,completed
1393,762,95,3,2023-12-30T12:52:24.247345,completed
1394,762,182,1,2023-12-30T12:52:24.247345,pending
1395,762,15,1,2023-12-30T12:52:24.247345,cancelled
1396,762,158,5,2023-12-30T12:52:24.247345,completed
1397,743,137,2,2024-04-16T23:08:51.565599,completed
1398,743,99,2,2024-04-16T23:08:51.565599,completed
1399,971,143,5,2024-04-19T21:40:27.780896,completed
1400,971,192,1,2024-04-19T21:40:27.780896,completed
1401,591,173,4,2024-12-30T03:15:54.455756,pending
1402,591,118,2,2024-12-30T03:15:54.455756,completed
1403,591,180,5,2024-12-30T03:15:54.455756,completed
1404,346,137,4,2024-02-27T15:26:36.224433,cancelled
1405,346,154,3,2024-02-27T15:26:36.224433,completed
1406,333,106,4,2025-02-05T08:02:10.941160,pending
1407,333,196,3,2025-02-05T08:02:10.941160,completed
1408,333,163,5,2025-02-05T08:02:10.941160,completed
1409,385,191,4,2024-02-11T09:34:36.048586,completed
1410,385,66,1,2024-02-11T09:34:36.048586,refunded
1411,385,93,5,2024-02-11T09:34:36.048586,completed
1412,385,116,2,2024-02-11T09:34:36.048586,refunded
1413,385,115,3,2024-02-11T09:34:36.048586,completed
1414,228,81,3,2025-08-21T06:16:23.902443,cancelled
1415,228,6,5,2025-08-21T06:16:23.902443,completed
1416,949,40,2,2024-07-17T08:38:38.425159,completed
1417,949,25,3,2024-07-17T08:38:38.425159,pending
1418,949,10,2,2024-07-17T08:38:38.425159,completed
1419,949,118,3,2024-07-17T08:38:38.425159,completed
1420,949,92,4,2024-07-17T08:38:38.425159,completed
1421,223,186,3,2025-12-19T06:46:45.468739,completed
1422,178,177,5,2024-06-04T10:37:12.857485,completed
1423,178,180,1,2024-06-04T10:37:12.857485,completed
1424,178,148,5,2024-06-04T10:37:12.857485,completed
1425,178,25,1,2024-06-04T10:37:12.857485,cancelled
1426,343,112,2,2025-06-30T10:55:14.222097,completed
1427,343,107,5,2025-06-30T10:55:14.222097,cancelled
1428,343,31,4,2025-06-30T10:55:14.222097,completed
1429,537,82,5,2025-08-23T22:13:38.584382,completed
1430,335,179,4,2025-04-21T15:34:32.935254,refunded
1431,335,57,5,2025-04-21T15:34:32.935254,completed
1432,335,40,1,2025-04-21T15:34:32.935254,completed
1433,335,13,3,2025-04-21T15:34:32.935254,completed
1434,335,173,2,2025-04-21T15:34:32.935254,completed
1435,85,147,4,2024-09-28T08:28:33.934371,completed
1436,85,191,4,2024-09-28T08:28:33.934371,completed
1437,85,13,2,2024-09-28T08:28:33.934371,completed
1438,85,141,4,2024-09-28T08:28:33.934371,completed
1439,500,167,5,2025-09-30T14:32:21.900687,refunded
1440,500,147,5,2025-09-30T14:32:21.900687,completed
1441,500,51,1,2025-09-30T14:32:21.900687,completed
1442,500,144,4,2025-09-30T14:32:21.900687,completed
1443,947,23,3,2025-05-19T02:32:03.412899,completed
1444,947,29,3,2025-05-19T02:32:03.412899,completed
1445,947,172,1,2025-05-19T02:32:03.412899,completed
1446,947,106,2,2025-05-19T02:32:03.412899,refunded
1447,947,109,5,2025-05-19T02:32:03.412899,pending
1448,823,160,2,2024-06-24T07:48:35.955452,completed
1449,823,38,3,2024-06-24T07:48:35.955452,completed
1450,823,113,1,2024-06-24T07:48:35.955452,completed
1451,823,12,1,2024-06-24T07:48:35.955452,completed
1452,636,74,3,2025-02-03T19:22:17.592612,completed
1453,636,4,1,2025-02-03T19:22:17.592612,completed
1454,483,85,2,2025-05-10T21:30:19.287289,completed
1455,217,140,3,2025-08-04T06:21:07.912999,completed
1456,217,134,5,2025-08-04T06:21:07.912999,completed
1457,145,97,5,2024-07-18T04:19:09.536097,cancelled
1458,540,66,2,2025-06-10T12:56:16.686954,completed
1459,206,70,1,2024-03-23T18:50:45.308076,completed
1460,206,14,3,2024-03-23T18:50:45.308076,completed
1461,206,120,3,2024-03-23T18:50:45.308076,pending
1462,206,168,1,2024-03-23T18:50:45.308076,completed
1463,206,3,4,2024-03-23T18:50:45.308076,completed
1464,390,182,5,2025-08-03T21:38:57.421239,completed
1465,390,26,2,2025-08-03T21:38:57.421239,completed
1466,390,81,4,2025-08-03T21:38:57.421239,completed
1467,390,125,1,2025-08-03T21:38:57.421239,completed
1468,390,153,5,2025-08-03T21:38:57.421239,completed
1469,502,191,3,2025-09-08T17:48:36.497338,completed
1470,502,41,3,2025-09-08T17:48:36.497338,completed
1471,502,5,5,2025-09-08T17:48:36.497338,completed
1472,502,89,1,2025-09-08T17:48:36.497338,completed
1473,900,8,2,2025-01-15T11:52:13.507319,completed
1474,900,143,4,2025-01-15T11:52:13.507319,completed
1475,900,72,1,2025-01-15T11:52:13.507319,completed
1476,900,58,5,2025-01-15T11:52:13.507319,cancelled
1477,628,107,5,2024-07-18T18:35:22.683471,completed
1478,628,62,3,2024-07-18T18:35:22.683471,cancelled
1479,338,139,2,2025-03-30T04:55:48.755230,completed
1480,338,34,2,2025-03-30T04:55:48.755230,pending
1481,338,53,3,2025-03-30T04:55:48.755230,completed
1482,338,168,5,2025-03-30T04:55:48.755230,cancelled
1483,441,168,2,2024-06-14T06:11:57.063746,completed
1484,441,145,5,2024-06-14T06:11:57.063746,completed
1485,737,48,3,2024-05-15T23:30:25.813787,pending
1486,150,196,3,2025-11-02T09:19:45.808881,pending
1487,424,78,3,2025-08-05T00:41:52.328804,completed
1488,424,114,2,2025-08-05T00:41:52.328804,completed
1489,424,191,2,2025-08-05T00:41:52.328804,completed
1490,424,164,5,2025-08-05T00:41:52.328804,completed
1491,621,157,3,2024-10-26T05:16:32.233069,completed
1492,621,60,4,2024-10-26T05:16:32.233069,completed
1493,621,153,5,2024-10-26T05:16:32.233069,completed
1494,621,176,3,2024-10-26T05:16:32.233069,completed
1495,621,7,4,2024-10-26T05:16:32.233069,completed
1496,141,50,1,2025-09-03T20:34:17.174839,completed
1497,141,58,1,2025-09-03T20:34:17.174839,cancelled
1498,974,57,2,2024-08-31T01:36:05.010404,completed
1499,974,191,4,2024-08-31T01:36:05.010404,pending
1500,974,172,4,2024-08-31T01:36:05.010404,completed
1501,974,52,4,2024-08-31T01:36:05.010404,pending
1502,438,199,4,2025-11-01T08:32:08.118229,completed
1503,438,11,4,2025-11-01T08:32:08.118229,completed
1504,438,156,5,2025-11-01T08:32:08.118229,completed
1505,438,189,5,2025-11-01T08:32:08.118229,completed
1506,722,134,1,2024-01-11T13:07:49.940107,completed
1507,847,63,5,2025-06-03T06:45:44.237898,completed
1508,753,143,4,2025-02-20T09:09:31.895567,completed
1509,646,49,3,2025-05-20T10:54:39.928577,completed
1510,906,199,2,2024-05-05T16:00:02.150196,completed
1511,906,74,5,2024-05-05T16:00:02.150196,cancelled
1512,906,119,5,2024-05-05T16:00:02.150196,cancelled
1513,475,24,2,2025-01-31T10:19:58.923387,completed
1514,475,185,5,2025-01-31T10:19:58.923387,completed
1515,475,129,4,2025-01-31T10:19:58.923387,completed
1516,475,29,1,2025-01-31T10:19:58.923387,completed
1517,605,117,3,2024-05-06T17:17:56.356258,completed
1518,605,24,2,2024-05-06T17:17:56.356258,completed
1519,127,30,4,2024-09-21T10:03:36.136897,completed
1520,88,182,2,2024-11-20T17:36:16.489983,completed
1521,88,99,4,2024-11-20T17:36:16.489983,completed
1522,88,187,2,2024-11-20T17:36:16.489983,cancelled
1523,88,131,5,2024-11-20T17:36:16.489983,pending
1524,88,157,2,2024-11-20T17:36:16.489983,completed
1525,149,197,1,2025-03-03T01:49:54.423240,completed
1526,149,183,3,2025-03-03T01:49:54.423240,completed
1527,985,74,2,2024-09-21T17:48:54.064086,cancelled
1528,985,161,1,2024-09-21T17:48:54.064086,completed
1529,985,47,3,2024-09-21T17:48:54.064086,completed
1530,985,31,4,2024-09-21T17:48:54.064086,pending
1531,557,156,4,2024-10-19T10:51:17.280423,completed
1532,603,117,5,2024-11-03T01:49:38.248034,completed
1533,603,105,2,2024-11-03T01:49:38.248034,pending
1534,603,114,3,2024-11-03T01:49:38.248034,completed
1535,603,21,5,2024-11-03T01:49:38.248034,pending
1536,213,48,2,2024-02-15T21:28:11.147764,completed
1537,358,38,1,2024-03-31T21:14:30.638814,completed
1538,859,77,4,2024-08-05T21:56:00.868791,refunded
1539,859,85,2,2024-08-05T21:56:00.868791,completed
1540,859,23,5,2024-08-05T21:56:00.868791,completed
1541,859,13,5,2024-08-05T21:56:00.868791,completed
1542,859,28,5,2024-08-05T21:56:00.868791,completed
1543,467,93,3,2024-10-03T20:52:48.944956,completed
1544,467,10,4,2024-10-03T20:52:48.944956,pending
1545,467,24,4,2024-10-03T20:52:48.944956,pending
1546,467,197,1,2024-10-03T20:52:48.944956,completed
1547,467,77,2,2024-10-03T20:52:48.944956,completed
1548,881,85,5,2024-06-13T15:13:55.673156,completed
1549,881,135,2,2024-06-13T15:13:55.673156,completed
1550,881,106,1,2024-06-13T15:13:55.673156,completed
1551,645,23,3,2024-04-25T23:23:00.397433,completed
1552,645,124,3,2024-04-25T23:23:00.397433,completed
1553,645,186,5,2024-04-25T23:23:00.397433,refunded
1554,645,177,3,2024-04-25T23:23:00.397433,cancelled
1555,645,155,5,2024-04-25T23:23:00.397433,completed
1556,533,127,3,2025-11-13T23:56:31.105911,refunded
1557,533,47,1,2025-11-13T23:56:31.105911,completed
1558,533,157,4,2025-11-13T23:56:31.105911,completed
1559,533,60,1,2025-11-13T23:56:31.105911,completed
1560,213,107,5,2024-01-13T08:59:06.368334,pending
1561,213,106,2,2024-01-13T08:59:06.368334,completed
1562,213,12,2,2024-01-13T08:59:06.368334,completed
1563,213,86,3,2024-01-13T08:59:06.368334,completed
1564,213,90,3,2024-01-13T08:59:06.368334,completed
1565,564,197,3,2025-07-22T12:49:18.281298,completed
1566,564,2,5,2025-07-22T12:49:18.281298,completed
1567,564,30,1,2025-07-22T12:49:18.281298,pending
1568,199,87,4,2025-08-24T07:09:54.141263,completed
1569,199,173,2,2025-08-24T07:09:54.141263,completed
1570,199,123,4,2025-08-24T07:09:54.141263,pending
1571,550,119,1,2024-03-27T13:37:28.602647,pending
1572,550,106,3,2024-03-27T13:37:28.602647,completed
1573,550,191,3,2024-03-27T13:37:28.602647,completed
1574,20,148,3,2025-05-14T12:20:53.740647,completed
1575,20,176,3,2025-05-14T12:20:53.740647,completed
1576,153,8,5,2024-05-29T18:48:53.333185,pending
1577,153,87,5,2024-05-29T18:48:53.333185,completed
1578,153,97,2,2024-05-29T18:48:53.333185,completed
1579,886,181,1,2025-03-13T06:08:24.074265,completed
1580,886,81,1,2025-03-13T06:08:24.074265,completed
1581,886,182,2,2025-03-13T06:08:24.074265,completed
1582,850,56,2,2025-01-21T11:41:13.355551,completed
1583,850,135,1,2025-01-21T11:41:13.355551,completed
1584,850,78,1,2025-01-21T11:41:13.355551,completed
1585,26,129,4,2024-02-11T19:29:10.319509,completed
1586,26,40,5,2024-02-11T19:29:10.319509,completed
1587,26,49,3,2024-02-11T19:29:10.319509,completed
1588,26,88,1,2024-02-11T19:29:10.319509,pending
1589,961,174,4,2025-12-12T01:48:52.286856,completed
1590,961,34,5,2025-12-12T01:48:52.286856,completed
1591,961,53,3,2025-12-12T01:48:52.286856,cancelled
1592,961,186,5,2025-12-12T01:48:52.286856,pending
1593,961,10,3,2025-12-12T01:48:52.286856,completed
1594,48,134,3,2025-06-02T16:32:40.326234,completed
1595,777,164,2,2025-11-29T22:28:08.353899,completed
1596,777,54,3,2025-11-29T22:28:08.353899,completed
1597,777,83,4,2025-11-29T22:28:08.353899,completed
1598,280,41,1,2025-01-28T10:23:31.745645,completed
1599,280,71,5,2025-01-28T10:23:31.745645,completed
1600,105,139,5,2025-10-01T21:06:57.271599,completed
1601,105,90,2,2025-10-01T21:06:57.271599,cancelled
1602,824,147,1,2024-12-11T13:59:49.817848,completed
1603,824,63,3,2024-12-11T13:59:49.817848,completed
1604,824,44,1,2024-12-11T13:59:49.817848,completed
1605,483,28,4,2025-03-15T19:07:19.013030,completed
1606,437,46,4,2024-01-01T17:46:27.339296,completed
1607,437,181,3,2024-01-01T17:46:27.339296,completed
1608,437,153,2,2024-01-01T17:46:27.339296,completed
1609,437,152,5,2024-01-01T17:46:27.339296,completed
1610,945,146,4,2024-12-01T10:50:58.812239,completed
1611,945,34,3,2024-12-01T10:50:58.812239,completed
1612,945,24,4,2024-12-01T10:50:58.812239,completed
1613,945,179,2,2024-12-01T10:50:58.812239,completed
1614,918,67,3,2024-11-15T08:55:11.198278,completed
1615,918,94,3,2024-11-15T08:55:11.198278,completed
1616,918,101,1,2024-11-15T08:55:11.198278,completed
1617,918,47,1,2024-11-15T08:55:11.198278,completed
1618,918,180,4,2024-11-15T08:55:11.198278,pending
1619,290,155,5,2024-02-11T15:54:53.437038,completed
1620,290,148,1,2024-02-11T15:54:53.437038,completed
1621,290,33,1,2024-02-11T15:54:53.437038,completed
1622,546,103,5,2024-04-08T07:32:19.983612,completed
1623,546,152,2,2024-04-08T07:32:19.983612,refunded
1624,546,106,4,2024-04-08T07:32:19.983612,completed
1625,546,62,2,2024-04-08T07:32:19.983612,pending
1626,606,112,2,2024-07-30T07:49:31.602790,completed
1627,606,146,1,2024-07-30T07:49:31.602790,completed
1628,606,88,5,2024-07-30T07:49:31.602790,pending
1629,606,140,1,2024-07-30T07:49:31.602790,completed
1630,475,143,2,2025-08-06T17:48:15.401298,completed
1631,475,25,4,2025-08-06T17:48:15.401298,completed
1632,475,114,1,2025-08-06T17:48:15.401298,completed
1633,611,84,1,2024-03-17T19:43:15.957823,completed
1634,611,127,2,2024-03-17T19:43:15.957823,pending
1635,611,166,1,2024-03-17T19:43:15.957823,completed
1636,611,170,2,2024-03-17T19:43:15.957823,completed
1637,299,158,2,2024-07-22T12:52:47.439124,completed
1638,299,148,3,2024-07-22T12:52:47.439124,completed
1639,299,115,3,2024-07-22T12:52:47.439124,cancelled
1640,299,51,4,2024-07-22T12:52:47.439124,completed
1641,938,23,5,2025-03-15T11:50:10.611283,refunded
1642,938,150,4,2025-03-15T11:50:10.611283,pending
1643,938,3,3,2025-03-15T11:50:10.611283,completed
1644,923,14,1,2024-05-23T06:56:01.733228,pending
1645,923,1,1,2024-05-23T06:56:01.733228,completed
1646,923,181,5,2024-05-23T06:56:01.733228,completed
1647,923,144,3,2024-05-23T06:56:01.733228,completed
1648,923,92,4,2024-05-23T06:56:01.733228,completed
1649,559,170,4,2025-07-10T10:19:43.456130,completed
1650,559,45,5,2025-07-10T10:19:43.456130,completed
1651,947,107,2,2024-09-01T22:50:59.535575,completed
1652,947,40,1,2024-09-01T22:50:59.535575,completed
1653,947,74,2,2024-09-01T22:50:59.535575,completed
1654,499,35,4,2024-11-19T10:46:32.416089,pending
1655,499,22,5,2024-11-19T10:46:32.416089,cancelled
1656,499,36,5,2024-11-19T10:46:32.416089,completed
1657,499,165,5,2024-11-19T10:46:32.416089,completed
1658,840,99,4,2025-09-02T22:13:02.026531,completed
1659,840,91,5,2025-09-02T22:13:02.026531,completed
1660,840,58,2,2025-09-02T22:13:02.026531,completed
1661,840,48,3,2025-09-02T22:13:02.026531,completed
1662,560,94,3,2025-10-14T04:44:19.964666,completed
1663,560,9,4,2025-10-14T04:44:19.964666,cancelled
1664,560,10,1,2025-10-14T04:44:19.964666,completed
1665,560,146,5,2025-10-14T04:44:19.964666,refunded
1666,560,124,3,2025-10-14T04:44:19.964666,completed
1667,81,157,1,2024-11-02T04:19:36.615187,completed
1668,81,23,5,2024-11-02T04:19:36.615187,completed
1669,81,63,3,2024-11-02T04:19:36.615187,completed
1670,81,121,3,2024-11-02T04:19:36.615187,completed
1671,81,162,1,2024-11-02T04:19:36.615187,completed
1672,525,147,3,2024-08-01T07:52:33.437172,cancelled
1673,525,188,3,2024-08-01T07:52:33.437172,completed
1674,525,85,1,2024-08-01T07:52:33.437172,completed
1675,525,108,5,2024-08-01T07:52:33.437172,completed
1676,745,67,2,2025-09-15T09:47:15.353841,completed
1677,745,16,3,2025-09-15T09:47:15.353841,pending
1678,745,162,5,2025-09-15T09:47:15.353841,completed
1679,745,122,4,2025-09-15T09:47:15.353841,completed
1680,745,149,5,2025-09-15T09:47:15.353841,completed
1681,803,65,3,2024-09-21T06:14:52.585506,completed
1682,803,34,3,2024-09-21T06:14:52.585506,completed
1683,803,158,1,2024-09-21T06:14:52.585506,completed
1684,932,190,2,2024-01-28T07:56:28.592081,completed
1685,932,39,2,2024-01-28T07:56:28.592081,completed
1686,932,169,5,2024-01-28T07:56:28.592081,pending
1687,932,115,3,2024-01-28T07:56:28.592081,refunded
1688,932,95,2,2024-01-28T07:56:28.592081,completed
1689,842,127,4,2025-01-25T09:47:22.294015,completed
1690,842,193,2,2025-01-25T09:47:22.294015,completed
1691,744,54,3,2024-06-17T21:18:39.267055,completed
1692,744,148,3,2024-06-17T21:18:39.267055,completed
1693,119,43,4,2025-06-21T23:32:59.360125,completed
1694,309,192,4,2024-09-23T05:51:43.158716,completed
1695,309,193,4,2024-09-23T05:51:43.158716,completed
1696,309,137,2,2024-09-23T05:51:43.158716,completed
1697,309,60,4,2024-09-23T05:51:43.158716,completed
1698,950,98,1,2024-02-07T12:17:34.649533,completed
1699,950,174,5,2024-02-07T12:17:34.649533,completed
1700,950,81,4,2024-02-07T12:17:34.649533,completed
1701,950,136,3,2024-02-07T12:17:34.649533,completed
1702,274,66,5,2025-02-19T22:53:06.454131,completed
1703,792,188,5,2025-06-21T03:02:27.399219,completed
1704,792,173,5,2025-06-21T03:02:27.399219,completed
1705,707,81,1,2025-06-09T21:30:42.713732,completed
1706,707,141,1,2025-06-09T21:30:42.713732,completed
1707,101,27,3,2025-04-03T12:47:08.996386,completed
1708,101,176,1,2025-04-03T12:47:08.996386,completed
1709,101,115,1,2025-04-03T12:47:08.996386,completed
1710,101,90,5,2025-04-03T12:47:08.996386,completed
1711,101,57,2,2025-04-03T12:47:08.996386,cancelled
1712,654,182,1,2025-10-03T17:22:34.537671,completed
1713,620,97,5,2025-03-27T20:32:40.570805,pending
1714,620,169,2,2025-03-27T20:32:40.570805,pending
1715,713,65,4,2024-09-06T00:12:19.214713,completed
1716,713,76,1,2024-09-06T00:12:19.214713,completed
1717,945,197,3,2025-06-26T14:26:56.695594,completed
1718,945,110,1,2025-06-26T14:26:56.695594,completed
1719,945,178,1,2025-06-26T14:26:56.695594,completed
1720,341,67,3,2025-03-31T23:39:07.626067,completed
1721,72,52,4,2024-12-09T22:28:17.765528,completed
1722,72,157,5,2024-12-09T22:28:17.765528,completed
1723,72,101,2,2024-12-09T22:28:17.765528,completed
1724,72,46,1,2024-12-09T22:28:17.765528,cancelled
1725,733,27,1,2024-11-05T09:18:05.041116,completed
1726,733,9,3,2024-11-05T09:18:05.041116,completed
1727,733,19,1,2024-11-05T09:18:05.041116,pending
1728,153,10,4,2025-09-02T10:40:33.024594,completed
1729,717,101,5,2024-06-29T20:23:41.192691,completed
1730,717,148,4,2024-06-29T20:23:41.192691,completed
1731,717,1,4,2024-06-29T20:23:41.192691,pending
1732,800,139,2,2024-02-26T15:34:09.519048,completed
1733,978,32,3,2025-03-08T23:21:34.708280,completed
1734,978,146,4,2025-03-08T23:21:34.708280,completed
1735,978,138,1,2025-03-08T23:21:34.708280,completed
1736,978,92,3,2025-03-08T23:21:34.708280,completed
1737,471,166,5,2024-01-09T04:15:08.183143,completed
1738,471,52,4,2024-01-09T04:15:08.183143,completed
1739,471,46,3,2024-01-09T04:15:08.183143,completed
1740,918,162,3,2025-10-28T07:35:41.251359,completed
1741,907,189,2,2025-11-27T14:18:52.494945,completed
1742,907,49,5,2025-11-27T14:18:52.494945,completed
1743,907,36,4,2025-11-27T14:18:52.494945,completed
1744,907,10,5,2025-11-27T14:18:52.494945,completed
1745,512,116,3,2025-10-22T10:30:13.071726,completed
1746,512,5,1,2025-10-22T10:30:13.071726,completed
1747,512,10,2,2025-10-22T10:30:13.071726,pending
1748,512,87,5,2025-10-22T10:30:13.071726,completed
1749,512,15,5,2025-10-22T10:30:13.071726,completed
1750,594,19,2,2025-01-23T22:30:34.010460,completed
1751,594,10,1,2025-01-23T22:30:34.010460,completed
1752,941,12,1,2023-12-22T18:12:05.348430,completed
1753,941,63,1,2023-12-22T18:12:05.348430,cancelled
1754,941,180,1,2023-12-22T18:12:05.348430,completed
1755,941,167,2,2023-12-22T18:12:05.348430,pending
1756,941,34,1,2023-12-22T18:12:05.348430,pending
1757,109,128,5,2024-04-29T15:07:14.736099,completed
1758,226,52,4,2025-07-28T11:39:53.890501,completed
1759,856,84,5,2024-08-27T16:51:16.090411,completed
1760,856,31,2,2024-08-27T16:51:16.090411,completed
1761,856,176,5,2024-08-27T16:51:16.090411,completed
1762,856,148,1,2024-08-27T16:51:16.090411,completed
1763,145,44,2,2025-06-05T04:18:55.336016,completed
1764,145,179,5,2025-06-05T04:18:55.336016,completed
1765,145,95,1,2025-06-05T04:18:55.336016,completed
1766,145,142,5,2025-06-05T04:18:55.336016,completed
1767,162,125,1,2025-12-04T22:02:31.330872,completed
1768,184,181,5,2025-08-19T12:26:54.199359,pending
1769,427,178,3,2025-07-14T00:46:54.557636,completed
1770,427,33,4,2025-07-14T00:46:54.557636,completed
1771,427,53,2,2025-07-14T00:46:54.557636,completed
1772,427,37,1,2025-07-14T00:46:54.557636,completed
1773,735,157,3,2024-07-05T23:16:25.316772,completed
1774,735,23,5,2024-07-05T23:16:25.316772,completed
1775,735,161,1,2024-07-05T23:16:25.316772,refunded
1776,735,78,1,2024-07-05T23:16:25.316772,completed
1777,884,130,2,2024-07-18T17:24:46.956219,completed
1778,884,57,2,2024-07-18T17:24:46.956219,completed
1779,884,119,2,2024-07-18T17:24:46.956219,completed
1780,884,198,4,2024-07-18T17:24:46.956219,completed
1781,884,161,2,2024-07-18T17:24:46.956219,completed
1782,45,166,3,2025-05-03T02:48:53.965501,completed
1783,446,86,4,2025-09-20T02:53:07.968653,completed
1784,446,158,1,2025-09-20T02:53:07.968653,cancelled
1785,446,195,2,2025-09-20T02:53:07.968653,completed
1786,30,132,4,2024-10-07T15:35:10.074499,completed
1787,30,30,3,2024-10-07T15:35:10.074499,completed
1788,30,19,3,2024-10-07T15:35:10.074499,completed
1789,30,61,1,2024-10-07T15:35:10.074499,completed
1790,101,189,2,2024-04-01T17:05:14.484912,completed
1791,101,106,2,2024-04-01T17:05:14.484912,completed
1792,600,14,5,2025-01-13T14:49:26.712717,completed
1793,600,112,4,2025-01-13T14:49:26.712717,completed
1794,600,38,4,2025-01-13T14:49:26.712717,completed
1795,600,56,3,2025-01-13T14:49:26.712717,refunded
1796,208,33,5,2025-01-15T10:37:41.047736,completed
1797,208,9,2,2025-01-15T10:37:41.047736,completed
1798,208,178,4,2025-01-15T10:37:41.047736,completed
1799,176,57,2,2025-02-11T06:22:19.681836,completed
1800,176,76,5,2025-02-11T06:22:19.681836,cancelled
1801,176,155,5,2025-02-11T06:22:19.681836,refunded
1802,876,23,5,2024-07-27T14:16:28.580654,completed
1803,876,106,2,2024-07-27T14:16:28.580654,completed
1804,858,72,2,2025-06-24T11:30:52.113645,completed
1805,858,4,4,2025-06-24T11:30:52.113645,completed
1806,858,187,5,2025-06-24T11:30:52.113645,cancelled
1807,858,110,5,2025-06-24T11:30:52.113645,pending
1808,428,11,4,2025-11-18T19:09:44.319103,completed
1809,517,109,5,2024-02-07T05:38:11.007991,completed
1810,830,116,4,2025-10-26T18:01:54.517587,completed
1811,572,178,4,2024-07-09T13:18:12.155710,cancelled
1812,136,76,1,2025-06-07T02:01:57.017670,completed
1813,136,62,3,2025-06-07T02:01:57.017670,completed
1814,136,166,4,2025-06-07T02:01:57.017670,pending
1815,766,7,4,2025-05-12T04:23:23.575520,completed
1816,766,117,3,2025-05-12T04:23:23.575520,completed
1817,766,119,1,2025-05-12T04:23:23.575520,pending
1818,766,198,1,2025-05-12T04:23:23.575520,completed
1819,766,36,3,2025-05-12T04:23:23.575520,completed
1820,304,193,5,2024-09-18T23:51:05.816003,completed
1821,304,70,2,2024-09-18T23:51:05.816003,completed
1822,304,179,1,2024-09-18T23:51:05.816003,completed
1823,304,157,3,2024-09-18T23:51:05.816003,completed
1824,57,173,3,2024-12-07T04:27:00.692305,completed
1825,57,94,1,2024-12-07T04:27:00.692305,completed
1826,57,14,2,2024-12-07T04:27:00.692305,completed
1827,57,29,1,2024-12-07T04:27:00.692305,completed
1828,57,99,2,2024-12-07T04:27:00.692305,completed
1829,343,139,4,2025-02-16T19:33:15.682263,completed
1830,343,30,5,2025-02-16T19:33:15.682263,pending
1831,720,193,2,2024-05-13T13:29:21.629085,completed
1832,720,191,3,2024-05-13T13:29:21.629085,completed
1833,434,14,3,2024-09-07T03:57:33.411597,completed
1834,434,17,5,2024-09-07T03:57:33.411597,completed
1835,434,96,1,2024-09-07T03:57:33.411597,completed
1836,545,75,1,2024-03-13T13:19:15.216100,completed
1837,545,116,4,2024-03-13T13:19:15.216100,completed
1838,545,159,4,2024-03-13T13:19:15.216100,pending
1839,545,95,3,2024-03-13T13:19:15.216100,cancelled
1840,545,173,1,2024-03-13T13:19:15.216100,completed
1841,283,179,2,2025-05-12T20:37:13.052351,completed
1842,896,134,1,2025-02-22T17:34:11.028248,completed
1843,896,161,5,2025-02-22T17:34:11.028248,cancelled
1844,486,108,1,2025-01-08T04:00:16.943724,completed
1845,486,114,1,2025-01-08T04:00:16.943724,completed
1846,486,189,2,2025-01-08T04:00:16.943724,pending
1847,533,106,3,2024-11-25T18:10:09.318663,completed
1848,533,149,5,2024-11-25T18:10:09.318663,pending
1849,533,88,4,2024-11-25T18:10:09.318663,completed
1850,581,79,3,2025-08-13T18:55:52.707353,completed
1851,581,44,3,2025-08-13T18:55:52.707353,refunded
1852,789,38,3,2024-05-25T00:26:23.511673,completed
1853,980,159,5,2024-03-27T20:10:26.127223,completed
1854,980,42,2,2024-03-27T20:10:26.127223,pending
1855,710,42,1,2025-05-06T15:58:38.065972,completed
1856,710,61,3,2025-05-06T15:58:38.065972,completed
1857,452,95,5,2024-07-19T10:19:40.162236,completed
1858,452,48,3,2024-07-19T10:19:40.162236,refunded
1859,452,53,2,2024-07-19T10:19:40.162236,completed
1860,553,137,1,2025-02-18T22:27:09.340345,cancelled
1861,553,78,4,2025-02-18T22:27:09.340345,cancelled
1862,787,118,2,2024-07-16T10:28:40.218894,completed
1863,787,82,5,2024-07-16T10:28:40.218894,refunded
1864,340,122,5,2024-11-06T22:49:46.986034,completed
1865,340,75,5,2024-11-06T22:49:46.986034,completed
1866,340,194,4,2024-11-06T22:49:46.986034,completed
1867,116,11,1,2025-04-09T05:16:47.365177,completed
1868,116,36,4,2025-04-09T05:16:47.365177,completed
1869,116,174,2,2025-04-09T05:16:47.365177,completed
1870,116,142,1,2025-04-09T05:16:47.365177,completed
1871,623,150,2,2024-10-26T08:19:02.588431,completed
1872,623,135,3,2024-10-26T08:19:02.588431,completed
1873,86,115,4,2024-12-30T06:59:25.721861,completed
1874,86,174,3,2024-12-30T06:59:25.721861,completed
1875,86,172,5,2024-12-30T06:59:25.721861,cancelled
1876,86,23,3,2024-12-30T06:59:25.721861,completed
1877,86,132,4,2024-12-30T06:59:25.721861,completed
1878,382,73,3,2024-01-27T18:17:03.290703,completed
1879,457,23,4,2025-01-09T21:15:45.031712,pending
1880,457,56,3,2025-01-09T21:15:45.031712,completed
1881,457,187,4,2025-01-09T21:15:45.031712,completed
1882,457,114,4,2025-01-09T21:15:45.031712,completed
1883,457,190,5,2025-01-09T21:15:45.031712,completed
1884,148,78,5,2024-09-19T03:05:14.786784,refunded
1885,148,122,1,2024-09-19T03:05:14.786784,cancelled
1886,605,23,3,2024-01-27T15:19:02.610776,completed
1887,605,2,5,2024-01-27T15:19:02.610776,completed
1888,605,105,5,2024-01-27T15:19:02.610776,completed
1889,605,164,2,2024-01-27T15:19:02.610776,completed
1890,853,75,3,2024-03-02T22:12:43.634059,pending
1891,853,142,3,2024-03-02T22:12:43.634059,completed
1892,853,126,4,2024-03-02T22:12:43.634059,completed
1893,853,11,1,2024-03-02T22:12:43.634059,completed
1894,308,32,4,2025-05-12T21:06:38.187755,completed
1895,308,168,2,2025-05-12T21:06:38.187755,completed
1896,308,171,3,2025-05-12T21:06:38.187755,completed
1897,308,74,1,2025-05-12T21:06:38.187755,completed
1898,371,124,4,2024-12-05T21:16:15.217135,refunded
1899,371,145,1,2024-12-05T21:16:15.217135,completed
1900,371,112,5,2024-12-05T21:16:15.217135,completed
1901,371,67,3,2024-12-05T21:16:15.217135,completed
1902,371,161,1,2024-12-05T21:16:15.217135,completed
1903,473,92,1,2024-06-15T14:32:24.682393,completed
1904,473,42,4,2024-06-15T14:32:24.682393,completed
1905,979,13,1,2024-08-04T20:54:10.995052,completed
1906,979,75,2,2024-08-04T20:54:10.995052,completed
1907,979,136,5,2024-08-04T20:54:10.995052,completed
1908,557,81,3,2025-02-18T07:16:26.858221,completed
1909,557,176,3,2025-02-18T07:16:26.858221,completed
1910,557,78,5,2025-02-18T07:16:26.858221,completed
1911,148,36,5,2024-08-14T00:58:10.778209,completed
1912,798,106,2,2025-11-05T08:52:27.885631,completed
1913,798,88,2,2025-11-05T08:52:27.885631,pending
1914,798,42,5,2025-11-05T08:52:27.885631,completed
1915,798,27,5,2025-11-05T08:52:27.885631,pending
1916,730,180,1,2024-06-20T16:35:32.361098,completed
1917,730,194,2,2024-06-20T16:35:32.361098,cancelled
1918,730,30,4,2024-06-20T16:35:32.361098,completed
1919,730,107,3,2024-06-20T16:35:32.361098,completed
1920,730,118,4,2024-06-20T16:35:32.361098,pending
1921,612,196,1,2024-11-01T08:13:15.494599,completed
1922,612,88,1,2024-11-01T08:13:15.494599,completed
1923,612,45,2,2024-11-01T08:13:15.494599,completed
1924,612,182,3,2024-11-01T08:13:15.494599,completed
1925,612,78,2,2024-11-01T08:13:15.494599,refunded
1926,436,20,1,2025-01-14T15:38:29.149699,completed
1927,776,11,5,2024-04-23T17:38:05.013274,completed
1928,776,51,4,2024-04-23T17:38:05.013274,completed
1929,776,28,3,2024-04-23T17:38:05.013274,completed
1930,776,9,3,2024-04-23T17:38:05.013274,completed
1931,773,32,5,2024-03-05T19:58:39.357347,completed
1932,923,48,3,2025-07-27T11:13:41.795275,completed
1933,923,172,2,2025-07-27T11:13:41.795275,pending
1934,965,149,2,2024-12-09T21:01:39.403852,pending
1935,965,90,5,2024-12-09T21:01:39.403852,completed
1936,965,91,5,2024-12-09T21:01:39.403852,completed
1937,840,196,2,2025-01-24T14:49:05.182723,cancelled
1938,840,4,2,2025-01-24T14:49:05.182723,cancelled
1939,840,136,5,2025-01-24T14:49:05.182723,completed
1940,840,56,1,2025-01-24T14:49:05.182723,cancelled
1941,840,184,5,2025-01-24T14:49:05.182723,pending
1942,487,179,4,2025-01-24T19:53:24.939877,completed
1943,487,151,1,2025-01-24T19:53:24.939877,completed
1944,487,48,3,2025-01-24T19:53:24.939877,refunded
1945,435,132,4,2024-03-01T00:50:59.732270,completed
1946,435,59,3,2024-03-01T00:50:59.732270,completed
1947,113,35,3,2025-03-14T07:03:02.059902,completed
1948,113,127,1,2025-03-14T07:03:02.059902,completed
1949,113,196,4,2025-03-14T07:03:02.059902,completed
1950,113,93,3,2025-03-14T07:03:02.059902,completed
1951,113,181,3,2025-03-14T07:03:02.059902,completed
1952,862,58,4,2024-10-12T01:48:31.749765,completed
1953,862,142,1,2024-10-12T01:48:31.749765,pending
1954,862,105,4,2024-10-12T01:48:31.749765,cancelled
1955,862,75,3,2024-10-12T01:48:31.749765,completed
1956,691,173,5,2025-01-07T02:05:58.557971,completed
1957,691,27,1,2025-01-07T02:05:58.557971,completed
1958,691,102,4,2025-01-07T02:05:58.557971,completed
1959,691,113,5,2025-01-07T02:05:58.557971,refunded
1960,760,17,2,2024-10-25T02:50:36.713400,completed
1961,760,94,5,2024-10-25T02:50:36.713400,pending
1962,414,60,4,2024-03-24T02:04:35.348568,completed
1963,286,152,3,2025-06-28T19:57:49.478628,completed
1964,286,70,5,2025-06-28T19:57:49.478628,cancelled
1965,286,194,4,2025-06-28T19:57:49.478628,completed
1966,286,165,2,2025-06-28T19:57:49.478628,completed
1967,286,103,1,2025-06-28T19:57:49.478628,completed
1968,502,60,1,2025-08-24T18:46:52.779039,completed
1969,502,161,1,2025-08-24T18:46:52.779039,completed
1970,502,35,1,2025-08-24T18:46:52.779039,refunded
1971,502,8,4,2025-08-24T18:46:52.779039,completed
1972,335,78,5,2024-10-12T22:05:34.083966,completed
1973,335,160,1,2024-10-12T22:05:34.083966,completed
1974,533,120,4,2025-01-24T04:31:11.420551,completed
1975,533,52,3,2025-01-24T04:31:11.420551,completed
1976,533,76,5,2025-01-24T04:31:11.420551,completed
1977,533,170,1,2025-01-24T04:31:11.420551,refunded
1978,902,99,4,2025-08-23T23:33:00.026207,completed
1979,386,118,5,2024-04-03T06:00:35.288389,completed
1980,386,10,3,2024-04-03T06:00:35.288389,pending
1981,386,9,2,2024-04-03T06:00:35.288389,completed
1982,386,46,2,2024-04-03T06:00:35.288389,completed
1983,399,196,4,2024-10-28T10:56:46.268117,completed
1984,399,29,5,2024-10-28T10:56:46.268117,completed
1985,399,146,4,2024-10-28T10:56:46.268117,completed
1986,399,173,2,2024-10-28T10:56:46.268117,completed
1987,401,127,5,2025-02-15T07:12:03.919586,completed
1988,401,152,3,2025-02-15T07:12:03.919586,completed
1989,401,97,1,2025-02-15T07:12:03.919586,completed
1990,132,90,1,2024-05-13T12:36:17.262856,completed
1991,132,190,3,2024-05-13T12:36:17.262856,completed
1992,132,150,4,2024-05-13T12:36:17.262856,completed
1993,366,90,2,2025-10-26T06:34:16.101207,completed
1994,366,15,3,2025-10-26T06:34:16.101207,completed
1995,366,170,1,2025-10-26T06:34:16.101207,pending
1996,366,63,1,2025-10-26T06:34:16.101207,completed
1997,21,84,5,2025-05-30T23:28:02.573040,completed
1998,21,10,4,2025-05-30T23:28:02.573040,completed
1999,21,118,4,2025-05-30T23:28:02.573040,completed
2000,21,169,3,2025-05-30T23:28:02.573040,completed
2001,21,109,4,2025-05-30T23:28:02.573040,completed
2002,101,26,3,2024-09-17T21:29:26.063038,completed
2003,101,177,3,2024-09-17T21:29:26.063038,completed
2004,101,173,3,2024-09-17T21:29:26.063038,completed
2005,101,53,4,2024-09-17T21:29:26.063038,completed
2006,651,138,2,2024-06-30T06:23:00.477442,completed
2007,49,147,5,2025-05-20T04:45:00.459571,completed
2008,49,103,1,2025-05-20T04:45:00.459571,completed
2009,49,58,5,2025-05-20T04:45:00.459571,completed
2010,345,18,4,2024-05-12T05:58:59.252916,completed
2011,345,146,3,2024-05-12T05:58:59.252916,completed
2012,345,136,3,2024-05-12T05:58:59.252916,completed
2013,308,170,4,2024-10-11T05:44:21.260889,completed
2014,308,139,5,2024-10-11T05:44:21.260889,completed
2015,308,81,5,2024-10-11T05:44:21.260889,completed
2016,308,52,1,2024-10-11T05:44:21.260889,completed
2017,529,148,2,2024-01-28T12:16:37.038284,completed
2018,529,128,4,2024-01-28T12:16:37.038284,completed
2019,654,158,1,2024-05-11T13:32:02.485425,completed
2020,654,197,3,2024-05-11T13:32:02.485425,completed
2021,654,112,2,2024-05-11T13:32:02.485425,completed
2022,654,145,3,2024-05-11T13:32:02.485425,pending
2023,654,187,4,2024-05-11T13:32:02.485425,completed
2024,851,163,2,2024-05-04T02:23:37.107871,pending
2025,274,166,5,2024-12-21T19:05:38.838620,completed
2026,274,42,2,2024-12-21T19:05:38.838620,completed
2027,274,66,2,2024-12-21T19:05:38.838620,completed
2028,817,119,4,2025-09-19T14:09:20.937228,completed
2029,817,125,1,2025-09-19T14:09:20.937228,completed
2030,817,144,3,2025-09-19T14:09:20.937228,completed
2031,265,169,1,2025-12-03T11:37:43.741627,cancelled
2032,265,141,4,2025-12-03T11:37:43.741627,completed
2033,265,46,1,2025-12-03T11:37:43.741627,pending
2034,86,155,4,2025-05-08T23:42:22.992330,pending
2035,86,77,1,2025-05-08T23:42:22.992330,completed
2036,86,17,2,2025-05-08T23:42:22.992330,completed
2037,585,31,5,2024-08-21T18:11:07.926779,completed
2038,585,134,1,2024-08-21T18:11:07.926779,completed
2039,585,171,1,2024-08-21T18:11:07.926779,completed
2040,585,149,3,2024-08-21T18:11:07.926779,completed
2041,585,199,5,2024-08-21T18:11:07.926779,completed
2042,826,109,2,2025-05-11T21:41:39.922442,completed
2043,826,56,2,2025-05-11T21:41:39.922442,cancelled
2044,451,66,5,2025-04-27T05:24:27.878286,completed
2045,451,151,1,2025-04-27T05:24:27.878286,completed
2046,451,15,4,2025-04-27T05:24:27.878286,completed
2047,451,126,2,2025-04-27T05:24:27.878286,cancelled
2048,901,93,3,2025-10-19T17:02:43.831484,pending
2049,901,122,1,2025-10-19T17:02:43.831484,completed
2050,927,9,2,2024-03-30T19:55:06.369149,completed
2051,927,190,4,2024-03-30T19:55:06.369149,completed
2052,927,170,3,2024-03-30T19:55:06.369149,cancelled
2053,927,14,1,2024-03-30T19:55:06.369149,completed
2054,927,177,2,2024-03-30T19:55:06.369149,pending
2055,398,101,3,2024-07-18T13:10:27.370528,completed
2056,959,77,2,2024-02-28T18:19:15.719970,cancelled
2057,959,54,3,2024-02-28T18:19:15.719970,pending
2058,786,9,4,2024-07-19T06:10:13.981925,completed
2059,786,71,4,2024-07-19T06:10:13.981925,cancelled
2060,786,21,3,2024-07-19T06:10:13.981925,completed
2061,786,200,1,2024-07-19T06:10:13.981925,pending
2062,716,130,4,2024-04-11T00:06:01.743302,completed
2063,716,17,5,2024-04-11T00:06:01.743302,completed
2064,716,91,4,2024-04-11T00:06:01.743302,completed
2065,781,165,2,2024-10-10T20:28:22.238271,completed
2066,811,1,2,2024-12-05T20:51:22.734423,completed
2067,811,103,3,2024-12-05T20:51:22.734423,completed
2068,114,64,2,2024-03-05T06:09:51.555705,pending
2069,114,133,4,2024-03-05T06:09:51.555705,completed
2070,328,123,2,2024-02-14T00:23:05.046487,completed
2071,328,189,3,2024-02-14T00:23:05.046487,completed
2072,328,35,2,2024-02-14T00:23:05.046487,completed
2073,328,67,3,2024-02-14T00:23:05.046487,completed
2074,898,147,5,2024-08-10T12:34:24.305724,completed
2075,898,58,1,2024-08-10T12:34:24.305724,refunded
2076,898,6,2,2024-08-10T12:34:24.305724,completed
2077,898,143,2,2024-08-10T12:34:24.305724,completed
2078,633,154,3,2025-02-23T01:41:24.933044,completed
2079,633,67,5,2025-02-23T01:41:24.933044,completed
2080,633,39,5,2025-02-23T01:41:24.933044,completed
2081,633,23,4,2025-02-23T01:41:24.933044,pending
2082,507,58,2,2024-04-02T10:22:02.812266,completed
2083,883,74,4,2024-02-28T16:04:39.902421,completed
2084,883,192,2,2024-02-28T16:04:39.902421,completed
2085,883,127,3,2024-02-28T16:04:39.902421,completed
2086,194,47,3,2025-09-09T02:21:37.074223,refunded
2087,194,105,2,2025-09-09T02:21:37.074223,completed
2088,194,38,2,2025-09-09T02:21:37.074223,completed
2089,194,8,4,2025-09-09T02:21:37.074223,completed
2090,481,83,4,2024-10-25T23:21:32.101315,completed
2091,481,178,4,2024-10-25T23:21:32.101315,completed
2092,754,66,1,2024-06-20T10:56:58.327440,completed
2093,754,19,2,2024-06-20T10:56:58.327440,completed
2094,754,25,3,2024-06-20T10:56:58.327440,refunded
2095,754,143,5,2024-06-20T10:56:58.327440,completed
2096,754,16,1,2024-06-20T10:56:58.327440,completed
2097,517,98,2,2025-08-31T23:33:16.975656,cancelled
2098,517,78,5,2025-08-31T23:33:16.975656,completed
2099,517,102,2,2025-08-31T23:33:16.975656,completed
2100,517,172,5,2025-08-31T23:33:16.975656,completed
2101,517,95,3,2025-08-31T23:33:16.975656,pending
2102,136,82,5,2025-01-03T06:57:29.386376,completed
2103,267,81,1,2024-03-23T23:27:56.259466,refunded
2104,512,192,3,2025-09-03T23:00:48.398421,cancelled
2105,512,93,3,2025-09-03T23:00:48.398421,completed
2106,512,111,3,2025-09-03T23:00:48.398421,completed
2107,447,81,4,2024-07-10T22:17:53.071473,completed
2108,447,189,2,2024-07-10T22:17:53.071473,completed
2109,946,14,2,2024-01-12T23:05:21.053690,completed
2110,946,49,3,2024-01-12T23:05:21.053690,completed
2111,946,39,4,2024-01-12T23:05:21.053690,completed
2112,946,59,4,2024-01-12T23:05:21.053690,completed
2113,366,125,2,2024-08-10T08:19:26.479839,completed
2114,366,118,1,2024-08-10T08:19:26.479839,completed
2115,366,127,3,2024-08-10T08:19:26.479839,completed
2116,366,29,2,2024-08-10T08:19:26.479839,completed
2117,366,185,3,2024-08-10T08:19:26.479839,completed
2118,680,55,5,2025-09-15T18:40:49.298451,completed
2119,680,150,1,2025-09-15T18:40:49.298451,completed
2120,680,2,4,2025-09-15T18:40:49.298451,completed
2121,680,135,3,2025-09-15T18:40:49.298451,completed
2122,680,197,1,2025-09-15T18:40:49.298451,completed
2123,605,83,2,2025-02-21T19:35:06.124664,completed
2124,472,117,1,2024-05-03T11:50:16.665555,completed
2125,472,161,1,2024-05-03T11:50:16.665555,completed
2126,472,69,4,2024-05-03T11:50:16.665555,completed
2127,472,153,5,2024-05-03T11:50:16.665555,completed
2128,884,165,3,2024-04-27T14:02:05.921935,completed
2129,57,141,5,2024-09-18T00:07:45.424757,completed
2130,409,46,4,2024-04-01T02:17:46.105445,completed
2131,409,62,2,2024-04-01T02:17:46.105445,completed
2132,409,198,4,2024-04-01T02:17:46.105445,completed
2133,771,31,4,2024-01-10T01:23:10.725110,pending
2134,771,77,3,2024-01-10T01:23:10.725110,cancelled
2135,618,92,1,2025-11-21T20:24:46.400280,pending
2136,618,171,5,2025-11-21T20:24:46.400280,completed
2137,457,122,4,2025-06-12T21:19:21.558905,completed
2138,457,69,4,2025-06-12T21:19:21.558905,pending
2139,457,145,5,2025-06-12T21:19:21.558905,completed
2140,457,154,4,2025-06-12T21:19:21.558905,completed
2141,526,119,2,2025-06-26T06:59:36.270227,cancelled
2142,526,174,5,2025-06-26T06:59:36.270227,completed
2143,526,58,5,2025-06-26T06:59:36.270227,completed
2144,480,21,2,2025-09-02T02:24:36.364343,completed
2145,480,123,3,2025-09-02T02:24:36.364343,pending
2146,480,77,5,2025-09-02T02:24:36.364343,completed
2147,480,39,5,2025-09-02T02:24:36.364343,completed
2148,79,132,1,2024-03-13T03:03:58.945617,completed
2149,423,119,5,2024-05-20T16:37:23.670965,pending
2150,364,150,5,2025-01-14T03:47:50.342217,completed
2151,364,21,4,2025-01-14T03:47:50.342217,completed
2152,364,197,2,2025-01-14T03:47:50.342217,pending
2153,47,107,3,2024-05-21T16:08:21.405398,completed
2154,742,194,3,2025-02-13T14:42:13.866482,completed
2155,742,172,2,2025-02-13T14:42:13.866482,completed
2156,742,116,1,2025-02-13T14:42:13.866482,completed
2157,742,160,5,2025-02-13T14:42:13.866482,completed
2158,690,112,5,2024-05-09T12:32:26.534091,completed
2159,405,4,2,2025-04-02T17:26:22.836025,completed
2160,472,169,4,2024-09-11T13:28:58.846690,completed
2161,472,191,5,2024-09-11T13:28:58.846690,completed
2162,472,155,4,2024-09-11T13:28:58.846690,pending
2163,472,186,1,2024-09-11T13:28:58.846690,completed
2164,15,29,2,2025-01-01T14:55:21.036187,pending
2165,15,5,2,2025-01-01T14:55:21.036187,completed
2166,149,112,5,2025-11-17T19:34:43.336959,completed
2167,149,161,3,2025-11-17T19:34:43.336959,completed
2168,152,109,2,2024-03-15T05:24:56.475153,completed
2169,152,6,4,2024-03-15T05:24:56.475153,cancelled
2170,152,30,4,2024-03-15T05:24:56.475153,completed
2171,152,43,4,2024-03-15T05:24:56.475153,completed
2172,207,146,3,2024-05-25T18:20:21.329492,completed
2173,207,101,4,2024-05-25T18:20:21.329492,refunded
2174,207,14,4,2024-05-25T18:20:21.329492,completed
2175,611,75,5,2024-06-15T15:23:07.387814,completed
2176,611,10,4,2024-06-15T15:23:07.387814,completed
2177,611,125,1,2024-06-15T15:23:07.387814,completed
2178,611,103,4,2024-06-15T15:23:07.387814,completed
2179,611,132,5,2024-06-15T15:23:07.387814,completed
2180,915,122,3,2025-03-01T13:23:44.383380,completed
2181,915,30,4,2025-03-01T13:23:44.383380,completed
2182,915,127,3,2025-03-01T13:23:44.383380,completed
2183,915,160,4,2025-03-01T13:23:44.383380,completed
2184,238,57,4,2024-08-22T01:09:37.809409,completed
2185,238,151,3,2024-08-22T01:09:37.809409,completed
2186,238,176,4,2024-08-22T01:09:37.809409,cancelled
2187,238,87,3,2024-08-22T01:09:37.809409,completed
2188,238,155,2,2024-08-22T01:09:37.809409,completed
2189,290,171,4,2025-09-09T02:23:50.624781,completed
2190,205,156,1,2025-04-30T03:26:33.095209,completed
2191,205,126,4,2025-04-30T03:26:33.095209,completed
2192,215,13,2,2024-08-20T09:12:53.945476,completed
2193,215,5,5,2024-08-20T09:12:53.945476,completed
2194,215,92,1,2024-08-20T09:12:53.945476,completed
2195,215,67,1,2024-08-20T09:12:53.945476,completed
2196,215,174,1,2024-08-20T09:12:53.945476,completed
2197,499,88,1,2024-05-27T03:40:05.797768,completed
2198,499,91,5,2024-05-27T03:40:05.797768,completed
2199,499,197,2,2024-05-27T03:40:05.797768,pending
2200,895,155,4,2024-05-04T13:48:22.943977,completed
2201,895,172,1,2024-05-04T13:48:22.943977,refunded
2202,895,27,5,2024-05-04T13:48:22.943977,completed
2203,895,181,1,2024-05-04T13:48:22.943977,pending
2204,895,13,1,2024-05-04T13:48:22.943977,completed
2205,172,53,3,2024-10-07T22:33:24.860254,completed
2206,300,196,1,2025-07-07T06:05:03.833924,completed
2207,300,130,3,2025-07-07T06:05:03.833924,completed
2208,300,128,2,2025-07-07T06:05:03.833924,completed
2209,300,188,2,2025-07-07T06:05:03.833924,completed
2210,426,63,4,2024-07-25T14:13:14.052182,completed
2211,518,22,3,2024-11-08T08:14:52.522469,completed
2212,518,69,4,2024-11-08T08:14:52.522469,completed
2213,681,39,5,2025-07-22T06:06:54.762314,completed
2214,681,193,2,2025-07-22T06:06:54.762314,completed
2215,440,105,3,2024-04-25T12:16:41.954918,cancelled
2216,440,118,4,2024-04-25T12:16:41.954918,completed
2217,440,133,1,2024-04-25T12:16:41.954918,completed
2218,440,175,5,2024-04-25T12:16:41.954918,cancelled
2219,87,81,2,2025-02-19T06:59:22.383050,completed
2220,87,103,4,2025-02-19T06:59:22.383050,completed
2221,87,198,2,2025-02-19T06:59:22.383050,cancelled
2222,60,76,5,2024-10-30T02:07:24.651172,pending
2223,60,108,3,2024-10-30T02:07:24.651172,cancelled
2224,60,103,1,2024-10-30T02:07:24.651172,pending
2225,60,175,5,2024-10-30T02:07:24.651172,completed
2226,60,180,2,2024-10-30T02:07:24.651172,completed
2227,457,140,5,2024-05-10T04:01:52.777553,completed
2228,457,160,3,2024-05-10T04:01:52.777553,pending
2229,801,199,1,2024-04-25T22:53:05.490870,completed
2230,801,51,4,2024-04-25T22:53:05.490870,completed
2231,801,78,2,2024-04-25T22:53:05.490870,completed
2232,801,22,5,2024-04-25T22:53:05.490870,completed
2233,96,142,2,2024-01-29T18:20:32.477203,completed
2234,96,80,5,2024-01-29T18:20:32.477203,completed
2235,96,134,2,2024-01-29T18:20:32.477203,pending
2236,96,88,3,2024-01-29T18:20:32.477203,completed
2237,96,194,5,2024-01-29T18:20:32.477203,completed
2238,62,67,3,2025-08-03T19:27:23.102483,completed
2239,62,161,1,2025-08-03T19:27:23.102483,completed
2240,62,130,5,2025-08-03T19:27:23.102483,completed
2241,465,61,5,2025-11-14T10:54:39.983905,completed
2242,465,191,5,2025-11-14T10:54:39.983905,pending
2243,465,149,2,2025-11-14T10:54:39.983905,completed
2244,292,173,2,2024-06-18T18:04:25.912033,completed
2245,292,36,5,2024-06-18T18:04:25.912033,completed
2246,292,183,3,2024-06-18T18:04:25.912033,completed
2247,292,97,2,2024-06-18T18:04:25.912033,completed
2248,292,134,4,2024-06-18T18:04:25.912033,completed
2249,64,34,1,2025-06-21T01:34:13.572917,completed
2250,64,122,5,2025-06-21T01:34:13.572917,completed
2251,64,55,5,2025-06-21T01:34:13.572917,completed
2252,64,115,4,2025-06-21T01:34:13.572917,pending
2253,599,163,4,2025-03-30T00:17:33.954464,completed
2254,599,109,4,2025-03-30T00:17:33.954464,pending
2255,599,113,2,2025-03-30T00:17:33.954464,completed
2256,599,177,4,2025-03-30T00:17:33.954464,completed
2257,133,136,4,2024-11-30T20:49:56.692110,completed
2258,133,31,2,2024-11-30T20:49:56.692110,cancelled
2259,133,178,3,2024-11-30T20:49:56.692110,cancelled
2260,133,55,1,2024-11-30T20:49:56.692110,completed
2261,133,117,4,2024-11-30T20:49:56.692110,completed
2262,379,75,3,2025-10-11T23:10:53.322972,completed
2263,379,11,3,2025-10-11T23:10:53.322972,completed
2264,379,134,4,2025-10-11T23:10:53.322972,completed
2265,379,40,2,2025-10-11T23:10:53.322972,completed
2266,379,31,5,2025-10-11T23:10:53.322972,completed
2267,960,73,4,2025-08-11T15:07:49.942856,completed
2268,960,56,5,2025-08-11T15:07:49.942856,completed
2269,960,47,1,2025-08-11T15:07:49.942856,completed
2270,587,145,4,2024-07-10T02:10:54.343992,completed
2271,587,116,5,2024-07-10T02:10:54.343992,completed
2272,587,87,2,2024-07-10T02:10:54.343992,completed
2273,472,171,3,2025-02-11T09:37:27.306510,completed
2274,472,115,5,2025-02-11T09:37:27.306510,completed
2275,472,39,4,2025-02-11T09:37:27.306510,completed
2276,472,187,4,2025-02-11T09:37:27.306510,completed
2277,47,189,2,2025-03-30T05:52:57.041965,completed
2278,47,72,5,2025-03-30T05:52:57.041965,completed
2279,47,166,3,2025-03-30T05:52:57.041965,completed
2280,47,23,1,2025-03-30T05:52:57.041965,completed
2281,88,159,5,2024-09-09T07:14:25.597974,completed
2282,88,139,5,2024-09-09T07:14:25.597974,completed
2283,769,129,5,2025-03-19T04:21:14.292807,completed
2284,769,5,1,2025-03-19T04:21:14.292807,completed
2285,769,31,2,2025-03-19T04:21:14.292807,completed
2286,769,169,5,2025-03-19T04:21:14.292807,completed
2287,827,156,4,2025-08-18T12:30:01.531276,pending
2288,827,83,1,2025-08-18T12:30:01.531276,completed
2289,827,103,2,2025-08-18T12:30:01.531276,completed
2290,827,151,5,2025-08-18T12:30:01.531276,completed
2291,827,12,3,2025-08-18T12:30:01.531276,completed
2292,102,44,1,2024-09-06T03:38:52.095687,completed
2293,102,74,4,2024-09-06T03:38:52.095687,completed
2294,102,37,1,2024-09-06T03:38:52.095687,completed
2295,102,47,3,2024-09-06T03:38:52.095687,completed
2296,102,66,1,2024-09-06T03:38:52.095687,completed
2297,102,37,3,2025-08-21T18:43:15.052873,completed
2298,102,106,1,2025-08-21T18:43:15.052873,completed
2299,102,83,2,2025-08-21T18:43:15.052873,completed
2300,601,127,5,2024-02-26T05:38:22.498574,completed
2301,601,131,1,2024-02-26T05:38:22.498574,completed
2302,326,142,1,2025-05-06T18:40:49.597115,completed
2303,326,105,2,2025-05-06T18:40:49.597115,cancelled
2304,326,17,1,2025-05-06T18:40:49.597115,completed
2305,326,124,5,2025-05-06T18:40:49.597115,completed
2306,253,167,4,2025-12-18T10:32:03.402968,completed
2307,253,33,5,2025-12-18T10:32:03.402968,completed
2308,253,78,2,2025-12-18T10:32:03.402968,completed
2309,253,146,2,2025-12-18T10:32:03.402968,completed
2310,253,105,5,2025-12-18T10:32:03.402968,cancelled
2311,985,116,3,2025-12-07T03:48:22.941391,completed
2312,985,11,2,2025-12-07T03:48:22.941391,completed
2313,985,1,4,2025-12-07T03:48:22.941391,completed
2314,985,119,3,2025-12-07T03:48:22.941391,pending
2315,985,159,4,2025-12-07T03:48:22.941391,refunded
2316,863,150,3,2024-10-11T06:26:13.869308,completed
2317,863,131,5,2024-10-11T06:26:13.869308,completed
2318,308,102,1,2025-08-06T14:40:39.424248,pending
2319,743,72,3,2025-02-04T00:04:02.736041,pending
2320,743,111,3,2025-02-04T00:04:02.736041,completed
2321,743,54,4,2025-02-04T00:04:02.736041,completed
2322,743,157,3,2025-02-04T00:04:02.736041,completed
2323,743,130,4,2025-02-04T00:04:02.736041,cancelled
2324,337,178,2,2024-02-07T09:41:11.028659,completed
2325,3,122,4,2024-12-11T08:47:34.084535,completed
2326,3,2,4,2024-12-11T08:47:34.084535,completed
2327,3,3,5,2024-12-11T08:47:34.084535,completed
2328,3,173,1,2024-12-11T08:47:34.084535,completed
2329,3,45,4,2024-12-11T08:47:34.084535,completed
2330,362,154,1,2025-10-06T08:26:48.780527,completed
2331,362,92,3,2025-10-06T08:26:48.780527,cancelled
2332,362,100,4,2025-10-06T08:26:48.780527,completed
2333,362,46,1,2025-10-06T08:26:48.780527,completed
2334,697,50,3,2025-11-21T12:42:52.568820,pending
2335,697,24,2,2025-11-21T12:42:52.568820,completed
2336,697,158,4,2025-11-21T12:42:52.568820,cancelled
2337,38,127,2,2024-09-16T00:41:01.833789,completed
2338,38,181,4,2024-09-16T00:41:01.833789,completed
2339,38,156,3,2024-09-16T00:41:01.833789,completed
2340,506,142,5,2024-06-17T20:31:42.757283,completed
2341,506,50,5,2024-06-17T20:31:42.757283,completed
2342,67,33,2,2025-04-01T03:32:47.277534,pending
2343,67,191,3,2025-04-01T03:32:47.277534,completed
2344,67,17,1,2025-04-01T03:32:47.277534,refunded
2345,67,67,5,2025-04-01T03:32:47.277534,completed
2346,67,146,5,2025-04-01T03:32:47.277534,pending
2347,3,165,3,2024-02-03T04:45:25.271337,completed
2348,3,173,4,2024-02-03T04:45:25.271337,completed
2349,3,167,5,2024-02-03T04:45:25.271337,completed
2350,3,14,3,2024-02-03T04:45:25.271337,completed
2351,45,13,4,2025-10-20T03:44:19.180115,completed
2352,45,72,3,2025-10-20T03:44:19.180115,completed
2353,200,21,2,2024-10-20T04:24:28.885367,refunded
2354,200,147,4,2024-10-20T04:24:28.885367,cancelled
2355,200,7,2,2024-10-20T04:24:28.885367,completed
2356,338,17,1,2024-03-06T19:29:57.478083,completed
2357,338,161,1,2024-03-06T19:29:57.478083,completed
2358,338,25,3,2024-03-06T19:29:57.478083,pending
2359,254,122,2,2024-11-30T06:26:26.133162,cancelled
2360,853,86,5,2025-12-15T00:50:37.005695,completed
2361,967,199,5,2024-05-29T01:12:01.597041,completed
2362,783,161,4,2024-10-11T07:03:40.392423,completed
2363,88,9,4,2025-02-17T19:08:20.241906,completed
2364,869,33,1,2024-09-16T20:38:13.709949,cancelled
2365,453,78,5,2024-07-18T17:19:43.164145,completed
2366,68,174,1,2024-11-07T11:26:17.674046,completed
2367,302,103,4,2025-12-14T21:30:58.587974,completed
2368,302,25,5,2025-12-14T21:30:58.587974,completed
2369,302,159,5,2025-12-14T21:30:58.587974,completed
2370,302,193,4,2025-12-14T21:30:58.587974,completed
2371,439,159,1,2024-07-05T18:10:02.604671,completed
2372,439,26,3,2024-07-05T18:10:02.604671,completed
2373,439,87,1,2024-07-05T18:10:02.604671,completed
2374,439,167,5,2024-07-05T18:10:02.604671,completed
2375,439,173,5,2024-07-05T18:10:02.604671,completed
2376,199,33,4,2025-07-01T12:47:35.001404,completed
2377,199,164,5,2025-07-01T12:47:35.001404,completed
2378,199,131,2,2025-07-01T12:47:35.001404,completed
2379,199,66,1,2025-07-01T12:47:35.001404,completed
2380,199,91,3,2025-07-01T12:47:35.001404,completed
2381,526,80,2,2024-11-02T04:41:57.170468,completed
2382,526,150,3,2024-11-02T04:41:57.170468,completed
2383,526,139,3,2024-11-02T04:41:57.170468,completed
2384,9,151,2,2024-08-09T01:54:00.714793,completed
2385,9,169,5,2024-08-09T01:54:00.714793,pending
2386,9,174,4,2024-08-09T01:54:00.714793,completed
2387,9,38,2,2024-08-09T01:54:00.714793,completed
2388,9,15,2,2024-08-09T01:54:00.714793,completed
2389,350,171,4,2024-06-08T09:16:00.879471,completed
2390,350,122,3,2024-06-08T09:16:00.879471,pending
2391,580,158,3,2024-05-21T03:54:34.681511,completed
2392,580,77,4,2024-05-21T03:54:34.681511,pending
2393,580,108,1,2024-05-21T03:54:34.681511,completed
2394,943,164,2,2025-02-17T00:49:26.190771,completed
2395,478,55,3,2025-05-07T12:56:48.027371,pending
2396,478,62,4,2025-05-07T12:56:48.027371,completed
2397,478,124,2,2025-05-07T12:56:48.027371,pending
2398,478,189,1,2025-05-07T12:56:48.027371,completed
2399,478,197,1,2025-05-07T12:56:48.027371,completed
2400,569,37,3,2025-10-27T07:44:23.507974,completed
2401,647,196,2,2024-03-22T22:09:52.143381,completed
2402,647,93,2,2024-03-22T22:09:52.143381,pending
2403,647,12,2,2024-03-22T22:09:52.143381,completed
2404,647,8,5,2024-03-22T22:09:52.143381,completed
2405,647,51,2,2024-03-22T22:09:52.143381,completed
2406,864,26,2,2025-03-27T22:01:45.484501,completed
2407,864,6,1,2025-03-27T22:01:45.484501,completed
2408,864,174,2,2025-03-27T22:01:45.484501,completed
2409,246,96,5,2025-07-02T09:37:40.384554,refunded
2410,246,170,5,2025-07-02T09:37:40.384554,pending
2411,246,44,1,2025-07-02T09:37:40.384554,completed
2412,904,49,5,2025-01-26T18:22:37.894000,completed
2413,904,50,3,2025-01-26T18:22:37.894000,completed
2414,440,12,5,2024-08-24T15:22:36.329480,completed
2415,440,196,5,2024-08-24T15:22:36.329480,completed
2416,153,64,3,2024-06-20T10:49:28.761323,pending
2417,153,14,5,2024-06-20T10:49:28.761323,cancelled
2418,153,162,4,2024-06-20T10:49:28.761323,completed
2419,84,170,5,2024-07-19T12:28:55.787454,completed
2420,84,158,5,2024-07-19T12:28:55.787454,completed
2421,84,17,5,2024-07-19T12:28:55.787454,completed
2422,84,43,3,2024-07-19T12:28:55.787454,completed
2423,539,184,5,2025-09-21T21:23:51.729488,completed
2424,539,127,5,2025-09-21T21:23:51.729488,completed
2425,539,122,2,2025-09-21T21:23:51.729488,completed
2426,539,69,2,2025-09-21T21:23:51.729488,completed
2427,241,56,5,2025-05-20T10:48:15.718840,completed
2428,241,79,3,2025-05-20T10:48:15.718840,completed
2429,241,109,1,2025-05-20T10:48:15.718840,completed
2430,241,97,1,2025-05-20T10:48:15.718840,completed
2431,532,59,4,2025-12-13T00:55:51.210981,completed
2432,532,150,3,2025-12-13T00:55:51.210981,completed
2433,532,11,4,2025-12-13T00:55:51.210981,completed
2434,377,82,2,2024-12-15T16:44:05.043378,completed
2435,377,70,3,2024-12-15T16:44:05.043378,completed
2436,377,98,3,2024-12-15T16:44:05.043378,cancelled
2437,377,7,3,2024-12-15T16:44:05.043378,pending
2438,526,165,1,2025-02-25T16:13:18.437452,completed
2439,526,21,1,2025-02-25T16:13:18.437452,completed
2440,526,71,3,2025-02-25T16:13:18.437452,completed
2441,526,59,3,2025-02-25T16:13:18.437452,completed
2442,526,26,3,2025-02-25T16:13:18.437452,completed
2443,619,193,5,2024-07-25T11:47:12.451364,cancelled
2444,619,184,1,2024-07-25T11:47:12.451364,completed
2445,289,104,1,2024-08-24T09:36:24.172247,completed
2446,289,149,5,2024-08-24T09:36:24.172247,refunded
2447,289,194,2,2024-08-24T09:36:24.172247,pending
2448,234,186,2,2024-02-18T16:43:58.134680,completed
2449,234,192,5,2024-02-18T16:43:58.134680,completed
2450,566,185,3,2025-04-02T03:36:44.208702,pending
2451,566,119,4,2025-04-02T03:36:44.208702,completed
2452,566,88,4,2025-04-02T03:36:44.208702,completed
2453,566,22,4,2025-04-02T03:36:44.208702,pending
2454,31,36,3,2025-09-11T15:37:59.262503,cancelled
2455,31,148,1,2025-09-11T15:37:59.262503,completed
2456,31,33,3,2025-09-11T15:37:59.262503,completed
2457,430,176,5,2025-05-13T16:57:15.551663,completed
2458,430,193,5,2025-05-13T16:57:15.551663,completed
2459,430,104,1,2025-05-13T16:57:15.551663,cancelled
2460,430,196,2,2025-05-13T16:57:15.551663,refunded
2461,339,162,4,2024-10-21T12:59:32.798327,completed
2462,339,155,4,2024-10-21T12:59:32.798327,completed
2463,339,156,4,2024-10-21T12:59:32.798327,completed
2464,339,147,1,2024-10-21T12:59:32.798327,completed
2465,339,101,4,2024-10-21T12:59:32.798327,completed
2466,312,44,1,2024-05-12T11:56:24.528270,completed
2467,182,177,5,2025-03-21T17:07:02.497291,completed
2468,192,18,3,2025-10-31T04:25:37.234691,completed
2469,192,99,3,2025-10-31T04:25:37.234691,completed
2470,72,15,2,2024-08-13T14:36:36.761843,completed
2471,72,95,4,2024-08-13T14:36:36.761843,completed
2472,72,133,1,2024-08-13T14:36:36.761843,completed
2473,72,3,4,2024-08-13T14:36:36.761843,completed
2474,71,53,4,2024-05-24T04:12:44.735318,completed
2475,71,34,5,2024-05-24T04:12:44.735318,cancelled
2476,71,80,5,2024-05-24T04:12:44.735318,completed
2477,71,111,4,2024-05-24T04:12:44.735318,completed
2478,8,115,4,2025-04-15T14:06:14.984906,completed
2479,8,17,2,2025-04-15T14:06:14.984906,completed
2480,933,126,1,2024-10-16T01:05:42.200406,completed
2481,933,118,4,2024-10-16T01:05:42.200406,completed
2482,933,119,3,2024-10-16T01:05:42.200406,completed
2483,933,148,2,2024-10-16T01:05:42.200406,completed
2484,933,11,2,2024-10-16T01:05:42.200406,pending
2485,751,118,5,2024-08-16T22:14:21.117976,completed
2486,751,99,1,2024-08-16T22:14:21.117976,completed
2487,751,169,2,2024-08-16T22:14:21.117976,completed
2488,751,47,5,2024-08-16T22:14:21.117976,completed
2489,939,179,2,2025-06-20T03:16:57.873478,cancelled
2490,422,32,5,2024-06-17T21:37:42.485308,completed
2491,422,95,3,2024-06-17T21:37:42.485308,completed
2492,422,20,2,2024-06-17T21:37:42.485308,completed
2493,422,194,5,2024-06-17T21:37:42.485308,completed
2494,422,27,1,2024-06-17T21:37:42.485308,completed
2495,712,98,2,2025-02-14T23:34:36.180729,completed
2496,712,88,1,2025-02-14T23:34:36.180729,completed
2497,712,191,2,2025-02-14T23:34:36.180729,completed
2498,712,103,4,2025-02-14T23:34:36.180729,completed
2499,70,141,2,2024-10-17T14:30:57.669322,completed
2500,449,121,2,2024-03-03T22:06:15.967070,completed
2501,449,72,1,2024-03-03T22:06:15.967070,completed
2502,182,32,4,2025-06-06T17:30:43.219134,completed
2503,182,137,1,2025-06-06T17:30:43.219134,completed
2504,182,190,2,2025-06-06T17:30:43.219134,completed
2505,183,183,5,2024-04-06T09:52:12.606290,completed
2506,183,9,1,2024-04-06T09:52:12.606290,pending
2507,831,165,4,2025-02-06T00:54:50.051102,completed
2508,831,170,4,2025-02-06T00:54:50.051102,completed
2509,831,184,1,2025-02-06T00:54:50.051102,completed
2510,831,169,4,2025-02-06T00:54:50.051102,completed
2511,831,27,2,2025-02-06T00:54:50.051102,completed
2512,245,24,4,2025-02-24T02:29:05.817961,completed
2513,245,5,1,2025-02-24T02:29:05.817961,completed
2514,197,57,1,2024-06-10T14:32:41.593477,completed
2515,851,186,1,2025-03-09T09:13:19.908673,completed
2516,851,43,1,2025-03-09T09:13:19.908673,pending
2517,331,161,4,2025-09-30T15:35:07.377714,cancelled
2518,331,49,1,2025-09-30T15:35:07.377714,completed
2519,331,160,1,2025-09-30T15:35:07.377714,completed
2520,331,54,2,2025-09-30T15:35:07.377714,completed
2521,331,139,3,2025-09-30T15:35:07.377714,completed
2522,218,57,5,2025-01-23T01:34:30.614632,completed
2523,218,17,1,2025-01-23T01:34:30.614632,pending
2524,218,169,4,2025-01-23T01:34:30.614632,completed
2525,218,72,5,2025-01-23T01:34:30.614632,completed
2526,105,146,3,2025-04-14T01:42:57.182867,refunded
2527,105,44,4,2025-04-14T01:42:57.182867,completed
2528,105,65,2,2025-04-14T01:42:57.182867,completed
2529,105,25,3,2025-04-14T01:42:57.182867,refunded
2530,105,154,4,2025-04-14T01:42:57.182867,completed
2531,19,150,2,2024-10-19T07:13:12.925364,completed
2532,19,115,1,2024-10-19T07:13:12.925364,completed
2533,19,98,5,2024-10-19T07:13:12.925364,completed
2534,19,131,1,2024-10-19T07:13:12.925364,completed
2535,19,164,4,2024-10-19T07:13:12.925364,completed
2536,635,16,2,2024-09-04T21:22:30.869118,completed
2537,304,39,2,2024-06-02T00:21:35.220543,completed
2538,304,97,2,2024-06-02T00:21:35.220543,cancelled
2539,613,190,3,2025-11-11T05:30:32.318116,completed
2540,613,85,1,2025-11-11T05:30:32.318116,completed
2541,613,35,4,2025-11-11T05:30:32.318116,completed
2542,613,72,3,2025-11-11T05:30:32.318116,completed
2543,235,88,5,2024-02-19T19:08:19.741634,completed
2544,235,63,2,2024-02-19T19:08:19.741634,pending
2545,235,53,2,2024-02-19T19:08:19.741634,completed
2546,391,83,1,2024-10-03T12:01:43.193953,pending
2547,391,47,1,2024-10-03T12:01:43.193953,cancelled
2548,391,114,1,2024-10-03T12:01:43.193953,completed
2549,391,162,2,2024-10-03T12:01:43.193953,cancelled
2550,391,2,2,2024-10-03T12:01:43.193953,completed
2551,607,53,4,2025-07-13T21:33:32.780344,completed
2552,607,61,2,2025-07-13T21:33:32.780344,completed
2553,607,130,2,2025-07-13T21:33:32.780344,completed
2554,607,21,3,2025-07-13T21:33:32.780344,completed
2555,607,110,4,2025-07-13T21:33:32.780344,cancelled
2556,207,124,4,2025-04-12T23:31:04.685797,completed
2557,207,21,4,2025-04-12T23:31:04.685797,completed
2558,207,93,5,2025-04-12T23:31:04.685797,completed
2559,444,124,4,2025-05-11T08:47:03.809612,completed
2560,444,6,1,2025-05-11T08:47:03.809612,completed
2561,944,153,5,2024-02-23T12:14:07.312751,completed
2562,944,138,3,2024-02-23T12:14:07.312751,completed
2563,944,40,3,2024-02-23T12:14:07.312751,completed
2564,385,156,4,2024-06-16T19:11:34.746621,completed
2565,385,124,2,2024-06-16T19:11:34.746621,completed
2566,385,19,5,2024-06-16T19:11:34.746621,completed
2567,385,86,3,2024-06-16T19:11:34.746621,completed
2568,385,35,4,2024-06-16T19:11:34.746621,cancelled
2569,994,99,5,2024-12-18T01:41:17.900296,completed
2570,994,126,1,2024-12-18T01:41:17.900296,refunded
2571,994,79,1,2024-12-18T01:41:17.900296,completed
2572,580,50,4,2024-05-21T01:07:15.187091,cancelled
2573,580,196,3,2024-05-21T01:07:15.187091,completed
2574,501,179,4,2024-03-25T11:49:16.519679,cancelled
2575,501,15,2,2024-03-25T11:49:16.519679,completed
2576,501,167,1,2024-03-25T11:49:16.519679,cancelled
2577,371,179,2,2024-02-01T23:51:57.875072,completed
2578,467,66,5,2025-05-08T19:20:19.479558,completed
2579,467,64,2,2025-05-08T19:20:19.479558,completed
2580,790,165,4,2025-07-09T01:55:16.530033,completed
2581,601,133,2,2025-07-07T19:15:40.462854,pending
2582,170,65,5,2025-11-08T18:40:42.922196,completed
2583,170,178,4,2025-11-08T18:40:42.922196,completed
2584,170,78,4,2025-11-08T18:40:42.922196,completed
2585,170,129,1,2025-11-08T18:40:42.922196,completed
2586,587,37,2,2024-07-08T00:04:21.530154,cancelled
2587,587,69,4,2024-07-08T00:04:21.530154,completed
2588,587,192,1,2024-07-08T00:04:21.530154,refunded
2589,836,1,4,2025-03-13T03:05:24.079354,completed
2590,836,25,3,2025-03-13T03:05:24.079354,completed
2591,836,18,2,2025-03-13T03:05:24.079354,completed
2592,836,199,2,2025-03-13T03:05:24.079354,completed
2593,203,47,5,2025-08-06T22:27:49.084174,pending
2594,203,129,2,2025-08-06T22:27:49.084174,completed
2595,203,29,2,2025-08-06T22:27:49.084174,pending
2596,203,116,2,2025-08-06T22:27:49.084174,completed
2597,924,113,2,2025-11-20T10:08:55.088019,completed
2598,924,161,1,2025-11-20T10:08:55.088019,completed
2599,924,160,3,2025-11-20T10:08:55.088019,completed
2600,924,28,1,2025-11-20T10:08:55.088019,completed
2601,490,173,1,2025-10-11T04:20:20.401547,completed
2602,490,195,1,2025-10-11T04:20:20.401547,completed
2603,490,26,1,2025-10-11T04:20:20.401547,completed
2604,490,3,5,2025-10-11T04:20:20.401547,completed
2605,385,134,3,2024-01-03T21:33:18.340667,completed
2606,385,195,3,2024-01-03T21:33:18.340667,completed
2607,385,69,3,2024-01-03T21:33:18.340667,refunded
2608,385,125,2,2024-01-03T21:33:18.340667,cancelled
2609,385,122,4,2024-01-03T21:33:18.340667,completed
2610,59,85,4,2025-10-05T15:07:31.196068,pending
2611,59,26,4,2025-10-05T15:07:31.196068,completed
2612,59,1,2,2025-10-05T15:07:31.196068,completed
2613,126,72,4,2024-09-28T08:21:44.847977,completed
2614,126,180,4,2024-09-28T08:21:44.847977,completed
2615,126,193,2,2024-09-28T08:21:44.847977,completed
2616,126,64,3,2024-09-28T08:21:44.847977,completed
2617,126,95,3,2024-09-28T08:21:44.847977,pending
2618,993,174,5,2024-07-08T21:36:55.972731,completed
2619,993,114,5,2024-07-08T21:36:55.972731,completed
2620,993,60,3,2024-07-08T21:36:55.972731,completed
2621,954,169,4,2024-05-20T21:23:22.842251,completed
2622,954,180,2,2024-05-20T21:23:22.842251,completed
2623,954,26,5,2024-05-20T21:23:22.842251,pending
2624,954,188,5,2024-05-20T21:23:22.842251,completed
2625,510,78,5,2024-03-26T05:38:11.745493,refunded
2626,479,115,4,2024-03-19T10:05:17.537458,completed
2627,479,30,2,2024-03-19T10:05:17.537458,completed
2628,175,28,4,2024-07-16T11:31:51.772180,refunded
2629,30,84,3,2025-07-15T11:07:32.767169,completed
2630,30,99,3,2025-07-15T11:07:32.767169,completed
2631,975,171,2,2025-02-25T12:04:02.998736,cancelled
2632,649,24,5,2024-07-25T12:29:16.035964,completed
2633,649,178,5,2024-07-25T12:29:16.035964,completed
2634,649,86,3,2024-07-25T12:29:16.035964,completed
2635,649,58,4,2024-07-25T12:29:16.035964,completed
2636,804,112,3,2025-07-07T19:09:33.887826,completed
2637,804,60,1,2025-07-07T19:09:33.887826,completed
2638,804,58,5,2025-07-07T19:09:33.887826,cancelled
2639,804,67,1,2025-07-07T19:09:33.887826,completed
2640,804,30,2,2025-07-07T19:09:33.887826,pending
2641,977,148,1,2024-10-05T20:17:24.011371,completed
2642,977,189,2,2024-10-05T20:17:24.011371,pending
2643,977,1,4,2024-10-05T20:17:24.011371,completed
2644,977,80,3,2024-10-05T20:17:24.011371,completed
2645,957,134,5,2024-08-13T02:55:10.230946,completed
2646,957,170,1,2024-08-13T02:55:10.230946,completed
2647,552,81,4,2024-07-10T23:58:39.691298,completed
2648,552,38,2,2024-07-10T23:58:39.691298,completed
2649,552,76,2,2024-07-10T23:58:39.691298,completed
2650,552,57,1,2024-07-10T23:58:39.691298,completed
2651,317,177,4,2024-04-04T05:53:11.764764,completed
2652,317,32,2,2024-04-04T05:53:11.764764,completed
2653,317,71,4,2024-04-04T05:53:11.764764,completed
2654,317,181,3,2024-04-04T05:53:11.764764,completed
2655,317,147,2,2024-04-04T05:53:11.764764,pending
2656,957,180,1,2025-02-15T06:36:54.616293,cancelled
2657,957,189,2,2025-02-15T06:36:54.616293,pending
2658,745,77,5,2025-08-19T05:30:31.099976,completed
2659,745,169,4,2025-08-19T05:30:31.099976,completed
2660,745,41,3,2025-08-19T05:30:31.099976,completed
2661,745,6,4,2025-08-19T05:30:31.099976,completed
2662,745,73,5,2024-04-19T01:44:25.350196,completed
2663,745,179,2,2024-04-19T01:44:25.350196,completed
2664,745,50,5,2024-04-19T01:44:25.350196,pending
2665,56,118,5,2025-08-27T08:06:51.935465,completed
2666,56,168,4,2025-08-27T08:06:51.935465,completed
2667,56,42,2,2025-08-27T08:06:51.935465,completed
2668,824,189,1,2024-07-24T13:28:41.639822,completed
2669,824,167,5,2024-07-24T13:28:41.639822,completed
2670,805,97,2,2025-06-21T06:48:08.223102,cancelled
2671,805,110,1,2025-06-21T06:48:08.223102,completed
2672,486,14,5,2024-05-18T18:41:43.353695,completed
2673,486,31,5,2024-05-18T18:41:43.353695,completed
2674,153,63,4,2025-08-07T23:28:18.157386,completed
2675,153,9,5,2025-08-07T23:28:18.157386,cancelled
2676,153,31,4,2025-08-07T23:28:18.157386,completed
2677,153,62,1,2025-08-07T23:28:18.157386,completed
2678,886,71,3,2025-03-01T15:54:12.769655,completed
2679,886,162,1,2025-03-01T15:54:12.769655,completed
2680,886,168,4,2025-03-01T15:54:12.769655,completed
2681,886,114,5,2025-03-01T15:54:12.769655,completed
2682,601,147,1,2024-11-20T23:23:10.846995,completed
2683,601,123,2,2024-11-20T23:23:10.846995,completed
2684,601,71,4,2024-11-20T23:23:10.846995,completed
2685,601,178,2,2024-11-20T23:23:10.846995,completed
2686,601,191,1,2024-11-20T23:23:10.846995,completed
2687,883,48,5,2025-06-19T09:11:44.142465,pending
2688,883,104,5,2025-06-19T09:11:44.142465,completed
2689,883,180,5,2025-06-19T09:11:44.142465,pending
2690,883,6,5,2025-06-19T09:11:44.142465,completed
2691,883,101,1,2025-06-19T09:11:44.142465,completed
2692,213,47,5,2025-02-20T08:03:03.611539,completed
2693,6,115,5,2025-08-01T02:20:35.739665,completed
2694,6,81,2,2025-08-01T02:20:35.739665,completed
2695,6,32,3,2025-08-01T02:20:35.739665,pending
2696,6,11,1,2025-08-01T02:20:35.739665,completed
2697,6,33,1,2025-08-01T02:20:35.739665,completed
2698,373,44,3,2025-03-25T14:15:29.121281,completed
2699,373,109,5,2025-03-25T14:15:29.121281,cancelled
2700,373,169,3,2025-03-25T14:15:29.121281,completed
2701,373,1,4,2025-03-25T14:15:29.121281,completed
2702,373,64,4,2025-03-25T14:15:29.121281,completed
2703,536,156,2,2024-07-27T12:15:39.739103,completed
2704,536,138,1,2024-07-27T12:15:39.739103,completed
2705,536,131,2,2024-07-27T12:15:39.739103,completed
2706,877,35,5,2024-05-26T04:03:25.762050,completed
2707,877,155,3,2024-05-26T04:03:25.762050,completed
2708,747,109,4,2025-08-11T10:07:39.741894,completed
2709,747,20,2,2025-08-11T10:07:39.741894,completed
2710,747,141,1,2025-08-11T10:07:39.741894,cancelled
2711,747,66,4,2025-08-11T10:07:39.741894,cancelled
2712,747,67,2,2025-08-11T10:07:39.741894,completed
2713,73,163,2,2024-06-29T12:36:56.851558,completed
2714,73,179,5,2024-06-29T12:36:56.851558,completed
2715,73,166,5,2024-06-29T12:36:56.851558,completed
2716,430,81,4,2025-08-30T06:48:42.171750,completed
2717,430,112,5,2025-08-30T06:48:42.171750,completed
2718,277,137,1,2024-02-17T07:54:26.872935,completed
2719,417,85,1,2025-04-21T17:44:10.869097,completed
2720,342,38,1,2024-05-01T13:04:42.999930,completed
2721,342,58,2,2024-05-01T13:04:42.999930,completed
2722,342,71,1,2024-05-01T13:04:42.999930,completed
2723,127,135,3,2024-10-18T01:57:29.484467,completed
2724,127,187,4,2024-10-18T01:57:29.484467,completed
2725,358,73,1,2025-10-16T10:41:34.479610,completed
2726,358,142,4,2025-10-16T10:41:34.479610,completed
2727,358,70,5,2025-10-16T10:41:34.479610,completed
2728,358,156,4,2025-10-16T10:41:34.479610,completed
2729,358,26,2,2025-10-16T10:41:34.479610,completed
2730,704,183,4,2025-05-28T20:57:49.350810,completed
2731,704,40,3,2025-05-28T20:57:49.350810,completed
2732,704,169,3,2025-05-28T20:57:49.350810,completed
2733,704,33,2,2025-05-28T20:57:49.350810,completed
2734,704,37,4,2025-05-28T20:57:49.350810,completed
2735,188,91,3,2025-02-07T05:50:39.853236,cancelled
2736,188,120,5,2025-02-07T05:50:39.853236,cancelled
2737,188,129,2,2025-02-07T05:50:39.853236,completed
2738,188,74,1,2025-02-07T05:50:39.853236,cancelled
2739,417,24,1,2024-02-23T13:03:14.064524,completed
2740,417,163,1,2024-02-23T13:03:14.064524,completed
2741,417,21,1,2024-02-23T13:03:14.064524,completed
2742,293,127,2,2024-10-15T10:36:33.424883,completed
2743,293,3,5,2024-10-15T10:36:33.424883,completed
2744,293,109,5,2024-10-15T10:36:33.424883,completed
2745,293,174,4,2024-10-15T10:36:33.424883,completed
2746,293,131,2,2024-10-15T10:36:33.424883,cancelled
2747,764,183,4,2025-12-12T19:27:56.366991,completed
2748,768,63,5,2024-01-08T15:05:10.299108,completed
2749,768,190,1,2024-01-08T15:05:10.299108,completed
2750,768,170,2,2024-01-08T15:05:10.299108,completed
2751,904,58,5,2025-05-02T01:57:21.117821,completed
2752,904,45,1,2025-05-02T01:57:21.117821,completed
2753,904,20,4,2025-05-02T01:57:21.117821,completed
2754,904,94,1,2025-05-02T01:57:21.117821,completed
2755,904,35,2,2025-05-02T01:57:21.117821,pending
2756,872,75,3,2025-01-26T05:23:51.567394,completed
2757,272,1,5,2024-05-28T12:29:44.517946,completed
2758,272,189,3,2024-05-28T12:29:44.517946,cancelled
2759,983,10,3,2024-05-30T03:27:54.603883,completed
2760,983,119,4,2024-05-30T03:27:54.603883,completed
2761,983,159,3,2024-05-30T03:27:54.603883,completed
2762,983,125,3,2024-05-30T03:27:54.603883,pending
2763,983,15,2,2024-05-30T03:27:54.603883,completed
2764,10,111,4,2024-03-10T23:37:29.013030,completed
2765,542,40,2,2024-03-06T13:24:49.222656,completed
2766,542,106,3,2024-03-06T13:24:49.222656,completed
2767,542,32,4,2024-03-06T13:24:49.222656,completed
2768,542,125,3,2024-03-06T13:24:49.222656,completed
2769,542,2,2,2024-03-06T13:24:49.222656,completed
2770,276,113,4,2024-09-30T13:30:59.827967,completed
2771,363,2,1,2024-04-22T23:43:04.096617,completed
2772,363,92,1,2024-04-22T23:43:04.096617,completed
2773,363,182,4,2024-04-22T23:43:04.096617,completed
2774,363,51,1,2024-04-22T23:43:04.096617,completed
2775,204,171,4,2025-07-16T13:38:56.939677,completed
2776,204,69,2,2025-07-16T13:38:56.939677,completed
2777,204,31,4,2025-07-16T13:38:56.939677,completed
2778,204,108,4,2025-07-16T13:38:56.939677,completed
2779,981,6,2,2025-02-10T05:03:42.367625,completed
2780,513,197,2,2024-03-12T22:06:04.318672,completed
2781,850,110,1,2025-07-09T20:25:08.853828,completed
2782,850,153,3,2025-07-09T20:25:08.853828,completed
2783,850,189,1,2025-07-09T20:25:08.853828,completed
2784,254,40,3,2024-06-18T07:13:37.437028,completed
2785,254,187,3,2024-06-18T07:13:37.437028,refunded
2786,254,131,2,2024-06-18T07:13:37.437028,completed
2787,254,48,4,2024-06-18T07:13:37.437028,completed
2788,254,64,1,2024-06-18T07:13:37.437028,completed
2789,515,47,2,2025-03-04T10:14:36.630750,completed
2790,515,49,2,2025-03-04T10:14:36.630750,completed
2791,515,152,3,2025-03-04T10:14:36.630750,refunded
2792,515,162,2,2025-03-04T10:14:36.630750,completed
2793,515,163,5,2025-03-04T10:14:36.630750,completed
2794,886,98,4,2025-06-07T04:57:07.571217,completed
2795,717,57,4,2024-01-14T16:49:03.614671,completed
2796,717,87,5,2024-01-14T16:49:03.614671,completed
2797,53,29,3,2025-06-23T23:38:00.675301,cancelled
2798,53,69,4,2025-06-23T23:38:00.675301,completed
2799,53,94,1,2025-06-23T23:38:00.675301,completed
2800,1,170,3,2024-05-11T03:53:14.051537,completed
2801,484,156,2,2024-06-07T03:26:17.726246,completed
2802,484,26,4,2024-06-07T03:26:17.726246,completed
2803,484,111,3,2024-06-07T03:26:17.726246,completed
2804,686,175,5,2025-11-30T00:27:34.148267,completed
2805,134,93,5,2024-05-26T07:47:04.810923,completed
2806,134,190,3,2024-05-26T07:47:04.810923,completed
2807,134,191,3,2024-05-26T07:47:04.810923,completed
2808,394,28,2,2025-10-21T06:22:39.824150,completed
2809,617,11,5,2024-10-22T05:01:19.145016,cancelled
2810,906,50,4,2024-12-07T01:27:36.312478,cancelled
2811,906,181,1,2024-12-07T01:27:36.312478,cancelled
2812,634,78,2,2025-07-27T09:49:24.539511,completed
2813,634,186,2,2025-07-27T09:49:24.539511,completed
2814,634,122,2,2025-07-27T09:49:24.539511,completed
2815,729,195,3,2025-11-19T00:20:27.350018,completed
2816,729,144,1,2025-11-19T00:20:27.350018,cancelled
2817,729,89,1,2025-11-19T00:20:27.350018,completed
2818,537,6,2,2024-07-07T19:54:18.306317,completed
2819,537,43,5,2024-07-07T19:54:18.306317,completed
2820,537,154,2,2024-07-07T19:54:18.306317,completed
2821,537,71,4,2024-07-07T19:54:18.306317,completed
2822,537,179,5,2024-07-07T19:54:18.306317,pending
2823,995,43,4,2025-07-23T08:40:08.272470,completed
2824,394,200,2,2024-07-13T12:54:42.551139,completed
2825,394,100,2,2024-07-13T12:54:42.551139,completed
2826,394,103,5,2024-07-13T12:54:42.551139,completed
2827,394,156,5,2024-07-13T12:54:42.551139,completed
2828,394,70,5,2024-07-13T12:54:42.551139,completed
2829,873,76,3,2025-08-14T23:25:17.948351,completed
2830,873,182,2,2025-08-14T23:25:17.948351,completed
2831,547,75,2,2025-01-22T10:04:56.870787,cancelled
2832,547,11,3,2025-01-22T10:04:56.870787,cancelled
2833,277,165,2,2025-05-08T23:13:50.559198,refunded
2834,216,30,5,2024-02-23T16:12:17.051827,refunded
2835,216,1,3,2024-02-23T16:12:17.051827,completed
2836,216,167,5,2024-02-23T16:12:17.051827,completed
2837,216,89,2,2024-02-23T16:12:17.051827,completed
2838,216,162,5,2024-02-23T16:12:17.051827,completed
2839,59,92,2,2024-02-04T07:00:48.646300,completed
2840,287,66,5,2024-02-10T22:14:32.239350,completed
2841,287,5,5,2024-02-10T22:14:32.239350,completed
2842,764,168,5,2024-11-02T02:12:42.906238,completed
2843,764,66,4,2024-11-02T02:12:42.906238,completed
2844,764,161,3,2024-11-02T02:12:42.906238,completed
2845,764,163,4,2024-11-02T02:12:42.906238,completed
2846,238,95,4,2025-03-03T14:19:06.473354,completed
2847,238,38,2,2025-03-03T14:19:06.473354,pending
2848,238,123,2,2025-03-03T14:19:06.473354,completed
2849,238,24,4,2025-03-03T14:19:06.473354,cancelled
2850,185,6,2,2024-01-17T11:36:38.310569,pending
2851,185,80,5,2024-01-17T11:36:38.310569,completed
2852,185,42,2,2024-01-17T11:36:38.310569,completed
2853,252,166,5,2025-12-16T00:37:20.806479,completed
2854,252,104,1,2025-12-16T00:37:20.806479,completed
2855,252,26,4,2025-12-16T00:37:20.806479,completed
2856,252,186,1,2025-12-16T00:37:20.806479,pending
2857,782,34,2,2025-10-14T17:47:00.241045,completed
2858,275,161,1,2024-02-25T12:33:33.441698,completed
2859,275,154,1,2024-02-25T12:33:33.441698,cancelled
2860,109,189,2,2024-10-08T11:20:07.522364,completed
2861,109,87,5,2024-10-08T11:20:07.522364,pending
2862,109,182,2,2024-10-08T11:20:07.522364,completed
2863,109,22,4,2024-10-08T11:20:07.522364,completed
2864,109,52,1,2024-10-08T11:20:07.522364,completed
2865,274,32,3,2025-12-02T09:33:20.088687,completed
2866,274,6,4,2025-12-02T09:33:20.088687,completed
2867,274,12,2,2025-12-02T09:33:20.088687,completed
2868,274,27,4,2025-12-02T09:33:20.088687,completed
2869,274,140,3,2025-12-02T09:33:20.088687,completed
2870,232,176,2,2025-02-15T09:56:00.702017,refunded
2871,232,184,2,2025-02-15T09:56:00.702017,completed
2872,232,29,3,2025-02-15T09:56:00.702017,completed
2873,232,126,5,2025-02-15T09:56:00.702017,completed
2874,370,12,5,2025-05-22T20:42:48.300673,completed
2875,439,86,2,2025-04-18T04:39:33.971252,pending
2876,439,154,3,2025-04-18T04:39:33.971252,completed
2877,439,47,3,2025-04-18T04:39:33.971252,completed
2878,439,174,1,2025-04-18T04:39:33.971252,completed
2879,439,109,4,2025-04-18T04:39:33.971252,completed
2880,956,183,2,2024-02-19T14:30:10.112035,completed
2881,956,20,2,2024-02-19T14:30:10.112035,completed
2882,956,1,4,2024-02-19T14:30:10.112035,completed
2883,816,18,3,2024-01-08T03:31:24.720134,completed
2884,816,29,3,2024-01-08T03:31:24.720134,refunded
2885,816,148,2,2024-01-08T03:31:24.720134,completed
2886,816,110,3,2024-01-08T03:31:24.720134,completed
2887,435,178,3,2025-08-31T16:49:36.063732,completed
2888,435,106,2,2025-08-31T16:49:36.063732,completed
2889,435,155,5,2025-08-31T16:49:36.063732,completed
2890,435,163,5,2025-08-31T16:49:36.063732,completed
2891,550,99,5,2025-04-13T06:09:13.272340,completed
2892,550,22,5,2025-04-13T06:09:13.272340,completed
2893,711,180,2,2025-10-24T23:04:10.883566,completed
2894,711,23,2,2025-10-24T23:04:10.883566,refunded
2895,18,143,1,2025-10-03T17:26:56.127508,completed
2896,18,122,3,2025-10-03T17:26:56.127508,completed
2897,18,35,2,2025-10-03T17:26:56.127508,completed
2898,148,108,2,2024-01-18T04:21:29.143740,completed
2899,148,63,2,2024-01-18T04:21:29.143740,completed
2900,148,54,1,2024-01-18T04:21:29.143740,completed
2901,148,58,4,2024-01-18T04:21:29.143740,completed
2902,148,15,1,2024-01-18T04:21:29.143740,completed
2903,76,153,3,2025-01-10T20:03:34.980566,completed
2904,76,41,2,2025-01-10T20:03:34.980566,completed
2905,76,8,5,2025-01-10T20:03:34.980566,pending
2906,76,38,4,2025-01-10T20:03:34.980566,completed
2907,187,191,3,2025-08-18T19:47:49.937297,completed
2908,187,36,3,2025-08-18T19:47:49.937297,completed
2909,187,192,1,2025-08-18T19:47:49.937297,completed
2910,187,136,2,2025-08-18T19:47:49.937297,completed
2911,658,155,2,2024-10-20T17:22:53.058892,completed
2912,12,109,3,2024-10-20T13:15:18.934077,cancelled
2913,12,175,5,2024-10-20T13:15:18.934077,completed
2914,12,117,2,2024-10-20T13:15:18.934077,completed
2915,12,142,2,2024-10-20T13:15:18.934077,completed
2916,95,97,5,2024-03-16T22:11:52.128757,completed
2917,95,33,4,2024-03-16T22:11:52.128757,completed
2918,95,191,5,2024-03-16T22:11:52.128757,completed
2919,95,55,1,2024-03-16T22:11:52.128757,pending
2920,95,103,4,2024-03-16T22:11:52.128757,completed
2921,669,98,4,2025-10-20T01:13:06.583782,completed
2922,669,43,1,2025-10-20T01:13:06.583782,completed
2923,669,14,3,2025-10-20T01:13:06.583782,completed
2924,669,96,3,2025-10-20T01:13:06.583782,completed
2925,289,139,1,2025-12-19T21:07:25.376611,completed
2926,289,28,1,2025-12-19T21:07:25.376611,completed
2927,317,142,1,2025-06-19T08:07:03.803940,completed
2928,317,52,1,2025-06-19T08:07:03.803940,refunded
2929,579,145,4,2024-02-11T19:11:29.465057,completed
2930,323,80,1,2025-03-18T11:04:02.909437,refunded
2931,770,102,3,2024-01-18T20:11:19.897750,completed
2932,770,129,3,2024-01-18T20:11:19.897750,refunded
2933,770,50,1,2024-01-18T20:11:19.897750,completed
2934,919,26,5,2024-07-21T05:32:24.728233,completed
2935,919,129,4,2024-07-21T05:32:24.728233,completed
2936,919,199,1,2024-07-21T05:32:24.728233,completed
2937,919,39,2,2024-07-21T05:32:24.728233,completed
2938,919,7,1,2024-07-21T05:32:24.728233,pending
2939,96,56,2,2024-03-19T01:27:33.529239,completed
2940,96,175,2,2024-03-19T01:27:33.529239,refunded
2941,514,187,3,2025-08-29T15:56:13.610423,completed
2942,514,156,2,2025-08-29T15:56:13.610423,completed
2943,514,167,3,2025-08-29T15:56:13.610423,completed
2944,514,134,4,2025-08-29T15:56:13.610423,completed
2945,514,197,4,2025-08-29T15:56:13.610423,completed
2946,626,20,1,2024-05-15T11:03:22.116990,pending
2947,626,40,2,2024-05-15T11:03:22.116990,completed
2948,626,146,3,2024-05-15T11:03:22.116990,completed
2949,626,161,1,2024-05-15T11:03:22.116990,completed
2950,626,128,4,2024-05-15T11:03:22.116990,completed
2951,957,42,5,2024-12-21T14:33:51.880739,completed
2952,957,18,1,2024-12-21T14:33:51.880739,completed
2953,957,72,4,2024-12-21T14:33:51.880739,completed
2954,485,196,2,2025-06-15T11:41:46.899016,cancelled
2955,485,114,5,2025-06-15T11:41:46.899016,completed
2956,485,167,3,2025-06-15T11:41:46.899016,pending
2957,411,159,3,2024-08-17T08:48:38.782430,completed
2958,411,175,5,2024-08-17T08:48:38.782430,cancelled
2959,411,34,3,2024-08-17T08:48:38.782430,completed
2960,411,113,4,2024-08-17T08:48:38.782430,completed
2961,270,159,1,2025-01-28T06:43:08.840536,completed
2962,251,3,2,2025-09-29T17:25:51.513209,completed
2963,251,40,1,2025-09-29T17:25:51.513209,completed
2964,251,27,4,2025-09-29T17:25:51.513209,completed
2965,251,75,3,2025-09-29T17:25:51.513209,completed
2966,251,97,5,2025-09-29T17:25:51.513209,cancelled
2967,477,22,2,2025-12-17T19:21:28.404205,completed
2968,940,197,3,2024-05-22T00:05:52.686726,completed
2969,940,111,3,2024-05-22T00:05:52.686726,refunded
2970,940,52,4,2024-05-22T00:05:52.686726,completed
2971,940,103,4,2024-05-22T00:05:52.686726,completed
2972,466,140,2,2024-05-13T04:52:35.435959,cancelled
2973,150,82,1,2024-10-26T17:48:21.166399,refunded
2974,150,146,4,2024-10-26T17:48:21.166399,completed
2975,828,111,1,2025-05-11T21:25:12.180915,completed
2976,828,122,1,2025-05-11T21:25:12.180915,cancelled
2977,828,55,4,2025-05-11T21:25:12.180915,completed
2978,651,22,1,2025-02-06T00:20:39.610997,completed
2979,651,37,1,2025-02-06T00:20:39.610997,completed
2980,730,108,3,2025-04-24T07:37:37.134058,completed
2981,730,135,1,2025-04-24T07:37:37.134058,completed
2982,730,55,4,2025-04-24T07:37:37.134058,completed
2983,730,172,3,2025-04-24T07:37:37.134058,completed
2984,358,124,2,2024-12-09T17:08:22.496139,cancelled
2985,358,122,4,2024-12-09T17:08:22.496139,completed
2986,358,138,5,2024-12-09T17:08:22.496139,completed
2987,358,177,1,2024-12-09T17:08:22.496139,completed
2988,916,51,5,2025-11-06T00:31:27.729114,completed
2989,916,20,3,2025-11-06T00:31:27.729114,completed
2990,916,186,4,2025-11-06T00:31:27.729114,cancelled
2991,916,171,4,2025-11-06T00:31:27.729114,pending
2992,916,149,1,2025-11-06T00:31:27.729114,completed
2993,691,68,4,2025-02-25T03:44:26.334208,cancelled
2994,691,134,2,2025-02-25T03:44:26.334208,completed
2995,691,185,5,2025-02-25T03:44:26.334208,completed
2996,691,1,2,2025-02-25T03:44:26.334208,completed
2997,193,179,5,2024-05-18T23:51:03.883060,completed
2998,193,140,3,2024-05-18T23:51:03.883060,completed
2999,193,199,2,2024-05-18T23:51:03.883060,refunded
3000,193,43,5,2024-05-18T23:51:03.883060,cancelled
3001,380,5,5,2025-01-20T23:53:39.089844,pending
3002,380,78,1,2025-01-20T23:53:39.089844,completed
3003,380,79,4,2025-01-20T23:53:39.089844,completed
3004,361,139,3,2024-02-01T20:53:05.585724,completed
3005,361,110,2,2024-02-01T20:53:05.585724,completed
3006,361,134,3,2024-02-01T20:53:05.585724,completed
3007,610,139,4,2024-08-13T13:37:37.568027,completed
3008,610,112,4,2024-08-13T13:37:37.568027,completed
3009,719,26,5,2024-12-05T23:32:06.751969,cancelled
3010,719,23,1,2024-12-05T23:32:06.751969,completed
3011,719,27,5,2024-12-05T23:32:06.751969,cancelled
3012,719,167,1,2024-12-05T23:32:06.751969,completed
3013,719,5,5,2024-12-05T23:32:06.751969,completed
3014,34,108,4,2025-09-05T15:53:57.396335,completed
3015,34,55,1,2025-09-05T15:53:57.396335,completed
3016,34,58,4,2025-09-05T15:53:57.396335,cancelled
3017,360,106,4,2025-09-26T12:22:16.225354,completed
3018,360,166,3,2025-09-26T12:22:16.225354,completed
3019,360,181,5,2025-09-26T12:22:16.225354,completed
3020,360,190,3,2025-09-26T12:22:16.225354,completed
3021,925,173,1,2025-07-20T13:10:07.602984,completed
3022,925,62,2,2025-07-20T13:10:07.602984,completed
3023,925,2,5,2025-07-20T13:10:07.602984,pending
3024,925,107,5,2025-07-20T13:10:07.602984,completed
3025,175,111,5,2024-03-14T16:29:04.637868,completed
3026,175,62,1,2024-03-14T16:29:04.637868,pending
3027,175,143,5,2024-03-14T16:29:04.637868,completed
3028,175,101,4,2024-03-14T16:29:04.637868,refunded
3029,175,50,2,2024-03-14T16:29:04.637868,completed
3030,326,41,2,2025-09-21T12:11:58.096895,completed
3031,326,112,5,2025-09-21T12:11:58.096895,completed
3032,326,60,3,2025-09-21T12:11:58.096895,pending
3033,326,26,2,2025-09-21T12:11:58.096895,cancelled
3034,326,182,2,2025-09-21T12:11:58.096895,completed
3035,27,3,2,2025-07-14T16:28:54.440570,completed
3036,27,161,5,2025-07-14T16:28:54.440570,cancelled
3037,27,198,1,2025-07-14T16:28:54.440570,completed
3038,27,152,1,2025-07-14T16:28:54.440570,completed
3039,134,163,2,2024-03-01T08:37:15.027813,completed
3040,134,162,2,2024-03-01T08:37:15.027813,completed
3041,134,200,5,2024-03-01T08:37:15.027813,pending
3042,134,92,4,2024-03-01T08:37:15.027813,completed
3043,676,71,1,2025-05-02T00:30:10.924875,cancelled
3044,643,164,5,2025-10-27T12:48:53.639097,pending
3045,114,153,3,2025-08-08T16:27:13.879150,completed
3046,114,32,2,2025-08-08T16:27:13.879150,completed
3047,114,28,4,2025-08-08T16:27:13.879150,pending
3048,114,37,2,2025-08-08T16:27:13.879150,completed
3049,503,106,1,2025-12-17T18:24:16.686474,completed
3050,641,54,4,2024-07-29T14:45:00.819607,completed
3051,322,42,2,2024-11-23T20:07:36.334352,completed
3052,322,47,5,2024-11-23T20:07:36.334352,pending
3053,322,77,1,2024-11-23T20:07:36.334352,refunded
3054,322,3,3,2024-11-23T20:07:36.334352,completed
3055,629,140,3,2025-09-14T14:07:02.266846,cancelled
3056,629,2,2,2025-09-14T14:07:02.266846,completed
3057,629,41,5,2025-09-14T14:07:02.266846,completed
3058,629,134,5,2025-09-14T14:07:02.266846,completed
3059,629,190,2,2025-09-14T14:07:02.266846,pending
3060,118,8,2,2024-04-16T23:19:23.121557,completed
3061,118,84,2,2024-04-16T23:19:23.121557,completed
3062,494,24,5,2025-11-01T09:02:29.689660,completed
3063,494,90,4,2025-11-01T09:02:29.689660,completed
3064,508,132,2,2025-01-29T20:01:45.696414,completed
3065,508,103,3,2025-01-29T20:01:45.696414,cancelled
3066,508,50,1,2025-01-29T20:01:45.696414,completed
3067,508,65,5,2025-01-29T20:01:45.696414,completed
3068,814,185,4,2025-04-12T13:27:10.437037,pending
3069,814,125,4,2025-04-12T13:27:10.437037,completed
3070,279,160,4,2024-07-19T07:05:01.046509,completed
3071,279,28,5,2024-07-19T07:05:01.046509,completed
3072,279,156,1,2024-07-19T07:05:01.046509,completed
3073,911,131,3,2024-03-17T01:01:23.589611,completed
3074,301,166,1,2025-08-25T19:54:27.774983,completed
3075,301,136,3,2025-08-25T19:54:27.774983,completed
3076,301,91,2,2025-08-25T19:54:27.774983,completed
3077,301,102,1,2025-08-25T19:54:27.774983,completed
3078,301,8,3,2025-08-25T19:54:27.774983,completed
3079,799,32,1,2024-11-20T12:17:24.972744,completed
3080,799,3,2,2024-11-20T12:17:24.972744,completed
3081,799,82,3,2024-11-20T12:17:24.972744,pending
3082,576,99,3,2025-03-26T14:39:27.238029,completed
3083,540,27,3,2024-08-08T14:12:27.176876,completed
3084,540,144,1,2024-08-08T14:12:27.176876,completed
3085,662,175,3,2025-10-14T16:32:33.479051,completed
3086,662,194,1,2025-10-14T16:32:33.479051,pending
3087,662,112,4,2025-10-14T16:32:33.479051,completed
3088,662,82,3,2025-10-14T16:32:33.479051,completed
3089,128,44,4,2025-11-02T03:10:22.207691,completed
3090,128,154,1,2025-11-02T03:10:22.207691,completed
3091,128,84,5,2025-11-02T03:10:22.207691,refunded
3092,128,152,4,2025-11-02T03:10:22.207691,completed
3093,862,10,3,2024-02-13T19:02:18.693203,completed
3094,862,137,1,2024-02-13T19:02:18.693203,completed
3095,862,136,4,2024-02-13T19:02:18.693203,completed
3096,862,11,3,2024-02-13T19:02:18.693203,completed
3097,355,21,4,2025-10-29T21:08:56.598150,completed
3098,355,143,4,2025-10-29T21:08:56.598150,completed
3099,355,199,4,2025-10-29T21:08:56.598150,completed
3100,355,81,1,2025-10-29T21:08:56.598150,pending
3101,961,27,2,2024-05-24T15:09:25.019098,completed
3102,961,8,3,2024-05-24T15:09:25.019098,pending
3103,961,58,4,2024-05-24T15:09:25.019098,completed
3104,961,13,1,2024-05-24T15:09:25.019098,completed
3105,961,3,3,2024-05-24T15:09:25.019098,pending
3106,551,177,1,2024-11-03T12:54:52.727847,completed
3107,804,29,1,2025-09-01T05:18:56.920478,cancelled
3108,77,85,4,2024-09-15T03:07:40.716387,completed
3109,77,177,2,2024-09-15T03:07:40.716387,cancelled
3110,77,157,5,2024-09-15T03:07:40.716387,completed
3111,130,38,4,2024-09-23T22:35:35.212778,completed
3112,130,193,1,2024-09-23T22:35:35.212778,completed
3113,130,150,2,2024-09-23T22:35:35.212778,completed
3114,678,72,4,2025-09-09T07:05:38.765147,completed
3115,678,83,3,2025-09-09T07:05:38.765147,completed
3116,678,198,1,2025-09-09T07:05:38.765147,completed
3117,678,188,2,2025-09-09T07:05:38.765147,completed
3118,753,178,1,2024-05-05T22:16:18.218756,refunded
3119,753,20,1,2024-05-05T22:16:18.218756,completed
3120,687,120,2,2024-02-11T08:33:54.850896,completed
3121,687,99,3,2024-02-11T08:33:54.850896,completed
3122,605,132,4,2025-01-28T17:04:18.266984,completed
3123,605,81,5,2025-01-28T17:04:18.266984,completed
3124,605,195,2,2025-01-28T17:04:18.266984,completed
3125,605,80,3,2025-01-28T17:04:18.266984,completed
3126,605,182,4,2025-01-28T17:04:18.266984,pending
3127,526,200,2,2025-11-24T02:49:09.513788,completed
3128,526,103,4,2025-11-24T02:49:09.513788,completed
3129,315,166,1,2024-01-17T08:18:52.402702,completed
3130,315,27,4,2024-01-17T08:18:52.402702,completed
3131,315,38,1,2024-01-17T08:18:52.402702,completed
3132,315,119,5,2024-01-17T08:18:52.402702,completed
3133,315,28,3,2024-01-17T08:18:52.402702,completed
3134,564,91,4,2025-03-30T08:58:00.101042,completed
3135,407,111,3,2024-07-28T07:22:29.543041,completed
3136,407,131,1,2024-07-28T07:22:29.543041,completed
3137,407,86,4,2024-07-28T07:22:29.543041,completed
3138,407,14,2,2024-07-28T07:22:29.543041,completed
3139,407,113,5,2024-07-28T07:22:29.543041,completed
3140,623,133,1,2025-11-28T23:15:59.484491,completed
3141,623,111,1,2025-11-28T23:15:59.484491,completed
3142,623,28,1,2025-11-28T23:15:59.484491,pending
3143,623,175,5,2025-11-28T23:15:59.484491,completed
3144,68,26,4,2025-04-14T07:49:19.545937,completed
3145,68,71,1,2025-04-14T07:49:19.545937,completed
3146,68,58,3,2025-04-14T07:49:19.545937,completed
3147,68,159,2,2025-04-14T07:49:19.545937,completed
3148,68,180,3,2025-04-14T07:49:19.545937,completed
3149,723,74,5,2024-09-22T18:18:17.455537,cancelled
3150,723,188,5,2024-09-22T18:18:17.455537,completed
3151,723,1,3,2024-09-22T18:18:17.455537,pending
3152,723,25,2,2024-09-22T18:18:17.455537,completed
3153,723,48,1,2024-09-22T18:18:17.455537,completed
3154,341,37,4,2025-07-14T12:23:18.249734,completed
3155,341,4,2,2025-07-14T12:23:18.249734,refunded
3156,341,171,1,2025-07-14T12:23:18.249734,completed
3157,341,122,1,2025-07-14T12:23:18.249734,completed
3158,993,150,4,2025-12-19T12:25:44.031745,completed
3159,993,1,1,2025-12-19T12:25:44.031745,completed
3160,993,126,3,2025-12-19T12:25:44.031745,pending
3161,993,64,5,2025-12-19T12:25:44.031745,completed
3162,774,199,1,2024-04-22T15:08:41.782133,completed
3163,774,25,3,2024-04-22T15:08:41.782133,completed
3164,753,140,4,2025-04-02T11:42:33.747144,completed
3165,753,66,4,2025-04-02T11:42:33.747144,completed
3166,753,170,3,2025-04-02T11:42:33.747144,completed
3167,342,199,3,2024-03-16T20:27:09.802844,completed
3168,342,170,1,2024-03-16T20:27:09.802844,completed
3169,342,153,4,2024-03-16T20:27:09.802844,pending
3170,342,124,2,2024-03-16T20:27:09.802844,completed
3171,342,29,1,2024-03-16T20:27:09.802844,completed
3172,759,93,2,2024-07-15T08:57:06.366538,cancelled
3173,759,53,4,2024-07-15T08:57:06.366538,completed
3174,759,191,3,2024-07-15T08:57:06.366538,pending
3175,759,23,5,2024-07-15T08:57:06.366538,pending
3176,461,45,4,2024-01-24T22:13:11.681006,completed
3177,461,68,3,2024-01-24T22:13:11.681006,completed
3178,461,174,1,2024-01-24T22:13:11.681006,completed
3179,461,90,3,2024-01-24T22:13:11.681006,pending
3180,461,85,1,2024-01-24T22:13:11.681006,completed
3181,466,89,2,2025-05-22T13:51:47.757459,completed
3182,466,74,2,2025-05-22T13:51:47.757459,completed
3183,466,29,3,2025-05-22T13:51:47.757459,completed
3184,466,3,2,2025-05-22T13:51:47.757459,completed
3185,466,128,3,2025-05-22T13:51:47.757459,completed
3186,302,117,1,2024-02-19T03:20:18.981711,completed
3187,846,32,4,2024-08-22T00:48:58.929286,completed
3188,846,14,1,2024-08-22T00:48:58.929286,completed
3189,846,126,2,2024-08-22T00:48:58.929286,completed
3190,846,79,3,2024-08-22T00:48:58.929286,completed
3191,846,2,5,2024-08-22T00:48:58.929286,completed
3192,788,40,2,2024-08-19T02:21:14.074235,completed
3193,788,23,1,2024-08-19T02:21:14.074235,completed
3194,788,183,1,2024-08-19T02:21:14.074235,completed
3195,788,70,3,2024-08-19T02:21:14.074235,completed
3196,788,37,4,2024-08-19T02:21:14.074235,completed
3197,991,67,3,2024-10-16T03:33:20.453713,completed
3198,178,112,2,2025-04-18T14:10:24.154659,completed
3199,178,174,4,2025-04-18T14:10:24.154659,completed
3200,178,83,3,2025-04-18T14:10:24.154659,completed
3201,178,149,3,2025-04-18T14:10:24.154659,completed
3202,178,36,4,2025-04-18T14:10:24.154659,completed
3203,385,25,3,2025-11-25T10:52:08.264662,completed
3204,385,36,3,2025-11-25T10:52:08.264662,completed
3205,385,135,4,2025-11-25T10:52:08.264662,completed
3206,385,114,4,2025-11-25T10:52:08.264662,completed
3207,935,7,2,2024-05-04T11:37:33.778573,completed
3208,935,197,3,2024-05-04T11:37:33.778573,completed
3209,935,108,5,2024-05-04T11:37:33.778573,completed
3210,935,23,2,2024-05-04T11:37:33.778573,completed
3211,935,194,5,2024-05-04T11:37:33.778573,pending
3212,55,33,4,2024-02-07T11:19:39.088997,pending
3213,55,104,5,2024-02-07T11:19:39.088997,completed
3214,55,172,1,2024-02-07T11:19:39.088997,completed
3215,55,2,3,2024-02-07T11:19:39.088997,pending
3216,666,86,5,2025-01-24T03:40:15.665597,completed
3217,298,124,5,2025-08-06T15:59:09.743877,completed
3218,298,177,1,2025-08-06T15:59:09.743877,completed
3219,298,85,5,2025-08-06T15:59:09.743877,completed
3220,298,16,4,2025-08-06T15:59:09.743877,completed
3221,298,32,2,2025-08-06T15:59:09.743877,completed
3222,319,125,5,2024-08-23T05:12:45.463526,completed
3223,118,1,2,2025-12-19T05:08:39.680141,completed
3224,124,25,1,2024-04-27T03:30:32.139271,pending
3225,124,64,4,2024-04-27T03:30:32.139271,completed
3226,124,53,1,2024-04-27T03:30:32.139271,completed
3227,124,27,4,2024-04-27T03:30:32.139271,refunded
3228,124,122,2,2024-04-27T03:30:32.139271,pending
3229,560,157,5,2025-04-13T03:11:18.346398,completed
3230,560,175,2,2025-04-13T03:11:18.346398,completed
3231,560,113,2,2025-04-13T03:11:18.346398,completed
3232,763,44,5,2025-06-13T04:55:19.044969,completed
3233,763,131,4,2025-06-13T04:55:19.044969,completed
3234,684,151,4,2025-10-03T13:45:08.168139,completed
3235,282,99,4,2023-12-22T10:04:29.471822,pending
3236,282,179,2,2023-12-22T10:04:29.471822,completed
3237,282,28,4,2023-12-22T10:04:29.471822,completed
3238,282,119,4,2023-12-22T10:04:29.471822,completed
3239,311,166,5,2025-03-27T08:06:47.193096,completed
3240,930,36,4,2024-07-14T16:03:56.469640,completed
3241,930,120,2,2024-07-14T16:03:56.469640,completed
3242,930,186,5,2024-07-14T16:03:56.469640,completed
3243,925,100,2,2025-05-30T09:03:17.989685,completed
3244,925,132,5,2025-05-30T09:03:17.989685,completed
3245,925,17,2,2025-05-30T09:03:17.989685,completed
3246,925,45,3,2025-05-30T09:03:17.989685,cancelled
3247,925,168,1,2025-05-30T09:03:17.989685,cancelled
3248,661,97,2,2024-02-06T10:20:59.691288,completed
3249,661,121,5,2024-02-06T10:20:59.691288,completed
3250,661,156,5,2024-02-06T10:20:59.691288,completed
3251,661,169,3,2024-02-06T10:20:59.691288,completed
3252,595,150,1,2025-05-20T19:47:28.956185,completed
3253,595,159,2,2025-05-20T19:47:28.956185,completed
3254,595,104,1,2025-05-20T19:47:28.956185,completed
3255,696,83,2,2025-02-19T08:44:11.750668,completed
3256,696,195,2,2025-02-19T08:44:11.750668,completed
3257,696,60,4,2025-02-19T08:44:11.750668,completed
3258,696,198,4,2025-02-19T08:44:11.750668,cancelled
3259,64,65,4,2025-03-01T04:43:55.046526,completed
3260,64,30,5,2025-03-01T04:43:55.046526,completed
3261,64,10,1,2025-03-01T04:43:55.046526,cancelled
3262,64,192,3,2025-03-01T04:43:55.046526,completed
3263,64,19,4,2025-03-01T04:43:55.046526,completed
3264,653,143,4,2025-03-13T03:44:28.586704,completed
3265,653,52,2,2025-03-13T03:44:28.586704,completed
3266,653,51,2,2025-03-13T03:44:28.586704,completed
3267,653,65,5,2025-03-13T03:44:28.586704,pending
3268,653,126,2,2025-03-13T03:44:28.586704,completed
3269,25,53,1,2025-01-04T05:34:02.026036,pending
3270,915,93,4,2025-10-19T06:20:01.552141,completed
3271,886,88,2,2024-09-08T02:34:25.306346,completed
3272,981,128,5,2024-10-01T03:29:41.940244,completed
3273,981,49,5,2024-10-01T03:29:41.940244,pending
3274,981,54,2,2024-10-01T03:29:41.940244,pending
3275,981,147,4,2024-10-01T03:29:41.940244,completed
3276,981,122,4,2024-10-01T03:29:41.940244,pending
3277,583,33,5,2024-07-14T04:20:03.061368,completed
3278,121,60,3,2025-02-09T11:25:22.685816,completed
3279,121,14,3,2025-02-09T11:25:22.685816,cancelled
3280,121,154,3,2025-02-09T11:25:22.685816,completed
3281,121,139,3,2025-02-09T11:25:22.685816,completed
3282,893,74,5,2025-11-13T15:19:15.640981,completed
3283,893,20,5,2025-11-13T15:19:15.640981,cancelled
3284,513,103,5,2024-05-30T07:32:01.569722,completed
3285,513,159,1,2024-05-30T07:32:01.569722,completed
3286,513,15,3,2024-05-30T07:32:01.569722,completed
3287,34,108,3,2024-02-01T13:45:37.698067,pending
3288,34,67,1,2024-02-01T13:45:37.698067,completed
3289,34,52,5,2024-02-01T13:45:37.698067,pending
3290,338,61,4,2024-09-15T16:08:00.125926,completed
3291,971,157,1,2025-02-24T13:10:05.318869,cancelled
3292,971,180,5,2025-02-24T13:10:05.318869,completed
3293,971,196,1,2025-02-24T13:10:05.318869,pending
3294,971,10,4,2025-02-24T13:10:05.318869,cancelled
3295,971,89,3,2025-02-24T13:10:05.318869,completed
3296,107,128,5,2025-03-24T04:13:40.422858,completed
3297,359,123,1,2025-06-06T12:57:06.856488,completed
3298,359,78,2,2025-06-06T12:57:06.856488,completed
3299,359,59,4,2025-06-06T12:57:06.856488,completed
3300,359,6,1,2025-06-06T12:57:06.856488,completed
3301,54,197,4,2024-11-01T00:21:43.971634,completed
3302,54,97,5,2024-11-01T00:21:43.971634,completed
3303,54,179,4,2024-11-01T00:21:43.971634,completed
3304,54,33,5,2024-11-01T00:21:43.971634,refunded
3305,377,50,1,2024-08-31T01:22:38.548323,completed
3306,377,88,1,2024-08-31T01:22:38.548323,completed
3307,377,112,2,2024-08-31T01:22:38.548323,completed
3308,771,146,1,2025-04-18T13:16:19.310997,completed
3309,771,12,2,2025-04-18T13:16:19.310997,completed
3310,771,4,3,2025-04-18T13:16:19.310997,completed
3311,771,185,3,2025-04-18T13:16:19.310997,completed
3312,771,64,2,2025-04-18T13:16:19.310997,refunded
3313,133,102,1,2024-10-09T12:28:15.301496,completed
3314,133,123,5,2024-10-09T12:28:15.301496,completed
3315,133,169,3,2024-10-09T12:28:15.301496,pending
3316,133,32,2,2024-10-09T12:28:15.301496,completed
3317,133,20,3,2024-10-09T12:28:15.301496,cancelled
3318,799,75,3,2024-09-13T00:36:02.689306,completed
3319,799,168,5,2024-09-13T00:36:02.689306,completed
3320,799,63,3,2024-09-13T00:36:02.689306,cancelled
3321,799,135,5,2024-09-13T00:36:02.689306,completed
3322,799,69,1,2024-09-13T00:36:02.689306,completed
3323,141,60,1,2025-07-11T11:26:56.899357,completed
3324,141,79,2,2025-07-11T11:26:56.899357,completed
3325,141,190,2,2025-07-11T11:26:56.899357,completed
3326,141,142,4,2025-07-11T11:26:56.899357,cancelled
3327,141,54,1,2025-07-11T11:26:56.899357,completed
3328,35,72,3,2024-07-24T08:19:23.247973,pending
3329,35,151,1,2024-07-24T08:19:23.247973,completed
3330,35,99,5,2024-07-24T08:19:23.247973,completed
3331,20,99,2,2024-04-05T08:05:28.348360,completed
3332,20,114,4,2024-04-05T08:05:28.348360,completed
3333,20,12,3,2024-04-05T08:05:28.348360,completed
3334,20,58,3,2024-04-05T08:05:28.348360,cancelled
3335,932,194,2,2025-12-13T12:05:39.963999,completed
3336,932,87,3,2025-12-13T12:05:39.963999,completed
3337,932,68,5,2025-12-13T12:05:39.963999,completed
3338,932,193,4,2025-12-13T12:05:39.963999,completed
3339,932,152,1,2025-12-13T12:05:39.963999,pending
3340,567,185,4,2024-11-12T09:18:34.033800,completed
3341,567,174,5,2024-11-12T09:18:34.033800,completed
3342,567,74,3,2024-11-12T09:18:34.033800,completed
3343,567,137,4,2024-11-12T09:18:34.033800,completed
3344,947,34,3,2025-06-02T02:44:46.262215,completed
3345,947,4,3,2025-06-02T02:44:46.262215,completed
3346,256,76,5,2024-11-17T19:34:00.923167,completed
3347,256,87,3,2024-11-17T19:34:00.923167,completed
3348,256,147,5,2024-11-17T19:34:00.923167,completed
3349,256,102,3,2024-11-17T19:34:00.923167,completed
3350,256,10,3,2024-11-17T19:34:00.923167,pending
3351,868,114,1,2024-09-30T15:02:22.402521,completed
3352,868,119,4,2024-09-30T15:02:22.402521,completed
3353,368,164,1,2024-03-27T07:07:46.353749,completed
3354,368,143,1,2024-03-27T07:07:46.353749,completed
3355,368,56,5,2024-03-27T07:07:46.353749,completed
3356,368,105,1,2024-03-27T07:07:46.353749,completed
3357,265,67,2,2025-04-11T05:59:38.007391,completed
3358,265,127,2,2025-04-11T05:59:38.007391,pending
3359,265,33,1,2025-04-11T05:59:38.007391,completed
3360,671,48,5,2024-10-11T20:37:39.402765,pending
3361,594,11,2,2024-01-08T20:37:03.612457,completed
3362,594,142,3,2024-01-08T20:37:03.612457,refunded
3363,594,184,1,2024-01-08T20:37:03.612457,completed
3364,879,139,5,2024-09-25T13:27:49.948125,completed
3365,879,184,1,2024-09-25T13:27:49.948125,completed
3366,879,12,4,2024-09-25T13:27:49.948125,completed
3367,80,53,5,2023-12-26T18:53:04.735714,completed
3368,80,84,4,2023-12-26T18:53:04.735714,completed
3369,437,37,5,2024-01-06T10:09:01.371720,completed
3370,437,7,3,2024-01-06T10:09:01.371720,refunded
3371,437,84,3,2024-01-06T10:09:01.371720,completed
3372,997,160,3,2024-01-21T05:39:21.215035,completed
3373,997,8,2,2024-01-21T05:39:21.215035,cancelled
3374,997,42,1,2024-01-21T05:39:21.215035,completed
3375,217,131,5,2024-07-22T18:02:40.333852,completed
3376,217,184,3,2024-07-22T18:02:40.333852,cancelled
3377,217,200,4,2024-07-22T18:02:40.333852,pending
3378,34,98,1,2025-12-19T15:34:06.701212,cancelled
3379,34,196,2,2025-12-19T15:34:06.701212,completed
3380,589,188,1,2025-10-23T16:55:25.620863,completed
3381,589,108,5,2025-10-23T16:55:25.620863,completed
3382,589,138,3,2025-10-23T16:55:25.620863,completed
3383,589,32,5,2025-10-23T16:55:25.620863,completed
3384,589,136,2,2025-10-23T16:55:25.620863,completed
3385,819,60,1,2024-03-11T04:46:47.568526,completed
3386,819,117,4,2024-03-11T04:46:47.568526,completed
3387,819,81,4,2024-03-11T04:46:47.568526,completed
3388,361,130,5,2024-05-31T11:10:24.555196,completed
3389,361,20,4,2024-05-31T11:10:24.555196,completed
3390,361,93,2,2024-05-31T11:10:24.555196,cancelled
3391,361,168,2,2024-05-31T11:10:24.555196,completed
3392,361,124,4,2024-05-31T11:10:24.555196,completed
3393,682,156,3,2025-12-10T19:19:37.601036,completed
3394,682,67,1,2025-12-10T19:19:37.601036,completed
3395,432,38,2,2024-09-22T02:54:58.664029,pending
3396,432,148,4,2024-09-22T02:54:58.664029,completed
3397,432,127,1,2024-09-22T02:54:58.664029,completed
3398,432,162,5,2024-09-22T02:54:58.664029,completed
3399,432,198,4,2024-09-22T02:54:58.664029,completed
3400,130,111,1,2025-04-07T12:05:21.826436,completed
3401,75,132,4,2025-11-21T22:50:02.506889,cancelled
3402,75,136,3,2025-11-21T22:50:02.506889,completed
3403,714,62,3,2025-09-09T23:55:02.650159,completed
3404,714,183,5,2025-09-09T23:55:02.650159,completed
3405,714,76,1,2025-09-09T23:55:02.650159,completed
3406,714,31,3,2025-09-09T23:55:02.650159,cancelled
3407,714,87,4,2025-09-09T23:55:02.650159,completed
3408,759,75,2,2024-06-28T08:47:06.179434,completed
3409,759,194,5,2024-06-28T08:47:06.179434,cancelled
3410,759,123,5,2024-06-28T08:47:06.179434,completed
3411,759,180,1,2024-06-28T08:47:06.179434,completed
3412,379,98,5,2025-07-18T03:58:26.268711,completed
3413,379,83,3,2025-07-18T03:58:26.268711,cancelled
3414,379,113,1,2025-07-18T03:58:26.268711,completed
3415,379,46,4,2025-07-18T03:58:26.268711,completed
3416,578,135,3,2024-12-28T22:00:19.561015,completed
3417,578,149,2,2024-12-28T22:00:19.561015,cancelled
3418,578,131,1,2024-12-28T22:00:19.561015,pending
3419,578,110,2,2024-12-28T22:00:19.561015,completed
3420,578,74,3,2024-12-28T22:00:19.561015,completed
3421,631,26,2,2025-07-11T06:45:28.189046,completed
3422,631,89,3,2025-07-11T06:45:28.189046,completed
3423,631,73,2,2025-07-11T06:45:28.189046,pending
3424,296,156,2,2024-03-04T21:35:05.570828,completed
3425,296,193,2,2024-03-04T21:35:05.570828,completed
3426,296,28,5,2024-03-04T21:35:05.570828,pending
3427,773,8,1,2023-12-24T16:58:29.802789,cancelled
3428,773,154,5,2023-12-24T16:58:29.802789,completed
3429,200,126,1,2025-11-27T08:30:05.216860,completed
3430,289,110,4,2025-12-06T03:46:15.950320,completed
3431,289,188,1,2025-12-06T03:46:15.950320,completed
3432,289,114,1,2025-12-06T03:46:15.950320,completed
3433,289,134,4,2025-12-06T03:46:15.950320,completed
3434,289,33,1,2025-12-06T03:46:15.950320,pending
3435,286,91,1,2024-10-16T19:04:42.267304,completed
3436,228,84,2,2025-01-19T11:57:28.491255,completed
3437,283,162,1,2024-02-02T00:59:01.744796,completed
3438,283,189,3,2024-02-02T00:59:01.744796,pending
3439,283,132,1,2024-02-02T00:59:01.744796,completed
3440,283,173,5,2024-02-02T00:59:01.744796,completed
3441,862,170,2,2024-07-06T14:18:03.256528,completed
3442,862,161,4,2024-07-06T14:18:03.256528,pending
3443,862,10,2,2024-07-06T14:18:03.256528,completed
3444,862,163,3,2024-07-06T14:18:03.256528,completed
3445,862,3,4,2024-07-06T14:18:03.256528,pending
3446,752,73,1,2025-11-29T23:17:12.185359,cancelled
3447,752,34,2,2025-11-29T23:17:12.185359,completed
3448,752,51,1,2025-11-29T23:17:12.185359,completed
3449,752,163,5,2025-11-29T23:17:12.185359,completed
3450,183,108,3,2025-06-27T21:21:04.627612,completed
3451,647,61,2,2024-12-09T20:36:39.522277,pending
3452,647,164,2,2024-12-09T20:36:39.522277,pending
3453,647,90,4,2024-12-09T20:36:39.522277,completed
3454,647,124,4,2024-12-09T20:36:39.522277,completed
3455,647,136,5,2024-12-09T20:36:39.522277,completed
3456,99,29,3,2025-01-15T16:51:03.799783,completed
3457,99,194,4,2025-01-15T16:51:03.799783,completed
3458,679,30,1,2023-12-26T13:50:53.057435,completed
3459,679,46,4,2023-12-26T13:50:53.057435,completed
3460,679,119,4,2023-12-26T13:50:53.057435,pending
3461,679,82,4,2023-12-26T13:50:53.057435,completed
3462,704,8,3,2024-10-13T17:20:12.672948,completed
3463,704,75,4,2024-10-13T17:20:12.672948,completed
3464,791,67,4,2024-05-09T07:49:21.882585,completed
3465,791,173,4,2024-05-09T07:49:21.882585,completed
3466,791,82,3,2024-05-09T07:49:21.882585,cancelled
3467,275,187,1,2025-05-29T23:25:55.669574,completed
3468,275,57,4,2025-05-29T23:25:55.669574,completed
3469,275,87,2,2025-05-29T23:25:55.669574,completed
3470,275,163,1,2025-05-29T23:25:55.669574,cancelled
3471,629,85,1,2024-03-18T20:33:47.538981,pending
3472,629,34,1,2024-03-18T20:33:47.538981,completed
3473,629,155,3,2024-03-18T20:33:47.538981,cancelled
3474,629,139,5,2024-03-18T20:33:47.538981,completed
3475,629,6,1,2024-03-18T20:33:47.538981,completed
3476,371,51,2,2025-09-16T14:19:38.689195,completed
3477,371,41,2,2025-09-16T14:19:38.689195,cancelled
3478,371,138,3,2025-09-16T14:19:38.689195,completed
3479,371,102,5,2025-09-16T14:19:38.689195,completed
3480,371,184,1,2025-09-16T14:19:38.689195,completed
3481,21,27,2,2025-04-15T18:31:38.862777,completed
3482,21,129,1,2025-04-15T18:31:38.862777,completed
3483,21,102,2,2025-04-15T18:31:38.862777,completed
3484,21,125,1,2025-04-15T18:31:38.862777,pending
3485,21,11,4,2025-04-15T18:31:38.862777,completed
3486,135,22,5,2024-04-01T05:15:22.303100,completed
3487,135,20,4,2024-04-01T05:15:22.303100,completed
3488,135,19,5,2024-04-01T05:15:22.303100,completed
3489,156,189,5,2024-04-03T06:39:51.944741,completed
3490,199,80,1,2024-04-07T02:50:41.082801,completed
3491,199,83,4,2024-04-07T02:50:41.082801,completed
3492,199,109,3,2024-04-07T02:50:41.082801,cancelled
3493,199,132,5,2024-04-07T02:50:41.082801,completed
3494,199,191,3,2024-04-07T02:50:41.082801,completed
3495,228,144,5,2024-04-26T18:32:52.717901,completed
3496,228,72,4,2024-04-26T18:32:52.717901,completed
3497,228,124,4,2024-04-26T18:32:52.717901,completed
3498,228,73,3,2024-04-26T18:32:52.717901,completed
3499,732,116,2,2024-04-12T04:30:46.730755,completed
3500,26,198,4,2023-12-30T13:37:40.113579,completed
3501,26,60,3,2023-12-30T13:37:40.113579,completed
3502,26,115,1,2023-12-30T13:37:40.113579,completed
3503,26,95,2,2023-12-30T13:37:40.113579,completed
3504,965,152,4,2024-07-10T19:32:21.975356,completed
3505,965,64,4,2024-07-10T19:32:21.975356,completed
3506,965,22,5,2024-07-10T19:32:21.975356,completed
3507,965,37,1,2024-07-10T19:32:21.975356,completed
3508,259,80,1,2024-08-15T15:00:26.935644,completed
3509,259,190,5,2024-08-15T15:00:26.935644,completed
3510,259,87,1,2024-08-15T15:00:26.935644,completed
3511,259,39,2,2024-08-15T15:00:26.935644,completed
3512,814,140,2,2024-04-12T13:39:18.853202,completed
3513,814,128,4,2024-04-12T13:39:18.853202,completed
3514,814,81,1,2024-04-12T13:39:18.853202,cancelled
3515,814,167,4,2024-04-12T13:39:18.853202,completed
3516,385,194,2,2024-05-09T15:22:30.629878,completed
3517,385,4,1,2024-05-09T15:22:30.629878,completed
3518,449,10,4,2025-12-20T08:54:13.049641,completed
3519,642,125,4,2025-02-24T16:49:05.296453,completed
3520,642,36,1,2025-02-24T16:49:05.296453,completed
3521,642,192,3,2025-02-24T16:49:05.296453,completed
3522,642,141,3,2025-02-24T16:49:05.296453,completed
3523,642,108,5,2025-02-24T16:49:05.296453,pending
3524,578,37,5,2024-07-25T00:23:29.847522,completed
3525,578,75,5,2024-07-25T00:23:29.847522,cancelled
3526,381,155,3,2023-12-21T21:18:57.272102,cancelled
3527,381,65,2,2023-12-21T21:18:57.272102,completed
3528,381,121,4,2023-12-21T21:18:57.272102,completed
3529,381,119,4,2023-12-21T21:18:57.272102,completed
3530,381,54,4,2023-12-21T21:18:57.272102,completed
3531,6,180,1,2024-02-26T08:20:39.453805,completed
3532,6,49,3,2024-02-26T08:20:39.453805,completed
3533,6,52,5,2024-02-26T08:20:39.453805,completed
3534,161,90,5,2025-06-03T11:41:11.564048,pending
3535,354,50,3,2025-01-28T19:28:27.939984,completed
3536,934,150,5,2024-11-15T09:28:27.328962,completed
3537,934,187,3,2024-11-15T09:28:27.328962,completed
3538,934,79,2,2024-11-15T09:28:27.328962,completed
3539,934,95,2,2024-11-15T09:28:27.328962,completed
3540,222,46,1,2025-07-29T04:21:27.557597,completed
3541,222,68,5,2025-07-29T04:21:27.557597,completed
3542,222,145,4,2025-07-29T04:21:27.557597,completed
3543,791,155,4,2024-06-04T14:56:26.996898,completed
3544,791,71,1,2024-06-04T14:56:26.996898,completed
3545,791,189,2,2024-06-04T14:56:26.996898,completed
3546,791,158,5,2024-06-04T14:56:26.996898,completed
3547,791,172,2,2024-06-04T14:56:26.996898,completed
3548,1,20,5,2025-10-01T00:08:26.174405,pending
3549,1,14,4,2025-10-01T00:08:26.174405,completed
3550,1,36,3,2025-10-01T00:08:26.174405,completed
3551,779,62,5,2024-03-04T07:04:34.469254,completed
3552,793,181,5,2024-03-14T06:55:53.153684,completed
3553,793,122,1,2024-03-14T06:55:53.153684,pending
3554,793,91,2,2024-03-14T06:55:53.153684,cancelled
3555,793,80,3,2024-03-14T06:55:53.153684,completed
3556,861,144,3,2024-06-17T20:17:26.217776,completed
3557,861,114,5,2024-06-17T20:17:26.217776,pending
3558,861,126,3,2024-06-17T20:17:26.217776,completed
3559,861,178,3,2024-06-17T20:17:26.217776,pending
3560,790,187,5,2025-04-21T04:29:14.258187,completed
3561,790,109,2,2025-04-21T04:29:14.258187,completed
3562,790,55,2,2025-04-21T04:29:14.258187,cancelled
3563,11,114,5,2025-08-15T08:30:16.137590,completed
3564,11,93,5,2025-08-15T08:30:16.137590,completed
3565,97,65,5,2025-11-10T18:09:06.244031,completed
3566,97,129,3,2025-11-10T18:09:06.244031,completed
3567,97,4,4,2025-11-10T18:09:06.244031,completed
3568,713,71,5,2024-08-06T14:57:21.714812,pending
3569,713,161,4,2024-08-06T14:57:21.714812,refunded
3570,713,15,4,2024-08-06T14:57:21.714812,completed
3571,485,27,2,2024-08-09T17:44:35.296463,completed
3572,485,10,2,2024-08-09T17:44:35.296463,pending
3573,485,95,2,2024-08-09T17:44:35.296463,completed
3574,485,8,1,2024-08-09T17:44:35.296463,completed
3575,485,157,1,2024-08-09T17:44:35.296463,completed
3576,879,72,1,2025-07-12T13:15:03.915542,completed
3577,879,50,3,2025-07-12T13:15:03.915542,pending
3578,879,168,2,2025-07-12T13:15:03.915542,cancelled
3579,879,158,5,2025-07-12T13:15:03.915542,completed
3580,879,189,3,2025-07-12T13:15:03.915542,completed
3581,964,107,1,2024-11-08T13:07:07.708975,completed
3582,964,171,5,2024-11-08T13:07:07.708975,completed
3583,964,172,3,2024-11-08T13:07:07.708975,completed
3584,964,16,4,2024-11-08T13:07:07.708975,completed
3585,624,177,4,2024-04-05T07:38:29.486730,completed
3586,624,130,1,2024-04-05T07:38:29.486730,completed
3587,575,31,5,2025-07-02T14:22:49.337292,pending
3588,575,88,1,2025-07-02T14:22:49.337292,completed
3589,575,120,4,2025-07-02T14:22:49.337292,completed
3590,941,47,1,2025-01-11T13:09:58.929954,completed
3591,606,197,2,2024-03-25T19:46:04.280269,completed
3592,223,118,2,2025-08-15T01:28:50.424449,completed
3593,223,21,2,2025-08-15T01:28:50.424449,completed
3594,223,186,2,2025-08-15T01:28:50.424449,completed
3595,389,46,5,2025-07-21T03:43:10.242255,completed
3596,389,72,2,2025-07-21T03:43:10.242255,pending
3597,389,36,3,2025-07-21T03:43:10.242255,pending
3598,182,67,3,2024-11-03T22:23:47.251664,completed
3599,182,179,3,2024-11-03T22:23:47.251664,completed
3600,182,113,3,2024-11-03T22:23:47.251664,completed
3601,536,162,5,2024-03-15T21:28:57.759911,completed
3602,536,176,5,2024-03-15T21:28:57.759911,completed
3603,536,44,4,2024-03-15T21:28:57.759911,completed
3604,536,10,3,2024-03-15T21:28:57.759911,completed
3605,717,142,2,2025-05-15T10:26:47.571935,completed
3606,717,191,4,2025-05-15T10:26:47.571935,completed
3607,717,69,1,2025-05-15T10:26:47.571935,completed
3608,717,24,2,2025-05-15T10:26:47.571935,completed
3609,717,132,4,2025-05-15T10:26:47.571935,completed
3610,382,97,1,2025-04-19T15:30:45.838176,completed
3611,382,169,1,2025-04-19T15:30:45.838176,completed
3612,382,151,4,2025-04-19T15:30:45.838176,completed
3613,382,9,1,2025-04-19T15:30:45.838176,completed
3614,382,83,3,2025-04-19T15:30:45.838176,completed
3615,479,48,4,2025-11-18T15:39:50.215538,completed
3616,479,193,4,2025-11-18T15:39:50.215538,completed
3617,479,6,4,2025-11-18T15:39:50.215538,pending
3618,479,113,3,2025-11-18T15:39:50.215538,completed
3619,479,158,5,2025-11-18T15:39:50.215538,completed
3620,695,77,5,2025-01-30T11:26:31.276137,completed
3621,695,11,4,2025-01-30T11:26:31.276137,completed
3622,695,60,5,2025-01-30T11:26:31.276137,completed
3623,695,196,1,2025-01-30T11:26:31.276137,completed
3624,171,153,2,2024-01-19T20:22:16.466585,cancelled
3625,171,179,5,2024-01-19T20:22:16.466585,completed
3626,171,135,2,2024-01-19T20:22:16.466585,completed
3627,808,24,3,2025-06-27T12:08:24.507704,completed
3628,145,118,4,2025-01-06T20:34:59.682196,completed
3629,145,102,2,2025-01-06T20:34:59.682196,completed
3630,145,43,2,2025-01-06T20:34:59.682196,completed
3631,83,61,4,2024-01-11T06:49:40.564963,completed
3632,83,53,2,2024-01-11T06:49:40.564963,completed
3633,569,2,3,2025-10-27T20:01:39.236021,completed
3634,569,123,5,2025-10-27T20:01:39.236021,completed
3635,569,41,2,2025-10-27T20:01:39.236021,cancelled
3636,685,119,1,2024-01-02T12:09:04.166830,completed
3637,685,181,3,2024-01-02T12:09:04.166830,completed
3638,685,63,2,2024-01-02T12:09:04.166830,completed
3639,685,196,3,2024-01-02T12:09:04.166830,pending
3640,840,153,3,2024-02-12T02:48:13.245284,completed
3641,840,101,5,2024-02-12T02:48:13.245284,completed
3642,840,137,5,2024-02-12T02:48:13.245284,completed
3643,840,19,2,2024-02-12T02:48:13.245284,completed
3644,349,1,1,2025-10-04T16:38:29.765288,completed
3645,349,157,2,2025-10-04T16:38:29.765288,completed
3646,349,154,1,2025-10-04T16:38:29.765288,completed
3647,349,193,4,2025-10-04T16:38:29.765288,completed
3648,349,102,4,2025-10-04T16:38:29.765288,completed
3649,436,73,4,2024-03-04T16:39:46.168375,completed
3650,436,80,4,2024-03-04T16:39:46.168375,completed
3651,982,46,5,2024-07-18T02:30:42.411093,pending
3652,982,42,4,2024-07-18T02:30:42.411093,pending
3653,982,102,3,2024-07-18T02:30:42.411093,completed
3654,982,175,1,2024-07-18T02:30:42.411093,completed
3655,415,42,3,2025-09-14T01:40:24.536646,completed
3656,520,176,4,2025-11-08T22:50:26.034766,completed
3657,520,117,1,2025-11-08T22:50:26.034766,completed
3658,520,3,3,2025-11-08T22:50:26.034766,completed
3659,520,125,1,2025-11-08T22:50:26.034766,completed
3660,822,129,3,2024-06-15T03:36:04.263600,pending
3661,822,96,3,2024-06-15T03:36:04.263600,completed
3662,822,200,2,2024-06-15T03:36:04.263600,refunded
3663,822,122,5,2024-06-15T03:36:04.263600,completed
3664,892,39,1,2024-02-15T08:10:36.864255,completed
3665,957,67,4,2024-08-20T03:15:01.151231,completed
3666,957,51,4,2024-08-20T03:15:01.151231,completed
3667,957,132,1,2024-08-20T03:15:01.151231,pending
3668,957,158,4,2024-08-20T03:15:01.151231,completed
3669,957,187,5,2024-08-20T03:15:01.151231,completed
3670,259,87,1,2025-06-27T10:05:45.687990,completed
3671,259,173,2,2025-06-27T10:05:45.687990,completed
3672,259,76,4,2025-06-27T10:05:45.687990,completed
3673,259,197,3,2025-06-27T10:05:45.687990,completed
3674,37,29,4,2025-07-17T13:46:26.905687,completed
3675,37,92,1,2025-07-17T13:46:26.905687,completed
3676,37,188,2,2025-07-17T13:46:26.905687,completed
3677,37,10,4,2025-07-17T13:46:26.905687,completed
3678,37,137,3,2025-07-17T13:46:26.905687,completed
3679,470,63,1,2024-12-27T21:14:18.547921,completed
3680,470,188,3,2024-12-27T21:14:18.547921,completed
3681,470,135,5,2024-12-27T21:14:18.547921,refunded
3682,470,146,1,2024-12-27T21:14:18.547921,completed
3683,470,118,1,2024-12-27T21:14:18.547921,completed
3684,653,109,2,2025-10-13T01:07:03.168599,cancelled
3685,653,103,3,2025-10-13T01:07:03.168599,completed
3686,653,6,1,2025-10-13T01:07:03.168599,pending
3687,444,50,5,2025-10-30T04:08:24.848687,completed
3688,311,132,3,2024-06-29T19:08:48.819908,completed
3689,311,139,2,2024-06-29T19:08:48.819908,completed
3690,311,63,4,2024-06-29T19:08:48.819908,completed
3691,311,178,2,2024-06-29T19:08:48.819908,completed
3692,311,13,1,2024-06-29T19:08:48.819908,completed
3693,932,174,3,2024-11-27T22:18:45.450802,completed
3694,932,73,2,2024-11-27T22:18:45.450802,completed
3695,425,71,4,2024-10-15T10:28:33.011583,completed
3696,425,69,3,2024-10-15T10:28:33.011583,completed
3697,231,182,3,2024-11-16T16:20:58.270999,completed
3698,627,187,4,2025-06-08T05:11:08.915998,completed
3699,627,183,5,2025-06-08T05:11:08.915998,completed
3700,627,156,4,2025-06-08T05:11:08.915998,completed
3701,572,88,3,2025-03-24T06:40:54.872951,completed
3702,843,39,2,2025-01-26T03:37:21.496309,completed
3703,843,119,2,2025-01-26T03:37:21.496309,completed
3704,843,191,3,2025-01-26T03:37:21.496309,completed
3705,843,128,5,2025-01-26T03:37:21.496309,cancelled
3706,647,144,5,2024-04-26T23:45:14.063378,completed
3707,647,89,3,2024-04-26T23:45:14.063378,completed
3708,647,22,4,2024-04-26T23:45:14.063378,completed
3709,647,54,1,2024-04-26T23:45:14.063378,completed
3710,599,160,5,2025-04-02T14:13:56.917078,completed
3711,599,91,1,2025-04-02T14:13:56.917078,completed
3712,291,191,2,2025-04-26T09:19:34.987012,completed
3713,291,126,1,2025-04-26T09:19:34.987012,completed
3714,291,61,2,2025-04-26T09:19:34.987012,completed
3715,291,97,1,2025-04-26T09:19:34.987012,completed
3716,291,138,2,2025-04-26T09:19:34.987012,pending
3717,786,141,2,2025-10-27T14:50:26.355727,completed
3718,786,105,5,2025-10-27T14:50:26.355727,completed
3719,786,91,3,2025-10-27T14:50:26.355727,completed
3720,786,193,3,2025-10-27T14:50:26.355727,completed
3721,546,58,4,2024-06-01T01:01:47.245256,completed
3722,546,104,4,2024-06-01T01:01:47.245256,completed
3723,546,127,2,2024-06-01T01:01:47.245256,completed
3724,546,194,1,2024-06-01T01:01:47.245256,completed
3725,343,168,4,2024-09-27T13:34:32.078686,completed
3726,343,45,4,2024-09-27T13:34:32.078686,refunded
3727,343,175,4,2024-09-27T13:34:32.078686,completed
3728,343,26,1,2024-09-27T13:34:32.078686,completed
3729,142,159,4,2025-06-25T04:42:11.403028,cancelled
3730,142,129,3,2025-06-25T04:42:11.403028,completed
3731,142,21,2,2025-06-25T04:42:11.403028,completed
3732,142,154,4,2025-06-25T04:42:11.403028,completed
3733,142,147,3,2025-06-25T04:42:11.403028,completed
3734,616,142,4,2024-12-18T12:32:30.970954,completed
3735,616,131,2,2024-12-18T12:32:30.970954,completed
3736,616,50,2,2024-12-18T12:32:30.970954,completed
3737,616,42,3,2024-12-18T12:32:30.970954,completed
3738,32,148,4,2025-10-17T16:12:30.068242,completed
3739,32,119,5,2025-10-17T16:12:30.068242,completed
3740,248,119,1,2025-04-03T06:17:28.745318,pending
3741,248,129,3,2025-04-03T06:17:28.745318,pending
3742,931,63,1,2025-11-27T02:25:08.574957,completed
3743,931,119,1,2025-11-27T02:25:08.574957,completed
3744,417,121,5,2025-04-26T01:30:20.522517,completed
3745,417,99,5,2025-04-26T01:30:20.522517,completed
3746,417,19,5,2025-04-26T01:30:20.522517,completed
3747,417,107,4,2025-04-26T01:30:20.522517,completed
3748,417,67,1,2025-04-26T01:30:20.522517,completed
3749,408,94,4,2024-06-04T00:24:55.359559,completed
3750,524,110,3,2025-01-31T18:45:50.375037,completed
3751,524,32,5,2025-01-31T18:45:50.375037,completed
3752,524,27,1,2025-01-31T18:45:50.375037,completed
3753,524,38,3,2025-01-31T18:45:50.375037,completed
3754,348,63,2,2025-07-07T16:29:42.411937,completed
3755,348,124,3,2025-07-07T16:29:42.411937,completed
3756,76,182,3,2025-04-21T15:21:59.466703,completed
3757,76,126,4,2025-04-21T15:21:59.466703,completed
3758,76,193,4,2025-04-21T15:21:59.466703,completed
3759,76,63,5,2025-04-21T15:21:59.466703,completed
3760,37,38,3,2024-03-01T01:21:34.660607,completed
3761,37,134,3,2024-03-01T01:21:34.660607,completed
3762,731,79,5,2025-08-13T19:04:11.314967,completed
3763,731,184,4,2025-08-13T19:04:11.314967,completed
3764,731,41,3,2025-08-13T19:04:11.314967,completed
3765,825,38,3,2025-03-18T06:10:12.558606,pending
3766,825,156,3,2025-03-18T06:10:12.558606,completed
3767,29,150,2,2025-10-11T23:00:35.368401,completed
3768,29,78,3,2025-10-11T23:00:35.368401,completed
3769,521,104,2,2024-11-09T17:48:33.381337,completed
3770,521,123,5,2024-11-09T17:48:33.381337,completed
3771,521,159,3,2024-11-09T17:48:33.381337,completed
3772,521,44,4,2024-11-09T17:48:33.381337,completed
3773,521,89,5,2024-11-09T17:48:33.381337,completed
3774,496,4,2,2025-10-31T03:25:29.470400,completed
3775,496,172,2,2025-10-31T03:25:29.470400,completed
3776,496,17,5,2025-10-31T03:25:29.470400,completed
3777,496,88,1,2025-10-31T03:25:29.470400,completed
3778,366,118,5,2025-10-11T04:45:06.582968,pending
3779,366,146,2,2025-10-11T04:45:06.582968,completed
3780,366,164,1,2025-10-11T04:45:06.582968,completed
3781,366,4,1,2025-10-11T04:45:06.582968,cancelled
3782,520,70,5,2025-08-12T09:58:07.498322,cancelled
3783,867,21,2,2024-10-09T23:06:47.166745,completed
3784,867,15,2,2024-10-09T23:06:47.166745,completed
3785,867,115,2,2024-10-09T23:06:47.166745,completed
3786,867,146,4,2024-10-09T23:06:47.166745,completed
3787,867,134,5,2024-10-09T23:06:47.166745,completed
3788,285,191,2,2025-02-13T11:46:25.580991,completed
3789,940,34,5,2024-08-09T22:09:44.584174,completed
3790,213,63,5,2024-08-19T10:01:22.571657,completed
3791,213,150,1,2024-08-19T10:01:22.571657,completed
3792,801,82,1,2024-08-13T00:15:27.050885,completed
3793,120,22,5,2024-08-28T13:59:22.851368,completed
3794,120,122,5,2024-08-28T13:59:22.851368,completed
3795,120,51,5,2024-08-28T13:59:22.851368,completed
3796,120,26,4,2024-08-28T13:59:22.851368,pending
3797,115,200,5,2024-12-15T01:31:41.507639,completed
3798,115,165,1,2024-12-15T01:31:41.507639,completed
3799,115,50,4,2024-12-15T01:31:41.507639,completed
3800,115,151,4,2024-12-15T01:31:41.507639,completed
3801,337,124,3,2024-09-17T17:52:30.346792,pending
3802,337,132,2,2024-09-17T17:52:30.346792,completed
3803,337,73,5,2024-09-17T17:52:30.346792,completed
3804,337,166,4,2024-09-17T17:52:30.346792,completed
3805,337,77,2,2024-09-17T17:52:30.346792,completed
3806,327,121,4,2025-02-10T21:38:38.922482,completed
3807,327,127,1,2025-02-10T21:38:38.922482,cancelled
3808,327,42,4,2025-02-10T21:38:38.922482,completed
3809,327,46,5,2025-02-10T21:38:38.922482,pending
3810,327,17,2,2025-02-10T21:38:38.922482,completed
3811,782,55,5,2025-05-13T17:29:26.716537,completed
3812,782,79,5,2025-05-13T17:29:26.716537,completed
3813,702,157,2,2024-01-05T04:21:21.394492,completed
3814,702,54,2,2024-01-05T04:21:21.394492,completed
3815,702,147,2,2024-01-05T04:21:21.394492,pending
3816,625,84,4,2025-06-27T18:58:14.262685,completed
3817,625,133,4,2025-06-27T18:58:14.262685,completed
3818,276,68,3,2024-05-05T05:37:11.617670,completed
3819,276,121,3,2024-05-05T05:37:11.617670,completed
3820,363,116,5,2025-10-04T13:47:53.019674,completed
3821,363,79,4,2025-10-04T13:47:53.019674,completed
3822,363,109,4,2025-10-04T13:47:53.019674,completed
3823,419,166,3,2023-12-21T10:20:20.178347,completed
3824,419,36,2,2023-12-21T10:20:20.178347,completed
3825,419,117,3,2023-12-21T10:20:20.178347,completed
3826,383,83,4,2024-10-22T02:12:48.578189,completed
3827,334,144,5,2025-11-24T16:14:01.565431,completed
3828,334,190,3,2025-11-24T16:14:01.565431,completed
3829,334,52,2,2025-11-24T16:14:01.565431,completed
3830,334,56,4,2025-11-24T16:14:01.565431,cancelled
3831,334,159,5,2025-11-24T16:14:01.565431,completed
3832,995,200,4,2025-02-06T17:15:09.570935,completed
3833,931,64,4,2024-01-25T14:56:30.130857,completed
3834,931,72,1,2024-01-25T14:56:30.130857,completed
3835,931,156,3,2024-01-25T14:56:30.130857,completed
3836,931,151,4,2024-01-25T14:56:30.130857,cancelled
3837,114,35,4,2024-07-25T15:46:04.773186,pending
3838,114,192,2,2024-07-25T15:46:04.773186,completed
3839,114,19,5,2024-07-25T15:46:04.773186,completed
3840,114,84,1,2024-07-25T15:46:04.773186,completed
3841,336,140,5,2025-10-03T21:29:59.546333,pending
3842,336,196,1,2025-10-03T21:29:59.546333,completed
3843,336,170,1,2025-10-03T21:29:59.546333,pending
3844,336,67,3,2025-10-03T21:29:59.546333,cancelled
3845,336,143,3,2025-10-03T21:29:59.546333,cancelled
3846,457,48,4,2025-01-03T15:59:20.036483,completed
3847,457,83,3,2025-01-03T15:59:20.036483,completed
3848,694,66,1,2025-07-28T01:30:52.259150,completed
3849,694,155,4,2025-07-28T01:30:52.259150,completed
3850,694,192,4,2025-07-28T01:30:52.259150,completed
3851,852,16,4,2024-10-29T10:23:12.784578,refunded
3852,852,132,5,2024-10-29T10:23:12.784578,pending
3853,852,96,3,2024-10-29T10:23:12.784578,completed
3854,852,5,4,2024-10-29T10:23:12.784578,completed
3855,852,145,3,2024-10-29T10:23:12.784578,completed
3856,753,145,1,2024-09-21T12:42:01.225356,refunded
3857,800,137,2,2025-06-04T15:41:56.720159,completed
3858,867,147,4,2024-09-29T17:50:39.701043,completed
3859,196,197,4,2024-10-23T00:35:49.349067,pending
3860,477,190,1,2024-06-13T16:40:37.829024,completed
3861,477,39,5,2024-06-13T16:40:37.829024,completed
3862,477,167,5,2024-06-13T16:40:37.829024,completed
3863,477,85,4,2024-06-13T16:40:37.829024,pending
3864,412,76,1,2024-11-15T09:03:11.371876,completed
3865,412,2,4,2024-11-15T09:03:11.371876,completed
3866,412,160,2,2024-11-15T09:03:11.371876,completed
3867,412,100,3,2024-11-15T09:03:11.371876,completed
3868,412,5,2,2024-11-15T09:03:11.371876,completed
3869,589,184,2,2024-07-07T15:17:05.183380,completed
3870,589,148,2,2024-07-07T15:17:05.183380,completed
3871,589,40,1,2024-07-07T15:17:05.183380,completed
3872,617,200,2,2024-11-09T07:37:49.443676,completed
3873,978,84,3,2024-01-21T12:37:51.604359,cancelled
3874,674,52,2,2024-10-07T11:04:49.815013,completed
3875,674,78,3,2024-10-07T11:04:49.815013,completed
3876,942,198,1,2024-04-04T01:32:06.312398,completed
3877,942,91,4,2024-04-04T01:32:06.312398,completed
3878,971,7,2,2024-10-18T15:20:08.009255,completed
3879,971,114,4,2024-10-18T15:20:08.009255,completed
3880,971,191,2,2024-10-18T15:20:08.009255,completed
3881,971,190,4,2024-10-18T15:20:08.009255,completed
3882,128,45,5,2025-10-27T16:40:59.736442,cancelled
3883,742,32,4,2024-10-21T11:21:41.346486,completed
3884,742,42,3,2024-10-21T11:21:41.346486,completed
3885,742,194,3,2024-10-21T11:21:41.346486,completed
3886,742,54,2,2024-10-21T11:21:41.346486,refunded
3887,742,31,5,2024-10-21T11:21:41.346486,completed
3888,262,29,4,2025-02-02T02:48:17.574157,completed
3889,262,117,1,2025-02-02T02:48:17.574157,completed
3890,262,5,3,2025-02-02T02:48:17.574157,pending
3891,262,2,4,2025-02-02T02:48:17.574157,cancelled
3892,262,98,3,2025-02-02T02:48:17.574157,completed
3893,719,167,4,2024-07-26T05:51:23.634970,pending
3894,17,187,1,2025-10-07T14:07:30.741786,completed
3895,17,166,2,2025-10-07T14:07:30.741786,completed
3896,17,83,1,2025-10-07T14:07:30.741786,completed
3897,160,178,1,2024-02-01T17:49:34.191045,completed
3898,160,121,2,2024-02-01T17:49:34.191045,pending
3899,677,96,2,2024-09-07T05:59:49.560977,completed
3900,677,159,2,2024-09-07T05:59:49.560977,cancelled
3901,677,107,2,2024-09-07T05:59:49.560977,completed
3902,830,94,2,2025-03-28T19:33:23.077093,completed
3903,830,29,2,2025-03-28T19:33:23.077093,completed
3904,641,68,1,2024-12-28T23:21:16.509986,completed
3905,641,160,3,2024-12-28T23:21:16.509986,completed
3906,641,83,4,2024-12-28T23:21:16.509986,completed
3907,893,105,5,2024-05-10T23:44:50.166712,completed
3908,893,12,5,2024-05-10T23:44:50.166712,completed
3909,174,26,3,2025-06-01T00:00:37.440237,pending
3910,174,4,1,2025-06-01T00:00:37.440237,completed
3911,68,122,4,2025-03-14T21:31:38.316701,refunded
3912,877,113,3,2024-04-16T08:32:41.386778,completed
3913,877,35,3,2024-04-16T08:32:41.386778,completed
3914,877,155,5,2024-04-16T08:32:41.386778,completed
3915,877,164,5,2024-04-16T08:32:41.386778,completed
3916,877,1,1,2024-04-16T08:32:41.386778,completed
3917,767,51,2,2025-03-12T15:15:24.550856,completed
3918,767,33,1,2025-03-12T15:15:24.550856,completed
3919,767,57,4,2025-03-12T15:15:24.550856,completed
3920,767,132,5,2025-03-12T15:15:24.550856,completed
3921,767,34,2,2025-03-12T15:15:24.550856,completed
3922,748,85,5,2024-10-06T12:13:39.892870,completed
3923,748,182,5,2024-10-06T12:13:39.892870,refunded
3924,748,119,3,2024-10-06T12:13:39.892870,completed
3925,135,109,2,2024-07-04T16:53:33.828730,completed
3926,135,96,1,2024-07-04T16:53:33.828730,completed
3927,135,170,4,2024-07-04T16:53:33.828730,completed
3928,814,47,2,2024-11-20T20:16:27.868040,completed
3929,814,4,2,2024-11-20T20:16:27.868040,completed
3930,331,147,4,2025-08-23T14:58:46.926858,completed
3931,353,161,4,2025-09-08T22:14:24.784626,completed
3932,353,148,2,2025-09-08T22:14:24.784626,completed
3933,270,113,5,2024-04-30T16:31:52.063183,cancelled
3934,270,31,3,2024-04-30T16:31:52.063183,refunded
3935,270,191,2,2024-04-30T16:31:52.063183,completed
3936,270,72,4,2024-04-30T16:31:52.063183,completed
3937,270,168,4,2024-04-30T16:31:52.063183,completed
3938,685,196,1,2025-07-29T07:24:03.850862,completed
3939,685,133,4,2025-07-29T07:24:03.850862,completed
3940,685,68,5,2025-07-29T07:24:03.850862,completed
3941,233,29,3,2025-08-04T19:09:48.531578,completed
3942,233,31,3,2025-08-04T19:09:48.531578,completed
3943,233,141,4,2025-08-04T19:09:48.531578,completed
3944,233,183,1,2025-08-04T19:09:48.531578,cancelled
3945,996,47,2,2025-01-12T04:47:22.764623,completed
3946,996,102,2,2025-01-12T04:47:22.764623,completed
3947,996,131,3,2025-01-12T04:47:22.764623,completed
3948,996,50,2,2025-01-12T04:47:22.764623,completed
3949,996,37,5,2025-01-12T04:47:22.764623,completed
3950,820,93,2,2025-04-27T05:58:07.457875,completed
3951,820,139,1,2025-04-27T05:58:07.457875,completed
3952,820,59,5,2025-04-27T05:58:07.457875,completed
3953,820,178,2,2025-04-27T05:58:07.457875,completed
3954,820,136,5,2025-04-27T05:58:07.457875,completed
3955,208,13,4,2024-06-13T13:05:34.432456,cancelled
3956,208,103,4,2024-06-13T13:05:34.432456,pending
3957,208,76,4,2024-06-13T13:05:34.432456,completed
3958,739,1,5,2024-04-01T19:50:08.505149,completed
3959,739,20,2,2024-04-01T19:50:08.505149,cancelled
3960,739,65,5,2024-04-01T19:50:08.505149,completed
3961,69,194,4,2024-06-20T22:55:54.575730,completed
3962,493,196,4,2024-05-24T05:46:45.338170,completed
3963,493,63,4,2024-05-24T05:46:45.338170,completed
3964,199,90,2,2024-12-29T03:50:02.516944,cancelled
3965,199,19,3,2024-12-29T03:50:02.516944,completed
3966,412,186,5,2025-07-03T01:45:22.966314,cancelled
3967,156,114,3,2024-07-08T00:43:15.547289,completed
3968,156,37,1,2024-07-08T00:43:15.547289,completed
3969,534,135,5,2024-11-16T20:30:12.787628,completed
3970,534,27,4,2024-11-16T20:30:12.787628,completed
3971,534,198,1,2024-11-16T20:30:12.787628,completed
3972,625,40,3,2024-03-22T00:01:33.717201,pending
3973,625,19,1,2024-03-22T00:01:33.717201,completed
3974,625,194,3,2024-03-22T00:01:33.717201,completed
3975,625,185,4,2024-03-22T00:01:33.717201,completed
3976,173,195,1,2024-03-10T17:53:55.305364,completed
3977,173,75,5,2024-03-10T17:53:55.305364,cancelled
3978,173,58,3,2024-03-10T17:53:55.305364,completed
3979,173,134,4,2024-03-10T17:53:55.305364,pending
3980,987,108,3,2024-08-18T17:32:56.341335,pending
3981,987,15,3,2024-08-18T17:32:56.341335,cancelled
3982,987,164,5,2024-08-18T17:32:56.341335,completed
3983,987,27,3,2024-08-18T17:32:56.341335,refunded
3984,86,26,4,2024-06-18T02:00:09.743483,completed
3985,507,152,3,2025-09-18T17:35:17.294149,completed
3986,507,112,4,2025-09-18T17:35:17.294149,completed
3987,858,97,1,2025-03-03T11:48:51.134241,completed
3988,858,156,5,2025-03-03T11:48:51.134241,pending
3989,858,133,1,2025-03-03T11:48:51.134241,completed
3990,858,171,1,2025-03-03T11:48:51.134241,cancelled
3991,858,98,2,2025-03-03T11:48:51.134241,completed
3992,689,108,3,2024-08-16T06:32:25.829796,completed
3993,689,101,4,2024-08-16T06:32:25.829796,pending
3994,689,184,5,2024-08-16T06:32:25.829796,pending
3995,689,191,1,2024-08-16T06:32:25.829796,cancelled
3996,689,11,4,2024-08-16T06:32:25.829796,completed
3997,27,146,1,2024-08-23T21:00:56.552886,completed
3998,27,47,3,2024-08-23T21:00:56.552886,completed
3999,943,8,3,2024-11-19T21:33:07.016671,pending
4000,943,187,3,2024-11-19T21:33:07.016671,completed
4001,943,117,2,2024-11-19T21:33:07.016671,completed
4002,943,65,1,2024-11-19T21:33:07.016671,completed
4003,716,197,5,2025-08-29T19:39:40.483181,completed
4004,716,42,5,2025-08-29T19:39:40.483181,completed
4005,716,54,4,2025-08-29T19:39:40.483181,completed
4006,800,128,3,2025-02-20T05:56:33.158219,completed
4007,800,23,5,2025-02-20T05:56:33.158219,completed
4008,857,82,1,2024-01-10T23:31:40.829263,cancelled
4009,857,79,1,2024-01-10T23:31:40.829263,completed
4010,321,128,2,2024-04-26T03:15:34.072810,completed
4011,321,164,4,2024-04-26T03:15:34.072810,completed
4012,321,48,4,2024-04-26T03:15:34.072810,pending
4013,321,194,2,2024-04-26T03:15:34.072810,cancelled
4014,321,98,3,2024-04-26T03:15:34.072810,completed
4015,195,80,3,2024-12-19T10:43:51.436964,completed
4016,195,130,5,2024-12-19T10:43:51.436964,completed
4017,195,180,5,2024-12-19T10:43:51.436964,completed
4018,195,165,2,2024-12-19T10:43:51.436964,completed
4019,195,144,5,2024-12-19T10:43:51.436964,cancelled
4020,680,68,5,2025-08-02T21:35:36.042728,completed
4021,680,38,2,2025-08-02T21:35:36.042728,cancelled
4022,680,184,1,2025-08-02T21:35:36.042728,pending
4023,680,88,3,2025-08-02T21:35:36.042728,completed
4024,995,83,2,2023-12-31T20:45:08.231772,completed
4025,42,141,3,2024-07-10T16:36:05.372863,completed
4026,42,40,2,2024-07-10T16:36:05.372863,pending
4027,225,58,2,2024-09-15T10:29:42.253788,completed
4028,225,113,3,2024-09-15T10:29:42.253788,completed
4029,22,124,5,2024-02-03T19:45:15.250895,completed
4030,22,113,2,2024-02-03T19:45:15.250895,pending
4031,22,107,5,2024-02-03T19:45:15.250895,completed
4032,22,143,5,2024-02-03T19:45:15.250895,pending
4033,22,142,4,2024-02-03T19:45:15.250895,completed
4034,724,68,3,2025-12-18T01:15:09.364909,cancelled
4035,724,111,2,2025-12-18T01:15:09.364909,completed
4036,724,95,3,2025-12-18T01:15:09.364909,completed
4037,710,83,2,2024-05-24T11:05:32.457852,completed
4038,710,180,5,2024-05-24T11:05:32.457852,completed
4039,940,182,5,2025-04-13T23:42:59.373107,completed
4040,940,122,3,2025-04-13T23:42:59.373107,completed
4041,940,138,5,2025-04-13T23:42:59.373107,pending
4042,940,81,2,2025-04-13T23:42:59.373107,completed
4043,940,27,5,2025-04-13T23:42:59.373107,pending
4044,472,113,2,2025-03-18T06:28:38.106715,completed
4045,472,128,4,2025-03-18T06:28:38.106715,completed
4046,472,152,1,2025-03-18T06:28:38.106715,pending
4047,472,112,4,2025-03-18T06:28:38.106715,pending
4048,472,17,2,2025-03-18T06:28:38.106715,completed
4049,363,185,3,2024-08-23T19:16:19.595225,completed
4050,971,183,5,2025-03-03T01:50:30.887316,completed
4051,722,102,4,2024-09-08T01:40:01.781162,completed
4052,722,56,3,2024-09-08T01:40:01.781162,completed
4053,584,105,5,2025-10-30T23:07:08.885625,completed
4054,584,37,1,2025-10-30T23:07:08.885625,refunded
4055,584,197,1,2025-10-30T23:07:08.885625,completed
4056,584,139,3,2025-10-30T23:07:08.885625,completed
4057,584,175,1,2025-10-30T23:07:08.885625,completed
4058,543,187,2,2025-08-31T15:07:14.726007,refunded
4059,543,42,2,2025-08-31T15:07:14.726007,pending
4060,543,188,1,2025-08-31T15:07:14.726007,completed
4061,543,50,4,2025-08-31T15:07:14.726007,completed
4062,340,25,4,2024-08-12T06:38:57.275359,completed
4063,972,105,2,2025-01-16T19:31:44.822920,pending
4064,972,98,2,2025-01-16T19:31:44.822920,completed
4065,972,179,3,2025-01-16T19:31:44.822920,completed
4066,972,122,4,2025-01-16T19:31:44.822920,pending
4067,512,48,3,2025-08-03T22:47:36.381068,completed
4068,233,166,3,2025-01-07T17:05:35.111097,completed
4069,233,163,1,2025-01-07T17:05:35.111097,completed
4070,233,21,1,2025-01-07T17:05:35.111097,pending
4071,63,16,1,2024-06-03T07:09:09.300308,cancelled
4072,63,175,5,2024-06-03T07:09:09.300308,completed
4073,63,96,3,2024-06-03T07:09:09.300308,completed
4074,63,25,1,2024-06-03T07:09:09.300308,pending
4075,63,44,5,2024-06-03T07:09:09.300308,completed
4076,880,45,2,2024-07-12T03:22:45.047880,completed
4077,511,138,3,2025-10-16T21:18:12.105198,completed
4078,511,56,2,2025-10-16T21:18:12.105198,completed
4079,588,113,2,2024-04-01T02:00:12.292039,completed
4080,588,181,4,2024-04-01T02:00:12.292039,completed
4081,40,31,2,2024-11-02T18:23:36.140445,completed
4082,40,80,2,2024-11-02T18:23:36.140445,cancelled
4083,40,75,4,2024-11-02T18:23:36.140445,completed
4084,40,28,2,2024-11-02T18:23:36.140445,refunded
4085,40,90,3,2024-11-02T18:23:36.140445,cancelled
4086,951,100,1,2024-05-03T05:22:56.501777,completed
4087,951,115,3,2024-05-03T05:22:56.501777,completed
4088,951,30,4,2024-05-03T05:22:56.501777,completed
4089,951,172,4,2024-05-03T05:22:56.501777,completed
4090,951,142,1,2024-05-03T05:22:56.501777,cancelled
4091,944,169,1,2025-09-25T01:04:26.653688,pending
4092,944,182,1,2025-09-25T01:04:26.653688,completed
4093,944,194,3,2025-09-25T01:04:26.653688,cancelled
4094,944,152,5,2025-09-25T01:04:26.653688,completed
4095,545,101,3,2025-03-15T19:49:01.521825,completed
4096,545,194,4,2025-03-15T19:49:01.521825,completed
4097,545,140,3,2025-03-15T19:49:01.521825,cancelled
4098,545,165,4,2025-03-15T19:49:01.521825,completed
4099,545,52,4,2025-03-15T19:49:01.521825,completed
4100,25,27,5,2024-02-25T03:52:50.916087,completed
4101,25,83,4,2024-02-25T03:52:50.916087,refunded
4102,25,144,3,2024-02-25T03:52:50.916087,completed
4103,25,124,1,2024-02-25T03:52:50.916087,completed
4104,43,23,5,2024-04-14T07:30:08.762443,completed
4105,43,79,5,2024-04-14T07:30:08.762443,completed
4106,657,190,1,2024-12-09T12:02:46.484586,completed
4107,657,13,3,2024-12-09T12:02:46.484586,completed
4108,657,137,3,2024-12-09T12:02:46.484586,cancelled
4109,54,190,5,2025-11-14T20:04:42.653412,completed
4110,54,131,1,2025-11-14T20:04:42.653412,cancelled
4111,54,135,1,2025-11-14T20:04:42.653412,completed
4112,54,46,2,2025-11-14T20:04:42.653412,pending
4113,730,19,4,2025-03-03T09:49:08.354784,completed
4114,730,183,5,2025-03-03T09:49:08.354784,completed
4115,730,53,4,2025-03-03T09:49:08.354784,completed
4116,706,75,1,2025-08-17T16:12:46.928920,cancelled
4117,676,46,3,2024-01-09T06:18:12.276695,cancelled
4118,676,100,4,2024-01-09T06:18:12.276695,completed
4119,676,59,2,2024-01-09T06:18:12.276695,completed
4120,637,109,3,2024-02-22T12:11:19.188195,completed
4121,637,175,3,2024-02-22T12:11:19.188195,completed
4122,637,147,1,2024-02-22T12:11:19.188195,completed
4123,424,72,3,2024-11-23T21:32:03.024336,completed
4124,424,49,4,2024-11-23T21:32:03.024336,completed
4125,424,200,4,2024-11-23T21:32:03.024336,completed
4126,424,125,2,2024-11-23T21:32:03.024336,completed
4127,118,41,4,2025-10-28T13:09:17.575371,completed
4128,550,43,4,2024-04-28T02:52:48.471005,completed
4129,550,190,3,2024-04-28T02:52:48.471005,completed
4130,550,66,5,2024-04-28T02:52:48.471005,completed
4131,780,102,2,2024-03-17T00:53:22.178617,cancelled
4132,569,52,4,2025-05-03T22:59:39.631385,completed
4133,569,33,1,2025-05-03T22:59:39.631385,completed
4134,569,133,4,2025-05-03T22:59:39.631385,completed
4135,569,10,1,2025-05-03T22:59:39.631385,completed
4136,631,113,4,2025-02-24T04:17:00.224871,completed
4137,631,190,1,2025-02-24T04:17:00.224871,completed
4138,631,37,5,2025-02-24T04:17:00.224871,completed
4139,194,186,1,2025-10-08T06:24:31.206313,completed
4140,194,82,2,2025-10-08T06:24:31.206313,completed
4141,974,45,2,2024-09-25T07:38:45.687517,cancelled
4142,974,90,1,2024-09-25T07:38:45.687517,completed
4143,974,119,2,2024-09-25T07:38:45.687517,cancelled
4144,518,58,2,2024-05-22T06:52:06.295657,completed
4145,344,7,5,2025-09-08T00:26:29.683569,completed
4146,344,113,5,2025-09-08T00:26:29.683569,completed
4147,344,18,5,2025-09-08T00:26:29.683569,cancelled
4148,344,63,1,2025-09-08T00:26:29.683569,completed
4149,67,133,2,2025-08-21T07:44:22.285985,completed
4150,67,137,3,2025-08-21T07:44:22.285985,completed
4151,67,5,2,2025-08-21T07:44:22.285985,cancelled
4152,67,159,2,2025-08-21T07:44:22.285985,completed
4153,4,15,2,2024-10-05T08:58:24.538293,completed
4154,4,100,1,2024-10-05T08:58:24.538293,completed
4155,4,197,1,2024-10-05T08:58:24.538293,completed
4156,4,146,4,2024-10-05T08:58:24.538293,cancelled
4157,4,31,4,2024-10-05T08:58:24.538293,completed
4158,631,116,4,2025-12-10T08:20:57.566730,completed
4159,631,192,3,2025-12-10T08:20:57.566730,refunded
4160,631,61,4,2025-12-10T08:20:57.566730,completed
4161,631,175,2,2025-12-10T08:20:57.566730,completed
4162,901,58,2,2025-08-10T12:09:57.650771,cancelled
4163,901,37,4,2025-08-10T12:09:57.650771,refunded
4164,901,74,2,2025-08-10T12:09:57.650771,completed
4165,22,77,4,2025-06-21T22:05:00.490804,completed
4166,22,37,5,2025-06-21T22:05:00.490804,pending
4167,22,11,4,2025-06-21T22:05:00.490804,completed
4168,22,118,3,2025-06-21T22:05:00.490804,completed
4169,416,107,4,2025-11-29T08:55:13.911131,cancelled
4170,416,118,4,2025-11-29T08:55:13.911131,completed
4171,416,188,3,2025-11-29T08:55:13.911131,completed
4172,416,116,2,2025-11-29T08:55:13.911131,completed
4173,211,56,2,2024-03-18T09:57:47.500307,completed
4174,211,183,5,2024-03-18T09:57:47.500307,completed
4175,475,196,2,2024-06-06T09:58:57.008653,completed
4176,475,105,4,2024-06-06T09:58:57.008653,completed
4177,475,96,4,2024-06-06T09:58:57.008653,completed
4178,475,165,5,2024-06-06T09:58:57.008653,completed
4179,475,79,2,2024-06-06T09:58:57.008653,completed
4180,565,169,5,2024-04-13T13:15:58.919596,completed
4181,565,99,4,2024-04-13T13:15:58.919596,completed
4182,212,146,5,2024-01-22T22:24:13.014924,completed
4183,212,171,4,2024-01-22T22:24:13.014924,completed
4184,212,45,2,2024-01-22T22:24:13.014924,completed
4185,212,70,3,2024-01-22T22:24:13.014924,completed
4186,889,196,3,2025-01-12T07:09:26.894559,completed
4187,889,125,5,2025-01-12T07:09:26.894559,completed
4188,644,174,1,2025-11-04T20:38:35.245677,completed
4189,88,3,1,2024-09-07T16:07:14.793044,completed
4190,93,92,2,2024-05-04T01:06:54.097146,cancelled
4191,93,52,3,2024-05-04T01:06:54.097146,pending
4192,93,191,3,2024-05-04T01:06:54.097146,completed
4193,324,115,3,2024-01-22T21:05:56.392117,completed
4194,324,122,5,2024-01-22T21:05:56.392117,completed
4195,324,87,2,2024-01-22T21:05:56.392117,completed
4196,324,181,1,2024-01-22T21:05:56.392117,completed
4197,324,45,5,2024-01-22T21:05:56.392117,completed
4198,576,161,2,2024-02-28T12:03:58.930836,refunded
4199,576,121,2,2024-02-28T12:03:58.930836,cancelled
4200,576,180,1,2024-02-28T12:03:58.930836,completed
4201,576,72,2,2024-02-28T12:03:58.930836,pending
4202,576,177,4,2024-02-28T12:03:58.930836,completed
4203,175,151,3,2025-02-20T07:20:16.233250,cancelled
4204,599,47,5,2024-03-07T13:19:13.728055,completed
4205,599,115,3,2024-03-07T13:19:13.728055,refunded
4206,599,6,3,2024-03-07T13:19:13.728055,completed
4207,599,126,2,2024-03-07T13:19:13.728055,completed
4208,599,172,4,2024-03-07T13:19:13.728055,cancelled
4209,114,163,3,2024-06-12T19:03:25.689520,completed
4210,114,83,1,2024-06-12T19:03:25.689520,completed
4211,819,5,2,2024-06-15T19:58:22.161105,completed
4212,819,160,3,2024-06-15T19:58:22.161105,completed
4213,819,152,3,2024-06-15T19:58:22.161105,refunded
4214,819,107,1,2024-06-15T19:58:22.161105,completed
4215,928,14,2,2024-09-18T21:45:19.971133,completed
4216,928,167,3,2024-09-18T21:45:19.971133,completed
4217,444,11,4,2024-06-02T19:27:39.041566,completed
4218,444,70,3,2024-06-02T19:27:39.041566,completed
4219,444,192,2,2024-06-02T19:27:39.041566,pending
4220,949,3,4,2025-03-06T07:10:59.584669,completed
4221,949,189,4,2025-03-06T07:10:59.584669,completed
4222,949,147,1,2025-03-06T07:10:59.584669,completed
4223,949,5,3,2025-03-06T07:10:59.584669,completed
4224,949,78,3,2025-03-06T07:10:59.584669,completed
4225,525,105,3,2024-02-20T20:33:47.346884,completed
4226,525,182,5,2024-02-20T20:33:47.346884,completed
4227,525,88,3,2024-02-20T20:33:47.346884,completed
4228,525,34,4,2024-02-20T20:33:47.346884,cancelled
4229,87,131,2,2024-02-04T02:03:59.571513,pending
4230,87,30,1,2024-02-04T02:03:59.571513,completed
4231,87,6,2,2024-02-04T02:03:59.571513,completed
4232,158,61,1,2024-02-01T09:54:45.892949,completed
4233,158,200,3,2024-02-01T09:54:45.892949,pending
4234,158,23,5,2024-02-01T09:54:45.892949,completed
4235,158,20,5,2024-02-01T09:54:45.892949,completed
4236,158,3,4,2024-02-01T09:54:45.892949,completed
4237,339,157,1,2024-01-05T18:47:04.933514,completed
4238,143,191,2,2025-05-21T15:53:26.431120,completed
4239,143,21,1,2025-05-21T15:53:26.431120,completed
4240,811,54,1,2025-04-07T07:41:25.534256,completed
4241,811,13,5,2025-04-07T07:41:25.534256,completed
4242,838,182,5,2024-10-30T06:18:16.152424,completed
4243,838,127,4,2024-10-30T06:18:16.152424,completed
4244,693,16,1,2024-09-21T04:17:49.826870,completed
4245,693,114,2,2024-09-21T04:17:49.826870,completed
4246,693,48,5,2024-09-21T04:17:49.826870,completed
4247,693,130,2,2024-09-21T04:17:49.826870,completed
4248,693,2,1,2024-09-21T04:17:49.826870,completed
4249,869,194,4,2024-05-03T12:07:46.776792,completed
4250,869,59,5,2024-05-03T12:07:46.776792,completed
4251,869,42,4,2024-05-03T12:07:46.776792,completed
4252,293,110,3,2024-08-25T16:24:51.637203,completed
4253,293,65,5,2024-08-25T16:24:51.637203,completed
4254,912,73,1,2025-05-26T15:15:40.713654,completed
4255,912,194,4,2025-05-26T15:15:40.713654,completed
4256,912,42,1,2025-05-26T15:15:40.713654,completed
4257,838,21,4,2025-04-28T11:49:41.130058,completed
4258,838,173,1,2025-04-28T11:49:41.130058,completed
4259,838,196,3,2025-04-28T11:49:41.130058,completed
4260,838,184,5,2025-04-28T11:49:41.130058,completed
4261,68,68,4,2025-05-15T07:01:40.921325,completed
4262,68,187,3,2025-05-15T07:01:40.921325,completed
4263,68,82,3,2025-05-15T07:01:40.921325,completed
4264,68,116,2,2025-05-15T07:01:40.921325,completed
4265,68,92,2,2025-05-15T07:01:40.921325,completed
4266,362,120,4,2024-02-05T16:34:07.280463,pending
4267,362,119,4,2024-02-05T16:34:07.280463,completed
4268,362,84,2,2024-02-05T16:34:07.280463,completed
4269,362,104,4,2024-02-05T16:34:07.280463,completed
4270,26,82,2,2025-06-13T11:22:42.639823,completed
4271,26,98,1,2025-06-13T11:22:42.639823,completed
4272,838,39,2,2024-09-04T11:04:46.293071,completed
4273,838,152,1,2024-09-04T11:04:46.293071,completed
4274,154,87,4,2025-03-03T00:24:37.152946,completed
4275,154,51,3,2025-03-03T00:24:37.152946,pending
4276,154,6,5,2025-03-03T00:24:37.152946,completed
4277,195,156,4,2023-12-22T17:48:07.733636,cancelled
4278,195,186,2,2023-12-22T17:48:07.733636,completed
4279,195,128,1,2023-12-22T17:48:07.733636,completed
4280,195,111,1,2023-12-22T17:48:07.733636,completed
4281,332,156,5,2024-11-13T07:05:14.848702,cancelled
4282,332,75,2,2024-11-13T07:05:14.848702,completed
4283,332,37,1,2024-11-13T07:05:14.848702,cancelled
4284,332,61,2,2024-11-13T07:05:14.848702,completed
4285,319,110,5,2025-12-18T14:25:40.190635,completed
4286,319,157,3,2025-12-18T14:25:40.190635,pending
4287,319,32,2,2025-12-18T14:25:40.190635,completed
4288,319,154,4,2025-12-18T14:25:40.190635,completed
4289,319,34,4,2025-12-18T14:25:40.190635,completed
4290,253,84,2,2025-08-05T00:28:56.797230,cancelled
4291,253,177,3,2025-08-05T00:28:56.797230,completed
4292,924,72,3,2024-04-03T03:10:49.293370,completed
4293,924,143,2,2024-04-03T03:10:49.293370,cancelled
4294,924,88,5,2024-04-03T03:10:49.293370,refunded
4295,924,148,2,2024-04-03T03:10:49.293370,completed
4296,625,64,5,2023-12-21T06:58:07.934588,completed
4297,625,126,1,2023-12-21T06:58:07.934588,completed
4298,902,99,2,2025-07-22T21:22:37.504851,completed
4299,84,126,1,2024-08-28T07:49:12.764669,completed
4300,84,119,2,2024-08-28T07:49:12.764669,completed
4301,84,155,3,2024-08-28T07:49:12.764669,completed
4302,84,187,3,2024-08-28T07:49:12.764669,pending
4303,84,69,1,2024-08-28T07:49:12.764669,completed
4304,229,84,3,2025-07-30T02:34:54.177372,pending
4305,495,38,5,2024-05-27T14:28:58.578233,pending
4306,495,70,2,2024-05-27T14:28:58.578233,pending
4307,495,82,2,2024-05-27T14:28:58.578233,cancelled
4308,495,125,5,2024-05-27T14:28:58.578233,completed
4309,495,81,3,2024-05-27T14:28:58.578233,completed
4310,754,135,3,2025-06-15T14:53:03.052192,completed
4311,754,130,4,2025-06-15T14:53:03.052192,completed
4312,839,77,3,2024-02-19T11:05:54.074609,completed
4313,304,8,4,2024-09-27T05:35:47.217570,completed
4314,477,115,4,2025-03-23T08:10:52.396495,completed
4315,477,161,5,2025-03-23T08:10:52.396495,completed
4316,322,71,4,2024-11-24T23:10:25.041647,completed
4317,724,117,3,2025-07-14T01:33:48.692102,cancelled
4318,724,73,1,2025-07-14T01:33:48.692102,completed
4319,724,42,3,2025-07-14T01:33:48.692102,completed
4320,724,151,3,2025-07-14T01:33:48.692102,completed
4321,724,33,4,2025-07-14T01:33:48.692102,completed
4322,644,166,3,2025-07-04T05:34:55.571399,completed
4323,644,83,1,2025-07-04T05:34:55.571399,completed
4324,644,102,3,2025-07-04T05:34:55.571399,completed
4325,644,46,5,2025-07-04T05:34:55.571399,completed
4326,524,186,2,2024-07-16T00:49:00.019725,completed
4327,950,36,2,2024-09-21T05:22:37.772559,completed
4328,168,24,3,2024-11-07T03:44:11.833806,refunded
4329,168,194,3,2024-11-07T03:44:11.833806,completed
4330,352,127,4,2024-07-18T06:44:38.834742,completed
4331,538,165,5,2024-06-16T23:02:42.086474,pending
4332,538,102,2,2024-06-16T23:02:42.086474,completed
4333,538,178,1,2024-06-16T23:02:42.086474,completed
4334,538,40,3,2024-06-16T23:02:42.086474,completed
4335,58,7,4,2023-12-30T07:58:30.939179,completed
4336,58,14,2,2023-12-30T07:58:30.939179,completed
4337,58,165,2,2023-12-30T07:58:30.939179,cancelled
4338,58,179,2,2023-12-30T07:58:30.939179,completed
4339,58,58,3,2023-12-30T07:58:30.939179,completed
4340,650,5,4,2025-06-13T13:37:26.750887,completed
4341,650,131,4,2025-06-13T13:37:26.750887,completed
4342,650,196,1,2025-06-13T13:37:26.750887,completed
4343,650,75,1,2025-06-13T13:37:26.750887,completed
4344,597,2,5,2025-03-14T03:31:54.303131,pending
4345,597,90,5,2025-03-14T03:31:54.303131,pending
4346,597,180,2,2025-03-14T03:31:54.303131,completed
4347,597,21,2,2025-03-14T03:31:54.303131,completed
4348,938,73,4,2025-11-10T05:40:21.210104,completed
4349,938,69,2,2025-11-10T05:40:21.210104,completed
4350,938,143,3,2025-11-10T05:40:21.210104,completed
4351,938,96,3,2025-11-10T05:40:21.210104,pending
4352,938,131,4,2025-11-10T05:40:21.210104,completed
4353,293,8,5,2024-09-03T14:51:18.496317,completed
4354,293,115,2,2024-09-03T14:51:18.496317,completed
4355,293,155,1,2024-09-03T14:51:18.496317,completed
4356,293,167,1,2024-09-03T14:51:18.496317,completed
4357,896,52,5,2025-04-28T23:27:59.899428,completed
4358,896,195,3,2025-04-28T23:27:59.899428,pending
4359,691,152,3,2025-05-14T18:30:21.386829,completed
4360,691,78,2,2025-05-14T18:30:21.386829,completed
4361,906,56,3,2024-03-06T05:11:19.636559,completed
4362,906,131,2,2024-03-06T05:11:19.636559,pending
4363,906,7,2,2024-03-06T05:11:19.636559,completed
4364,738,185,5,2024-02-17T14:08:29.954232,completed
4365,738,84,4,2024-02-17T14:08:29.954232,completed
4366,738,118,5,2024-02-17T14:08:29.954232,completed
4367,738,101,2,2024-02-17T14:08:29.954232,completed
4368,110,8,5,2024-11-14T15:44:36.328384,completed
4369,12,1,4,2024-12-19T10:07:46.895451,completed
4370,12,78,2,2024-12-19T10:07:46.895451,completed
4371,12,114,3,2024-12-19T10:07:46.895451,completed
4372,196,190,4,2025-11-27T22:12:28.910565,completed
4373,196,96,3,2025-11-27T22:12:28.910565,completed
4374,196,20,1,2025-11-27T22:12:28.910565,completed
4375,196,72,3,2025-11-27T22:12:28.910565,completed
4376,955,31,1,2025-05-23T16:22:10.147897,pending
4377,955,163,4,2025-05-23T16:22:10.147897,completed
4378,116,186,2,2024-08-25T07:06:37.331762,completed
4379,908,178,5,2024-08-28T16:05:51.108432,completed
4380,908,143,2,2024-08-28T16:05:51.108432,completed
4381,908,70,4,2024-08-28T16:05:51.108432,completed
4382,908,6,1,2024-08-28T16:05:51.108432,completed
4383,908,180,4,2024-08-28T16:05:51.108432,pending
4384,423,4,1,2025-04-15T05:04:20.409019,completed
4385,423,148,3,2025-04-15T05:04:20.409019,completed
4386,737,52,3,2025-04-07T08:56:41.433103,cancelled
4387,737,69,2,2025-04-07T08:56:41.433103,completed
4388,737,7,4,2025-04-07T08:56:41.433103,pending
4389,737,172,1,2025-04-07T08:56:41.433103,pending
4390,856,144,1,2025-06-27T20:48:58.706739,completed
4391,856,180,1,2025-06-27T20:48:58.706739,completed
4392,856,126,4,2025-06-27T20:48:58.706739,pending
4393,856,60,5,2025-06-27T20:48:58.706739,completed
4394,675,186,2,2024-02-07T19:31:03.444112,completed
4395,675,142,3,2024-02-07T19:31:03.444112,completed
4396,675,139,5,2024-02-07T19:31:03.444112,completed
4397,479,197,4,2024-01-09T07:21:13.168574,completed
4398,479,75,4,2024-01-09T07:21:13.168574,completed
4399,479,38,4,2024-01-09T07:21:13.168574,completed
4400,260,86,4,2025-02-13T08:05:12.410881,completed
4401,260,92,5,2025-02-13T08:05:12.410881,pending
4402,169,88,5,2025-01-28T11:13:35.054402,cancelled
4403,641,154,5,2025-08-11T22:31:51.152643,completed
4404,641,88,2,2025-08-11T22:31:51.152643,pending
4405,588,53,4,2025-04-07T07:11:53.690431,completed
4406,588,178,4,2025-04-07T07:11:53.690431,pending
4407,514,11,3,2024-12-03T05:34:32.964398,cancelled
4408,514,134,2,2024-12-03T05:34:32.964398,completed
4409,514,27,3,2024-12-03T05:34:32.964398,completed
4410,514,148,3,2024-12-03T05:34:32.964398,completed
4411,514,2,3,2024-12-03T05:34:32.964398,completed
4412,405,169,4,2024-01-30T01:58:25.160309,completed
4413,405,101,1,2024-01-30T01:58:25.160309,completed
4414,405,57,4,2024-01-30T01:58:25.160309,completed
4415,405,148,2,2024-01-30T01:58:25.160309,completed
4416,405,90,5,2024-01-30T01:58:25.160309,completed
4417,508,19,3,2025-04-17T15:45:28.411016,completed
4418,508,178,4,2025-04-17T15:45:28.411016,completed
4419,215,164,1,2025-07-25T06:02:04.843825,completed
4420,215,25,2,2025-07-25T06:02:04.843825,completed
4421,215,49,1,2025-07-25T06:02:04.843825,completed
4422,215,7,4,2025-07-25T06:02:04.843825,cancelled
4423,215,5,4,2025-07-25T06:02:04.843825,cancelled
4424,678,3,3,2025-03-21T11:00:06.475733,completed
4425,678,179,2,2025-03-21T11:00:06.475733,completed
4426,678,153,5,2025-03-21T11:00:06.475733,completed
4427,678,77,4,2025-03-21T11:00:06.475733,completed
4428,608,174,4,2024-04-12T19:31:41.709809,refunded
4429,512,90,4,2024-06-17T13:50:06.750994,pending
4430,512,8,4,2024-06-17T13:50:06.750994,completed
4431,512,66,1,2024-06-17T13:50:06.750994,completed
4432,602,90,1,2025-04-27T03:31:11.515093,cancelled
4433,602,176,1,2025-04-27T03:31:11.515093,completed
4434,602,126,5,2025-04-27T03:31:11.515093,completed
4435,602,7,2,2025-04-27T03:31:11.515093,completed
4436,602,98,1,2025-04-27T03:31:11.515093,completed
4437,768,62,1,2024-10-01T09:53:29.142497,completed
4438,768,155,5,2024-10-01T09:53:29.142497,completed
4439,768,121,4,2024-10-01T09:53:29.142497,completed
4440,421,3,2,2025-03-22T06:34:01.346905,completed
4441,692,130,4,2025-04-30T11:49:05.615001,completed
4442,186,71,5,2024-11-07T16:07:46.172634,completed
4443,186,179,1,2024-11-07T16:07:46.172634,completed
4444,186,145,1,2024-11-07T16:07:46.172634,completed
4445,186,100,4,2024-11-07T16:07:46.172634,completed
4446,463,42,5,2024-09-28T04:35:05.219719,completed
4447,463,11,1,2024-09-28T04:35:05.219719,completed
4448,463,75,1,2024-09-28T04:35:05.219719,completed
4449,498,2,2,2025-08-15T06:06:06.983814,completed
4450,498,100,1,2025-08-15T06:06:06.983814,completed
4451,229,175,2,2025-03-27T01:21:17.419137,completed
4452,229,150,1,2025-03-27T01:21:17.419137,completed
4453,229,127,2,2025-03-27T01:21:17.419137,completed
4454,970,145,4,2024-05-18T07:52:39.405490,completed
4455,970,7,5,2024-05-18T07:52:39.405490,pending
4456,970,113,3,2024-05-18T07:52:39.405490,completed
4457,970,128,1,2024-05-18T07:52:39.405490,completed
4458,970,94,1,2024-05-18T07:52:39.405490,completed
4459,571,18,3,2024-06-17T16:46:47.222339,completed
4460,571,17,5,2024-06-17T16:46:47.222339,cancelled
4461,571,23,2,2024-06-17T16:46:47.222339,completed
4462,571,68,2,2024-06-17T16:46:47.222339,completed
4463,192,115,5,2024-04-09T08:56:11.219777,completed
4464,192,169,3,2024-04-09T08:56:11.219777,completed
4465,995,150,1,2025-05-03T13:29:51.998807,completed
4466,995,106,2,2025-05-03T13:29:51.998807,completed
4467,308,192,4,2024-03-19T20:55:27.778146,completed
4468,308,180,1,2024-03-19T20:55:27.778146,completed
4469,13,135,3,2024-09-05T19:18:32.099060,completed
4470,10,36,4,2024-04-12T09:34:57.275694,pending
4471,10,82,2,2024-04-12T09:34:57.275694,completed
4472,10,63,4,2024-04-12T09:34:57.275694,completed
4473,102,100,5,2025-09-15T17:41:38.652132,pending
4474,102,142,1,2025-09-15T17:41:38.652132,completed
4475,131,38,1,2024-09-22T11:17:30.086036,completed
4476,131,195,2,2024-09-22T11:17:30.086036,completed
4477,131,18,4,2024-09-22T11:17:30.086036,pending
4478,131,123,3,2024-09-22T11:17:30.086036,cancelled
4479,131,132,3,2024-09-22T11:17:30.086036,completed
4480,771,11,1,2025-03-29T08:32:27.193654,completed
4481,771,83,3,2025-03-29T08:32:27.193654,completed
4482,771,200,5,2025-03-29T08:32:27.193654,pending
4483,771,102,2,2025-03-29T08:32:27.193654,completed
4484,131,158,2,2025-05-30T05:30:35.646421,completed
4485,131,131,5,2025-05-30T05:30:35.646421,completed
4486,131,105,1,2025-05-30T05:30:35.646421,completed
4487,131,166,1,2025-05-30T05:30:35.646421,completed
4488,576,181,2,2025-04-06T15:44:41.571844,completed
4489,41,72,3,2024-09-14T11:54:30.657189,completed
4490,41,101,5,2024-09-14T11:54:30.657189,completed
4491,41,119,3,2024-09-14T11:54:30.657189,pending
4492,482,125,5,2024-05-30T03:24:19.854347,cancelled
4493,482,99,5,2024-05-30T03:24:19.854347,completed
4494,482,194,5,2024-05-30T03:24:19.854347,completed
4495,482,177,3,2024-05-30T03:24:19.854347,completed
4496,482,151,4,2024-05-30T03:24:19.854347,refunded
4497,546,158,3,2024-12-18T17:04:13.492679,pending
4498,546,162,5,2024-12-18T17:04:13.492679,completed
4499,546,17,3,2024-12-18T17:04:13.492679,cancelled
4500,546,65,3,2024-12-18T17:04:13.492679,cancelled
4501,546,69,5,2024-12-18T17:04:13.492679,completed
4502,996,50,4,2024-02-19T16:03:11.537651,completed
4503,996,86,5,2024-02-19T16:03:11.537651,completed
4504,996,133,2,2024-02-19T16:03:11.537651,completed
4505,912,198,3,2025-08-29T18:56:05.144688,completed
4506,912,177,3,2025-08-29T18:56:05.144688,completed
4507,567,53,5,2025-03-07T19:37:33.762602,completed
4508,567,119,3,2025-03-07T19:37:33.762602,completed
4509,567,149,2,2025-03-07T19:37:33.762602,completed
4510,649,47,3,2024-05-09T14:40:48.837426,completed
4511,649,166,4,2024-05-09T14:40:48.837426,completed
4512,649,128,5,2024-05-09T14:40:48.837426,completed
4513,350,66,1,2024-01-19T04:43:29.457307,completed
4514,350,156,4,2024-01-19T04:43:29.457307,pending
4515,403,18,2,2025-11-05T20:06:42.736153,pending
4516,261,117,5,2024-06-16T19:09:34.099398,completed
4517,261,141,2,2024-06-16T19:09:34.099398,completed
4518,261,150,4,2024-06-16T19:09:34.099398,completed
4519,261,71,4,2024-06-16T19:09:34.099398,completed
4520,488,100,2,2025-08-18T09:00:16.761181,completed
4521,488,81,1,2025-08-18T09:00:16.761181,completed
4522,488,31,1,2025-08-18T09:00:16.761181,completed
4523,488,36,5,2025-08-18T09:00:16.761181,completed
4524,131,191,4,2025-07-07T12:59:34.453913,completed
4525,913,16,3,2024-06-17T09:28:53.213015,completed
4526,913,3,2,2024-06-17T09:28:53.213015,completed
4527,913,29,5,2024-06-17T09:28:53.213015,completed
4528,913,87,3,2024-06-17T09:28:53.213015,cancelled
4529,913,160,3,2024-06-17T09:28:53.213015,pending
4530,156,142,5,2025-06-22T12:24:38.126209,completed
4531,226,99,5,2025-02-05T09:00:18.349173,completed
4532,226,53,2,2025-02-05T09:00:18.349173,completed
4533,759,70,4,2025-05-13T00:16:13.388133,completed
4534,759,125,4,2025-05-13T00:16:13.388133,completed
4535,759,32,2,2025-05-13T00:16:13.388133,cancelled
4536,759,25,3,2025-05-13T00:16:13.388133,completed
4537,759,64,2,2025-05-13T00:16:13.388133,completed
4538,446,154,1,2025-09-19T04:02:08.258327,pending
4539,446,99,4,2025-09-19T04:02:08.258327,completed
4540,446,115,4,2025-09-19T04:02:08.258327,completed
4541,446,55,4,2025-09-19T04:02:08.258327,pending
4542,446,60,4,2025-09-19T04:02:08.258327,completed
4543,784,53,4,2025-05-17T12:03:47.910031,completed
4544,784,173,5,2025-05-17T12:03:47.910031,completed
4545,784,126,1,2025-05-17T12:03:47.910031,completed
4546,631,114,2,2024-02-12T09:08:38.863539,completed
4547,631,156,5,2024-02-12T09:08:38.863539,pending
4548,631,53,4,2024-02-12T09:08:38.863539,completed
4549,631,96,4,2024-02-12T09:08:38.863539,completed
4550,322,104,3,2024-04-03T13:15:21.595316,pending
4551,322,71,4,2024-04-03T13:15:21.595316,completed
4552,322,64,4,2024-04-03T13:15:21.595316,cancelled
4553,703,63,1,2024-11-04T10:11:48.977910,completed
4554,703,166,3,2024-11-04T10:11:48.977910,completed
4555,703,179,1,2024-11-04T10:11:48.977910,completed
4556,703,17,4,2024-11-04T10:11:48.977910,cancelled
4557,703,116,1,2024-11-04T10:11:48.977910,completed
4558,357,69,3,2025-03-02T19:47:01.699549,completed
4559,357,94,2,2025-03-02T19:47:01.699549,completed
4560,600,154,3,2025-03-22T11:55:24.600058,completed
4561,600,136,2,2025-03-22T11:55:24.600058,completed
4562,600,51,2,2025-03-22T11:55:24.600058,completed
4563,600,10,5,2025-03-22T11:55:24.600058,completed
4564,600,98,1,2025-03-22T11:55:24.600058,completed
4565,262,39,3,2025-09-02T22:03:03.884194,pending
4566,262,76,2,2025-09-02T22:03:03.884194,completed
4567,262,37,3,2025-09-02T22:03:03.884194,completed
4568,262,112,1,2025-09-02T22:03:03.884194,completed
4569,95,14,3,2024-09-23T12:30:46.617664,completed
4570,95,147,4,2024-09-23T12:30:46.617664,pending
4571,95,168,2,2024-09-23T12:30:46.617664,completed
4572,95,190,2,2024-09-23T12:30:46.617664,completed
4573,95,46,1,2024-09-23T12:30:46.617664,completed
4574,104,46,4,2024-05-21T09:24:17.608138,completed
4575,104,137,3,2024-05-21T09:24:17.608138,completed
4576,104,32,2,2024-05-21T09:24:17.608138,completed
4577,192,3,2,2025-11-29T04:03:08.487934,completed
4578,192,84,5,2025-11-29T04:03:08.487934,pending
4579,513,15,4,2025-06-24T10:25:03.915550,completed
4580,513,101,2,2025-06-24T10:25:03.915550,completed
4581,513,35,5,2025-06-24T10:25:03.915550,pending
4582,513,43,5,2025-06-24T10:25:03.915550,completed
4583,513,13,4,2025-06-24T10:25:03.915550,completed
4584,180,183,2,2025-01-15T00:37:00.813591,completed
4585,621,18,4,2024-06-26T07:18:20.442670,completed
4586,295,136,4,2024-12-13T12:44:48.817132,completed
4587,295,126,4,2024-12-13T12:44:48.817132,pending
4588,295,174,4,2024-12-13T12:44:48.817132,cancelled
4589,295,194,5,2024-12-13T12:44:48.817132,completed
4590,621,184,5,2025-01-28T10:41:54.430773,cancelled
4591,621,192,2,2025-01-28T10:41:54.430773,completed
4592,621,104,4,2025-01-28T10:41:54.430773,completed
4593,621,193,1,2025-01-28T10:41:54.430773,completed
4594,621,65,5,2025-01-28T10:41:54.430773,refunded
4595,863,30,4,2025-07-28T09:18:41.414018,completed
4596,863,155,3,2025-07-28T09:18:41.414018,completed
4597,863,106,4,2025-07-28T09:18:41.414018,completed
4598,17,112,2,2024-12-17T22:41:58.336562,completed
4599,17,199,5,2024-12-17T22:41:58.336562,completed
4600,768,167,4,2024-08-27T03:14:25.456926,completed
4601,768,78,1,2024-08-27T03:14:25.456926,cancelled
4602,926,65,4,2024-02-11T05:35:52.422709,completed
4603,926,125,2,2024-02-11T05:35:52.422709,completed
4604,926,103,4,2024-02-11T05:35:52.422709,cancelled
4605,926,120,2,2024-02-11T05:35:52.422709,cancelled
4606,919,76,3,2025-12-09T18:50:09.344838,completed
4607,477,168,3,2025-10-05T02:29:28.038002,completed
4608,477,111,5,2025-10-05T02:29:28.038002,completed
4609,477,20,1,2025-10-05T02:29:28.038002,cancelled
4610,477,154,4,2025-10-05T02:29:28.038002,completed
4611,340,80,2,2025-10-22T12:19:19.034905,completed
4612,340,130,1,2025-10-22T12:19:19.034905,completed
4613,729,70,5,2024-03-31T19:41:05.493882,completed
4614,729,16,4,2024-03-31T19:41:05.493882,completed
4615,729,7,5,2024-03-31T19:41:05.493882,completed
4616,729,131,5,2024-03-31T19:41:05.493882,completed
4617,729,56,3,2024-03-31T19:41:05.493882,completed
4618,530,32,5,2024-02-27T19:01:27.020801,completed
4619,530,113,5,2024-02-27T19:01:27.020801,completed
4620,530,195,5,2024-02-27T19:01:27.020801,completed
4621,530,125,2,2024-02-27T19:01:27.020801,cancelled
4622,530,111,4,2024-02-27T19:01:27.020801,completed
4623,732,188,2,2025-07-11T22:46:47.066866,completed
4624,732,185,2,2025-07-11T22:46:47.066866,completed
4625,732,163,4,2025-07-11T22:46:47.066866,completed
4626,732,69,2,2025-07-11T22:46:47.066866,completed
4627,311,35,2,2025-04-21T09:29:08.081556,completed
4628,199,39,3,2024-01-12T02:31:10.244384,refunded
4629,199,110,2,2024-01-12T02:31:10.244384,completed
4630,199,141,1,2024-01-12T02:31:10.244384,completed
4631,199,146,1,2024-01-12T02:31:10.244384,completed
4632,495,57,4,2024-09-29T06:03:44.055364,cancelled
4633,170,30,3,2024-09-03T21:05:12.780161,completed
4634,170,21,3,2024-09-03T21:05:12.780161,pending
4635,170,172,3,2024-09-03T21:05:12.780161,completed
4636,170,118,5,2024-09-03T21:05:12.780161,pending
4637,834,162,5,2025-05-15T12:33:31.454871,completed
4638,834,171,5,2025-05-15T12:33:31.454871,completed
4639,834,84,3,2025-05-15T12:33:31.454871,pending
4640,797,58,4,2024-10-02T23:11:38.853058,completed
4641,797,6,3,2024-10-02T23:11:38.853058,cancelled
4642,308,186,3,2024-05-03T08:19:46.594081,pending
4643,308,104,3,2024-05-03T08:19:46.594081,completed
4644,308,14,2,2024-05-03T08:19:46.594081,completed
4645,308,152,2,2024-05-03T08:19:46.594081,pending
4646,255,40,5,2024-11-10T02:17:19.251786,completed
4647,255,26,4,2024-11-10T02:17:19.251786,completed
4648,255,179,3,2024-11-10T02:17:19.251786,completed
4649,255,139,2,2024-11-10T02:17:19.251786,completed
4650,493,199,3,2025-07-22T05:29:59.909286,cancelled
4651,59,104,4,2024-05-29T21:25:22.268969,refunded
4652,59,111,3,2024-05-29T21:25:22.268969,cancelled
4653,59,40,1,2024-05-29T21:25:22.268969,completed
4654,59,107,4,2024-05-29T21:25:22.268969,pending
4655,504,151,2,2025-09-29T05:43:36.474058,completed
4656,504,55,5,2025-09-29T05:43:36.474058,pending
4657,504,104,3,2025-09-29T05:43:36.474058,completed
4658,504,111,3,2025-09-29T05:43:36.474058,completed
4659,874,26,1,2024-02-05T09:57:53.897745,completed
4660,756,39,5,2024-04-04T12:01:26.433570,completed
4661,919,179,2,2024-05-02T16:22:07.328296,refunded
4662,3,46,3,2024-07-12T05:24:28.830489,completed
4663,3,9,3,2024-07-12T05:24:28.830489,completed
4664,3,35,1,2024-07-12T05:24:28.830489,completed
4665,3,75,3,2024-07-12T05:24:28.830489,completed
4666,40,22,2,2025-11-08T20:07:15.341611,pending
4667,40,11,4,2025-11-08T20:07:15.341611,completed
4668,40,158,5,2025-11-08T20:07:15.341611,completed
4669,40,1,5,2025-11-08T20:07:15.341611,completed
4670,40,50,5,2025-11-08T20:07:15.341611,completed
4671,67,156,5,2024-05-30T02:18:11.590219,completed
4672,67,67,5,2024-05-30T02:18:11.590219,completed
4673,67,41,3,2024-05-30T02:18:11.590219,completed
4674,67,165,3,2024-05-30T02:18:11.590219,completed
4675,712,116,3,2025-08-02T00:39:23.273678,completed
4676,712,92,4,2025-08-02T00:39:23.273678,completed
4677,712,131,2,2025-08-02T00:39:23.273678,completed
4678,712,79,3,2025-08-02T00:39:23.273678,completed
4679,216,119,2,2024-06-19T18:26:28.658273,completed
4680,216,39,1,2024-06-19T18:26:28.658273,completed
4681,121,28,2,2025-11-14T00:51:36.325659,completed
4682,121,115,1,2025-11-14T00:51:36.325659,completed
4683,341,149,4,2024-09-12T21:17:20.572031,completed
4684,341,62,1,2024-09-12T21:17:20.572031,cancelled
4685,341,184,5,2024-09-12T21:17:20.572031,completed
4686,310,122,1,2024-10-02T11:29:33.598643,completed
4687,310,168,4,2024-10-02T11:29:33.598643,completed
4688,68,9,3,2025-10-30T13:12:39.215097,completed
4689,833,119,3,2024-09-27T20:11:04.121593,completed
4690,833,169,3,2024-09-27T20:11:04.121593,completed
4691,833,102,4,2024-09-27T20:11:04.121593,completed
4692,833,182,5,2024-09-27T20:11:04.121593,pending
4693,189,43,3,2024-11-27T17:35:28.172665,completed
4694,499,38,2,2024-10-15T23:29:21.502717,completed
4695,499,11,4,2024-10-15T23:29:21.502717,cancelled
4696,499,36,2,2024-10-15T23:29:21.502717,completed
4697,428,198,1,2025-01-10T07:45:09.663915,completed
4698,729,158,1,2024-12-28T10:44:59.127216,completed
4699,729,96,5,2024-12-28T10:44:59.127216,completed
4700,729,87,2,2024-12-28T10:44:59.127216,completed
4701,675,71,5,2025-02-22T23:11:10.049102,completed
4702,675,136,1,2025-02-22T23:11:10.049102,completed
4703,675,101,5,2025-02-22T23:11:10.049102,completed
4704,675,152,5,2025-02-22T23:11:10.049102,refunded
4705,675,157,4,2025-02-22T23:11:10.049102,completed
4706,341,105,5,2024-04-15T15:15:13.260428,completed
4707,811,122,4,2024-07-11T12:26:27.807614,cancelled
4708,937,147,4,2025-07-28T21:58:21.893706,completed
4709,937,60,1,2025-07-28T21:58:21.893706,pending
4710,937,81,5,2025-07-28T21:58:21.893706,completed
4711,937,152,3,2025-07-28T21:58:21.893706,completed
4712,937,58,2,2025-07-28T21:58:21.893706,completed
4713,975,62,1,2024-07-18T07:25:54.075049,cancelled
4714,975,102,3,2024-07-18T07:25:54.075049,completed
4715,975,1,5,2024-07-18T07:25:54.075049,cancelled
4716,975,111,1,2024-07-18T07:25:54.075049,completed
4717,976,197,1,2024-09-14T11:27:01.749324,completed
4718,976,154,5,2024-09-14T11:27:01.749324,completed
4719,976,170,5,2024-09-14T11:27:01.749324,completed
4720,119,100,3,2024-03-17T20:00:12.480616,completed
4721,119,144,2,2024-03-17T20:00:12.480616,completed
4722,440,85,2,2024-08-01T01:51:54.896176,cancelled
4723,22,34,3,2025-03-21T20:14:09.094220,completed
4724,300,107,2,2024-08-06T23:25:16.892537,completed
4725,300,42,3,2024-08-06T23:25:16.892537,completed
4726,300,110,3,2024-08-06T23:25:16.892537,completed
4727,556,164,1,2025-11-20T03:58:41.261751,cancelled
4728,556,18,1,2025-11-20T03:58:41.261751,completed
4729,556,20,3,2025-11-20T03:58:41.261751,cancelled
4730,556,40,1,2025-11-20T03:58:41.261751,completed
4731,556,32,3,2025-11-20T03:58:41.261751,completed
4732,785,120,5,2025-02-15T14:21:40.379892,completed
4733,785,131,1,2025-02-15T14:21:40.379892,completed
4734,785,32,1,2025-02-15T14:21:40.379892,completed
4735,785,124,4,2025-02-15T14:21:40.379892,pending
4736,785,172,5,2025-02-15T14:21:40.379892,cancelled
4737,743,159,1,2025-11-29T00:28:25.583285,refunded
4738,167,88,5,2024-10-21T21:02:16.445594,pending
4739,167,42,5,2024-10-21T21:02:16.445594,completed
4740,947,8,4,2024-09-25T18:39:06.463152,completed
4741,947,88,5,2024-09-25T18:39:06.463152,completed
4742,947,100,4,2024-09-25T18:39:06.463152,completed
4743,195,164,1,2025-10-29T10:09:34.439727,refunded
4744,195,124,2,2025-10-29T10:09:34.439727,pending
4745,195,199,4,2025-10-29T10:09:34.439727,completed
4746,195,151,4,2025-10-29T10:09:34.439727,completed
4747,195,192,3,2025-10-29T10:09:34.439727,completed
4748,43,116,2,2025-09-08T05:53:00.075451,completed
4749,364,171,3,2024-04-03T09:37:56.211417,completed
4750,426,81,4,2025-04-24T22:50:40.083956,completed
4751,864,153,5,2025-09-13T19:28:08.379530,completed
4752,120,35,3,2025-07-02T10:23:11.280363,completed
4753,120,122,1,2025-07-02T10:23:11.280363,completed
4754,120,127,3,2025-07-02T10:23:11.280363,completed
4755,120,142,5,2025-07-02T10:23:11.280363,pending
4756,120,186,3,2025-07-02T10:23:11.280363,completed
4757,110,77,2,2025-06-21T07:31:28.155564,completed
4758,836,40,1,2025-09-20T17:06:26.297853,refunded
4759,836,72,3,2025-09-20T17:06:26.297853,completed
4760,836,88,3,2025-09-20T17:06:26.297853,completed
4761,836,106,4,2025-09-20T17:06:26.297853,completed
4762,292,48,2,2025-05-23T06:57:51.122204,cancelled
4763,292,183,5,2025-05-23T06:57:51.122204,completed
4764,292,24,1,2025-05-23T06:57:51.122204,completed
4765,98,197,1,2024-04-29T22:31:39.643951,completed
4766,98,86,2,2024-04-29T22:31:39.643951,completed
4767,98,82,1,2024-04-29T22:31:39.643951,completed
4768,284,195,5,2025-11-10T00:00:28.881646,cancelled
4769,284,141,1,2025-11-10T00:00:28.881646,pending
4770,284,194,5,2025-11-10T00:00:28.881646,cancelled
4771,892,77,1,2025-06-13T06:41:59.376472,completed
4772,892,142,4,2025-06-13T06:41:59.376472,completed
4773,892,169,3,2025-06-13T06:41:59.376472,completed
4774,892,26,1,2025-06-13T06:41:59.376472,completed
4775,892,104,1,2025-06-13T06:41:59.376472,cancelled
4776,603,28,4,2025-05-16T20:32:11.583602,completed
4777,829,104,3,2025-03-13T09:07:38.210956,completed
4778,829,139,5,2025-03-13T09:07:38.210956,pending
4779,829,28,2,2025-03-13T09:07:38.210956,completed
4780,173,167,1,2025-02-19T18:30:25.215429,completed
4781,173,146,1,2025-02-19T18:30:25.215429,completed
4782,747,44,5,2024-05-26T08:57:13.754739,completed
4783,747,189,4,2024-05-26T08:57:13.754739,completed
4784,536,148,2,2025-05-04T04:33:55.796188,completed
4785,536,187,2,2025-05-04T04:33:55.796188,completed
4786,536,199,2,2025-05-04T04:33:55.796188,completed
4787,398,136,3,2024-07-04T15:47:57.782340,completed
4788,398,75,5,2024-07-04T15:47:57.782340,completed
4789,593,69,1,2024-03-31T02:32:20.504012,completed
4790,593,64,3,2024-03-31T02:32:20.504012,completed
4791,593,158,4,2024-03-31T02:32:20.504012,completed
4792,118,152,2,2024-03-25T15:10:54.740990,completed
4793,118,49,5,2024-03-25T15:10:54.740990,completed
4794,118,192,2,2024-03-25T15:10:54.740990,completed
4795,118,65,1,2024-03-25T15:10:54.740990,completed
4796,256,188,1,2024-03-10T11:31:08.506749,completed
4797,137,71,5,2024-11-04T05:30:24.603578,completed
4798,137,29,2,2024-11-04T05:30:24.603578,completed
4799,850,106,1,2025-07-14T14:32:52.632771,completed
4800,458,38,1,2024-09-17T03:15:47.517924,pending
4801,458,186,3,2024-09-17T03:15:47.517924,refunded
4802,388,175,2,2023-12-24T03:20:23.779845,completed
4803,388,71,3,2023-12-24T03:20:23.779845,completed
4804,388,114,2,2023-12-24T03:20:23.779845,completed
4805,388,170,3,2023-12-24T03:20:23.779845,completed
4806,388,52,3,2023-12-24T03:20:23.779845,completed
4807,475,16,4,2024-04-06T13:53:23.286996,completed
4808,475,192,2,2024-04-06T13:53:23.286996,completed
4809,903,37,2,2024-05-12T00:51:28.891430,completed
4810,903,73,1,2024-05-12T00:51:28.891430,completed
4811,903,72,5,2024-05-12T00:51:28.891430,completed
4812,466,78,4,2025-10-03T06:00:36.773182,completed
4813,466,165,3,2025-10-03T06:00:36.773182,pending
4814,466,58,4,2025-10-03T06:00:36.773182,completed
4815,492,113,1,2024-11-22T00:58:30.901886,completed
4816,492,35,4,2024-11-22T00:58:30.901886,completed
4817,972,131,3,2025-12-08T17:08:25.546588,completed
4818,972,165,1,2025-12-08T17:08:25.546588,completed
4819,972,38,5,2025-12-08T17:08:25.546588,completed
4820,972,29,4,2025-12-08T17:08:25.546588,completed
4821,972,69,5,2025-12-08T17:08:25.546588,cancelled
4822,110,73,2,2025-05-07T15:59:23.133108,completed
4823,110,65,5,2025-05-07T15:59:23.133108,pending
4824,589,47,2,2025-09-05T05:11:04.733548,cancelled
4825,589,161,3,2025-09-05T05:11:04.733548,completed
4826,589,128,5,2025-09-05T05:11:04.733548,completed
4827,589,136,3,2025-09-05T05:11:04.733548,completed
4828,589,1,2,2025-09-05T05:11:04.733548,completed
4829,751,185,3,2025-04-22T00:03:29.449495,completed
4830,751,196,3,2025-04-22T00:03:29.449495,completed
4831,751,109,4,2025-04-22T00:03:29.449495,completed
4832,984,145,5,2025-05-14T13:48:01.322787,completed
4833,984,92,2,2025-05-14T13:48:01.322787,completed
4834,984,25,3,2025-05-14T13:48:01.322787,completed
4835,984,98,2,2025-05-14T13:48:01.322787,completed
4836,984,121,4,2025-05-14T13:48:01.322787,completed
4837,981,5,2,2024-07-17T12:04:00.393900,completed
4838,981,177,1,2024-07-17T12:04:00.393900,completed
4839,981,20,4,2024-07-17T12:04:00.393900,completed
4840,981,27,1,2024-07-17T12:04:00.393900,completed
4841,981,145,5,2024-07-17T12:04:00.393900,completed
4842,139,189,2,2024-08-28T21:08:52.062780,completed
4843,139,55,1,2024-08-28T21:08:52.062780,completed
4844,941,105,4,2024-12-14T21:19:05.430946,pending
4845,941,31,1,2024-12-14T21:19:05.430946,completed
4846,941,72,2,2024-12-14T21:19:05.430946,completed
4847,941,165,1,2024-12-14T21:19:05.430946,pending
4848,941,151,5,2024-12-14T21:19:05.430946,completed
4849,645,12,3,2025-02-07T07:15:35.759162,completed
4850,645,122,1,2025-02-07T07:15:35.759162,cancelled
4851,502,106,1,2025-09-07T16:13:51.786616,completed
4852,502,85,5,2025-09-07T16:13:51.786616,completed
4853,590,1,3,2024-03-29T23:29:34.875643,cancelled
4854,590,110,4,2024-03-29T23:29:34.875643,completed
4855,590,179,2,2024-03-29T23:29:34.875643,completed
4856,100,6,2,2024-03-14T20:11:18.377210,completed
4857,100,171,1,2024-03-14T20:11:18.377210,completed
4858,100,71,2,2024-03-14T20:11:18.377210,pending
4859,100,50,2,2024-03-14T20:11:18.377210,completed
4860,100,45,4,2024-03-14T20:11:18.377210,completed
4861,461,159,1,2025-01-03T14:46:13.093267,completed
4862,461,35,2,2025-01-03T14:46:13.093267,completed
4863,775,176,1,2025-05-13T21:43:44.281559,pending
4864,775,111,2,2025-05-13T21:43:44.281559,completed
4865,775,40,1,2025-05-13T21:43:44.281559,completed
4866,36,45,2,2024-01-27T21:18:00.835233,completed
4867,36,176,2,2024-01-27T21:18:00.835233,completed
4868,36,108,4,2024-01-27T21:18:00.835233,completed
4869,36,28,2,2024-01-27T21:18:00.835233,completed
4870,36,22,5,2024-01-27T21:18:00.835233,completed
4871,906,152,5,2024-01-07T15:27:47.331577,completed
4872,906,150,5,2024-01-07T15:27:47.331577,completed
4873,906,85,4,2024-01-07T15:27:47.331577,completed
4874,906,116,5,2024-01-07T15:27:47.331577,pending
4875,906,41,4,2024-01-07T15:27:47.331577,completed
4876,267,55,4,2024-06-06T02:05:43.018994,completed
4877,267,188,5,2024-06-06T02:05:43.018994,completed
4878,267,198,1,2024-06-06T02:05:43.018994,pending
4879,267,6,1,2024-06-06T02:05:43.018994,completed
4880,267,51,2,2024-06-06T02:05:43.018994,cancelled
4881,236,29,5,2025-03-11T05:51:02.564239,completed
4882,236,144,2,2025-03-11T05:51:02.564239,completed
4883,236,123,2,2025-03-11T05:51:02.564239,completed
4884,236,102,2,2025-03-11T05:51:02.564239,completed
4885,236,167,2,2025-03-11T05:51:02.564239,cancelled
4886,521,140,1,2024-03-27T19:08:40.331620,completed
4887,521,19,5,2024-03-27T19:08:40.331620,completed
4888,521,62,3,2024-03-27T19:08:40.331620,completed
4889,521,138,2,2024-03-27T19:08:40.331620,pending
4890,521,142,1,2024-03-27T19:08:40.331620,completed
4891,871,36,1,2024-07-21T16:31:48.783870,completed
4892,871,57,5,2024-07-21T16:31:48.783870,completed
4893,433,21,2,2025-01-29T17:29:24.798831,completed
4894,433,189,3,2025-01-29T17:29:24.798831,completed
4895,433,195,1,2025-01-29T17:29:24.798831,completed
4896,433,83,1,2025-01-29T17:29:24.798831,pending
4897,433,118,1,2025-01-29T17:29:24.798831,completed
4898,169,21,1,2025-08-26T04:33:13.566489,completed
4899,169,22,5,2025-08-26T04:33:13.566489,completed
4900,169,177,1,2025-08-26T04:33:13.566489,completed
4901,169,49,5,2025-08-26T04:33:13.566489,completed
4902,169,124,2,2025-08-26T04:33:13.566489,refunded
4903,321,173,3,2025-11-09T07:58:49.417253,completed
4904,321,30,3,2025-11-09T07:58:49.417253,completed
4905,321,130,5,2025-11-09T07:58:49.417253,pending
4906,321,166,5,2025-11-09T07:58:49.417253,completed
4907,553,74,1,2025-11-12T01:47:18.491606,completed
4908,553,126,3,2025-11-12T01:47:18.491606,completed
4909,553,134,1,2025-11-12T01:47:18.491606,completed
4910,553,197,4,2025-11-12T01:47:18.491606,completed
4911,446,7,1,2025-07-08T11:07:11.443535,completed
4912,446,12,2,2025-07-08T11:07:11.443535,completed
4913,446,154,3,2025-07-08T11:07:11.443535,completed
4914,446,13,5,2025-07-08T11:07:11.443535,completed
4915,154,97,4,2024-05-09T23:29:38.411497,completed
4916,154,145,3,2024-05-09T23:29:38.411497,completed
4917,154,32,3,2024-05-09T23:29:38.411497,completed
4918,154,61,1,2024-05-09T23:29:38.411497,completed
4919,842,148,1,2025-04-05T04:26:20.313481,completed
4920,842,97,1,2025-04-05T04:26:20.313481,completed
4921,55,54,5,2025-09-24T09:01:33.227571,completed
4922,55,62,5,2025-09-24T09:01:33.227571,completed
4923,55,106,1,2025-09-24T09:01:33.227571,completed
4924,55,155,5,2025-09-24T09:01:33.227571,completed
4925,67,69,1,2025-05-10T11:20:55.724575,cancelled
4926,887,65,5,2025-10-27T17:03:26.172782,completed
4927,887,136,3,2025-10-27T17:03:26.172782,completed
4928,887,32,3,2025-10-27T17:03:26.172782,cancelled
4929,887,143,2,2025-10-27T17:03:26.172782,completed
4930,486,64,2,2025-05-14T08:17:16.919214,completed
4931,486,133,1,2025-05-14T08:17:16.919214,completed
4932,486,50,2,2025-05-14T08:17:16.919214,completed
4933,486,97,1,2025-05-14T08:17:16.919214,completed
4934,410,174,5,2024-07-04T23:25:51.299209,completed
4935,410,76,3,2024-07-04T23:25:51.299209,completed
4936,410,186,2,2024-07-04T23:25:51.299209,completed
4937,410,44,4,2024-07-04T23:25:51.299209,completed
4938,410,134,2,2024-07-04T23:25:51.299209,completed
4939,743,111,3,2024-02-05T17:17:11.771349,completed
4940,743,55,1,2024-02-05T17:17:11.771349,pending
4941,743,27,3,2024-02-05T17:17:11.771349,cancelled
4942,743,80,4,2024-02-05T17:17:11.771349,completed
4943,743,200,3,2024-02-05T17:17:11.771349,completed
4944,888,48,4,2025-10-24T20:03:19.449112,completed
4945,739,88,2,2024-12-11T14:16:08.860698,completed
4946,739,140,1,2024-12-11T14:16:08.860698,completed
4947,739,175,4,2024-12-11T14:16:08.860698,completed
4948,422,75,5,2025-07-02T10:45:57.117890,completed
4949,422,132,1,2025-07-02T10:45:57.117890,completed
4950,422,148,1,2025-07-02T10:45:57.117890,completed
4951,570,133,2,2024-11-10T04:55:43.179569,completed
4952,570,46,1,2024-11-10T04:55:43.179569,completed
4953,570,71,3,2024-11-10T04:55:43.179569,completed
4954,570,85,1,2024-11-10T04:55:43.179569,refunded
4955,570,186,3,2024-11-10T04:55:43.179569,completed
4956,939,54,3,2024-10-04T19:06:26.107458,completed
4957,939,196,5,2024-10-04T19:06:26.107458,completed
4958,323,102,2,2024-10-13T05:58:54.680942,pending
4959,826,24,1,2024-05-29T10:33:56.960209,completed
4960,466,120,5,2024-04-01T16:05:12.351663,refunded
4961,466,185,2,2024-04-01T16:05:12.351663,completed
4962,466,32,2,2024-04-01T16:05:12.351663,completed
4963,466,140,2,2024-04-01T16:05:12.351663,completed
4964,466,13,3,2024-04-01T16:05:12.351663,refunded
4965,41,9,5,2025-09-11T06:32:08.608823,completed
4966,41,186,4,2025-09-11T06:32:08.608823,completed
4967,41,20,3,2025-09-11T06:32:08.608823,refunded
4968,41,22,1,2025-09-11T06:32:08.608823,completed
4969,513,200,1,2025-12-05T11:24:40.329326,completed
4970,513,142,2,2025-12-05T11:24:40.329326,completed
4971,513,185,1,2025-12-05T11:24:40.329326,refunded
4972,513,135,1,2025-12-05T11:24:40.329326,completed
4973,343,29,5,2025-01-03T22:58:07.268864,cancelled
4974,343,141,2,2025-01-03T22:58:07.268864,completed
4975,343,33,3,2025-01-03T22:58:07.268864,completed
4976,343,153,4,2025-01-03T22:58:07.268864,completed
4977,291,31,2,2024-05-15T09:06:40.243172,completed
4978,291,186,5,2024-05-15T09:06:40.243172,completed
4979,291,107,2,2024-05-15T09:06:40.243172,pending
4980,291,1,1,2024-05-15T09:06:40.243172,completed
4981,291,159,1,2024-05-15T09:06:40.243172,pending
4982,892,164,5,2024-03-12T08:41:32.964877,completed
4983,892,198,2,2024-03-12T08:41:32.964877,completed
4984,892,148,4,2024-03-12T08:41:32.964877,completed
4985,892,74,1,2024-03-12T08:41:32.964877,completed
4986,892,28,4,2024-03-12T08:41:32.964877,completed
4987,835,56,5,2025-12-11T23:34:04.733396,completed
4988,835,156,1,2025-12-11T23:34:04.733396,completed
4989,282,87,1,2025-09-26T03:58:36.157400,completed
4990,282,108,1,2025-09-26T03:58:36.157400,completed
4991,282,20,3,2025-09-26T03:58:36.157400,completed
4992,549,192,1,2025-08-14T21:57:42.441766,completed
4993,549,11,3,2025-08-14T21:57:42.441766,completed
4994,549,94,4,2025-08-14T21:57:42.441766,completed
4995,549,162,1,2025-08-14T21:57:42.441766,completed
4996,99,192,2,2024-01-09T17:14:24.106785,completed
4997,867,11,2,2025-11-13T06:44:02.702977,pending
4998,57,53,1,2024-01-25T17:56:48.853635,pending
4999,57,93,1,2024-01-25T17:56:48.853635,completed
5000,57,100,4,2024-01-25T17:56:48.853635,completed
5001,57,102,2,2024-01-25T17:56:48.853635,completed
5002,57,156,2,2024-01-25T17:56:48.853635,completed
5003,261,92,5,2025-09-29T16:43:56.507448,completed
5004,261,14,4,2025-09-29T16:43:56.507448,completed
5005,261,111,4,2025-09-29T16:43:56.507448,completed
5006,497,196,5,2025-04-27T16:04:58.619832,completed
5007,497,144,5,2025-04-27T16:04:58.619832,pending
5008,497,165,3,2025-04-27T16:04:58.619832,completed
5009,497,37,1,2025-04-27T16:04:58.619832,completed
5010,312,2,3,2024-07-21T09:02:38.400480,completed
5011,312,136,4,2024-07-21T09:02:38.400480,pending
5012,312,115,5,2024-07-21T09:02:38.400480,completed
5013,312,200,5,2024-07-21T09:02:38.400480,completed
5014,312,50,1,2024-07-21T09:02:38.400480,completed
5015,661,158,1,2025-10-21T14:30:43.335666,completed
5016,661,186,3,2025-10-21T14:30:43.335666,completed
5017,661,32,1,2025-10-21T14:30:43.335666,completed
5018,49,95,3,2024-03-22T08:27:40.867731,completed
5019,49,145,2,2024-03-22T08:27:40.867731,cancelled
5020,49,149,4,2024-03-22T08:27:40.867731,refunded
5021,49,182,5,2024-03-22T08:27:40.867731,pending
5022,49,17,4,2024-03-22T08:27:40.867731,completed
5023,724,160,4,2025-08-08T19:50:40.743294,pending
5024,724,161,3,2025-08-08T19:50:40.743294,pending
5025,724,108,5,2025-08-08T19:50:40.743294,completed
5026,724,197,4,2025-08-08T19:50:40.743294,completed
5027,724,147,5,2025-08-08T19:50:40.743294,completed
5028,549,149,5,2025-07-07T18:42:09.732263,completed
5029,549,99,3,2025-07-07T18:42:09.732263,completed
5030,549,164,3,2025-07-07T18:42:09.732263,completed
5031,513,146,2,2025-09-16T05:29:43.834473,pending
5032,513,159,1,2025-09-16T05:29:43.834473,completed
5033,513,50,2,2025-09-16T05:29:43.834473,completed
5034,145,104,4,2024-05-17T15:05:26.536813,completed
5035,145,145,1,2024-05-17T15:05:26.536813,refunded
5036,145,144,4,2024-05-17T15:05:26.536813,completed
5037,145,15,1,2024-05-17T15:05:26.536813,completed
5038,428,165,4,2025-12-15T04:54:44.913026,completed
5039,222,144,5,2024-05-24T04:27:14.891505,completed
5040,222,186,3,2024-05-24T04:27:14.891505,completed
5041,222,59,5,2024-05-24T04:27:14.891505,cancelled
5042,666,134,5,2025-09-01T05:00:09.276508,completed
5043,666,36,3,2025-09-01T05:00:09.276508,pending
5044,919,105,2,2025-04-27T12:40:58.037780,cancelled
5045,919,170,5,2025-04-27T12:40:58.037780,completed
5046,919,31,3,2025-04-27T12:40:58.037780,completed
5047,824,104,3,2024-09-24T06:40:47.619016,completed
5048,824,152,2,2024-09-24T06:40:47.619016,completed
5049,273,141,4,2025-11-11T17:00:40.144758,completed
5050,353,162,5,2024-12-27T03:11:05.151091,completed
5051,353,19,4,2024-12-27T03:11:05.151091,completed
5052,353,56,2,2024-12-27T03:11:05.151091,completed
5053,353,4,5,2024-12-27T03:11:05.151091,completed
5054,345,65,2,2025-11-05T12:08:10.478185,completed
5055,409,39,5,2025-05-08T22:55:26.113499,completed
5056,409,62,1,2025-05-08T22:55:26.113499,pending
5057,409,151,2,2025-05-08T22:55:26.113499,completed
5058,409,198,2,2025-05-08T22:55:26.113499,completed
5059,409,80,5,2025-05-08T22:55:26.113499,completed
5060,401,17,4,2025-03-07T01:42:31.611730,completed
5061,401,15,1,2025-03-07T01:42:31.611730,completed
5062,401,30,2,2025-03-07T01:42:31.611730,pending
5063,401,196,3,2025-03-07T01:42:31.611730,pending
5064,844,13,1,2024-12-19T06:50:06.842827,completed
5065,58,166,5,2025-06-13T13:12:19.901753,completed
5066,58,72,3,2025-06-13T13:12:19.901753,completed
5067,58,21,4,2025-06-13T13:12:19.901753,completed
5068,58,76,5,2025-06-13T13:12:19.901753,completed
5069,58,162,5,2025-06-13T13:12:19.901753,cancelled
5070,658,161,3,2024-02-21T14:49:10.308228,completed
5071,658,37,3,2024-02-21T14:49:10.308228,completed
5072,658,13,4,2024-02-21T14:49:10.308228,completed
5073,658,187,5,2024-02-21T14:49:10.308228,completed
5074,167,183,4,2024-05-20T01:02:12.354778,pending
5075,744,196,5,2023-12-27T07:43:10.379767,completed
5076,744,106,1,2023-12-27T07:43:10.379767,completed
5077,744,172,1,2023-12-27T07:43:10.379767,completed
5078,744,34,4,2023-12-27T07:43:10.379767,completed
5079,846,99,5,2024-08-22T01:44:27.430040,completed
5080,846,13,3,2024-08-22T01:44:27.430040,completed
5081,846,42,5,2024-08-22T01:44:27.430040,completed
5082,846,145,3,2024-08-22T01:44:27.430040,completed
5083,200,52,2,2025-04-28T14:41:14.966018,completed
5084,200,117,2,2025-04-28T14:41:14.966018,cancelled
5085,322,184,3,2025-03-08T01:09:30.724241,cancelled
5086,322,44,4,2025-03-08T01:09:30.724241,completed
5087,322,52,5,2025-03-08T01:09:30.724241,cancelled
5088,476,53,2,2024-07-16T21:26:30.387250,completed
5089,81,42,4,2024-11-02T14:34:53.587481,completed
5090,81,1,5,2024-11-02T14:34:53.587481,refunded
5091,81,98,3,2024-11-02T14:34:53.587481,completed
5092,81,29,4,2024-11-02T14:34:53.587481,completed
5093,81,57,3,2024-11-02T14:34:53.587481,completed
5094,195,115,5,2025-10-20T01:15:50.250432,completed
5095,195,20,3,2025-10-20T01:15:50.250432,completed
5096,744,149,1,2024-03-27T03:49:45.595742,completed
5097,744,83,4,2024-03-27T03:49:45.595742,completed
5098,45,111,3,2025-02-03T16:32:28.502900,completed
5099,55,116,3,2024-09-16T13:39:07.469180,pending
5100,55,53,4,2024-09-16T13:39:07.469180,completed
5101,111,119,4,2024-10-22T05:48:04.759240,completed
5102,111,190,2,2024-10-22T05:48:04.759240,cancelled
5103,77,42,1,2025-02-08T01:10:09.388325,pending
5104,916,138,3,2025-08-21T03:01:00.129325,completed
5105,916,47,4,2025-08-21T03:01:00.129325,completed
5106,916,27,5,2025-08-21T03:01:00.129325,completed
5107,916,161,4,2025-08-21T03:01:00.129325,completed
5108,916,50,5,2025-08-21T03:01:00.129325,completed
5109,777,60,5,2024-03-13T00:29:11.444408,completed
5110,777,139,3,2024-03-13T00:29:11.444408,completed
5111,777,63,3,2024-03-13T00:29:11.444408,completed
5112,777,30,4,2024-03-13T00:29:11.444408,cancelled
5113,24,180,4,2024-05-06T03:05:29.563791,completed
5114,24,151,1,2024-05-06T03:05:29.563791,completed
5115,24,140,1,2024-05-06T03:05:29.563791,completed
5116,24,185,4,2024-05-06T03:05:29.563791,completed
5117,415,200,1,2024-06-29T00:06:24.667449,completed
5118,415,38,2,2024-06-29T00:06:24.667449,completed
5119,415,4,2,2024-06-29T00:06:24.667449,completed
5120,415,94,3,2024-06-29T00:06:24.667449,completed
5121,415,196,2,2024-06-29T00:06:24.667449,completed
5122,403,4,5,2024-09-15T22:12:57.729170,refunded
5123,403,199,1,2024-09-15T22:12:57.729170,completed
5124,403,86,4,2024-09-15T22:12:57.729170,completed
5125,751,134,2,2025-09-14T09:27:08.913056,completed
5126,585,84,4,2025-10-14T07:02:15.203235,cancelled
5127,585,146,5,2025-10-14T07:02:15.203235,cancelled
5128,571,137,4,2025-10-30T16:17:56.658358,completed
5129,571,198,5,2025-10-30T16:17:56.658358,completed
5130,571,175,5,2025-10-30T16:17:56.658358,pending
5131,571,69,2,2025-10-30T16:17:56.658358,completed
5132,571,61,1,2025-10-30T16:17:56.658358,pending
5133,818,155,2,2024-09-19T07:01:22.664636,completed
5134,556,185,3,2025-08-14T11:56:55.161958,completed
5135,556,154,3,2025-08-14T11:56:55.161958,completed
5136,556,184,3,2025-08-14T11:56:55.161958,pending
5137,556,178,3,2025-08-14T11:56:55.161958,pending
5138,625,142,3,2025-11-27T20:55:37.095681,completed
5139,625,162,5,2025-11-27T20:55:37.095681,completed
5140,625,17,1,2025-11-27T20:55:37.095681,completed
5141,625,166,4,2025-11-27T20:55:37.095681,completed
5142,625,22,2,2025-11-27T20:55:37.095681,completed
5143,558,115,5,2025-09-19T20:08:00.947949,completed
5144,558,100,2,2025-09-19T20:08:00.947949,completed
5145,558,123,5,2025-09-19T20:08:00.947949,completed
5146,558,51,4,2025-09-19T20:08:00.947949,completed
5147,987,17,4,2024-02-15T12:27:15.314423,completed
5148,987,185,4,2024-02-15T12:27:15.314423,completed
5149,987,161,2,2024-02-15T12:27:15.314423,pending
5150,987,170,5,2024-02-15T12:27:15.314423,cancelled
5151,987,119,5,2024-02-15T12:27:15.314423,completed
5152,866,34,5,2025-10-07T14:11:22.932931,completed
5153,866,82,4,2025-10-07T14:11:22.932931,refunded
5154,40,82,2,2024-07-21T01:57:14.624608,completed
5155,40,175,2,2024-07-21T01:57:14.624608,completed
5156,40,135,3,2024-07-21T01:57:14.624608,pending
5157,40,1,3,2024-07-21T01:57:14.624608,completed
5158,40,103,4,2024-07-21T01:57:14.624608,completed
5159,635,176,1,2024-03-10T02:21:25.574947,completed
5160,635,117,1,2024-03-10T02:21:25.574947,completed
5161,635,146,5,2024-03-10T02:21:25.574947,completed
5162,765,96,2,2024-08-28T22:45:19.591185,cancelled
5163,765,69,4,2024-08-28T22:45:19.591185,completed
5164,765,65,4,2024-08-28T22:45:19.591185,completed
5165,362,76,2,2025-10-08T02:36:24.221734,completed
5166,362,48,5,2025-10-08T02:36:24.221734,pending
5167,362,164,4,2025-10-08T02:36:24.221734,pending
5168,362,64,2,2025-10-08T02:36:24.221734,pending
5169,362,163,2,2025-10-08T02:36:24.221734,completed
5170,924,27,1,2025-05-26T12:41:10.076874,completed
5171,924,88,3,2025-05-26T12:41:10.076874,completed
5172,924,104,3,2025-05-26T12:41:10.076874,completed
5173,924,43,4,2025-05-26T12:41:10.076874,completed
5174,924,67,3,2025-05-26T12:41:10.076874,completed
5175,992,44,2,2025-10-04T10:00:46.623283,completed
5176,992,104,5,2025-10-04T10:00:46.623283,completed
5177,992,151,3,2025-10-04T10:00:46.623283,completed
5178,992,57,5,2025-10-04T10:00:46.623283,completed
5179,992,178,4,2025-10-04T10:00:46.623283,completed
5180,27,133,3,2025-04-03T02:53:48.990491,completed
5181,27,68,3,2025-04-03T02:53:48.990491,completed
5182,27,99,3,2025-04-03T02:53:48.990491,pending
5183,27,144,2,2025-04-03T02:53:48.990491,completed
5184,314,31,1,2025-01-19T01:24:13.405476,cancelled
5185,314,173,5,2025-01-19T01:24:13.405476,completed
5186,314,132,1,2025-01-19T01:24:13.405476,completed
5187,314,148,3,2025-01-19T01:24:13.405476,completed
5188,314,20,3,2025-01-19T01:24:13.405476,completed
5189,89,54,1,2024-01-25T14:02:27.658855,completed
5190,89,101,4,2024-01-25T14:02:27.658855,completed
5191,89,79,3,2024-01-25T14:02:27.658855,completed
5192,222,94,2,2025-11-15T02:44:35.003571,pending
5193,222,159,4,2025-11-15T02:44:35.003571,completed
5194,974,25,1,2025-06-08T22:26:43.316889,completed
5195,974,61,5,2025-06-08T22:26:43.316889,completed
5196,974,110,2,2025-06-08T22:26:43.316889,completed
5197,974,115,1,2025-06-08T22:26:43.316889,completed
5198,974,82,1,2025-06-08T22:26:43.316889,completed
5199,363,117,5,2025-02-14T11:45:32.698019,completed
5200,363,99,1,2025-02-14T11:45:32.698019,completed
5201,537,144,2,2025-06-26T03:54:14.663378,completed
5202,537,16,1,2025-06-26T03:54:14.663378,completed
5203,537,155,2,2025-06-26T03:54:14.663378,completed
5204,537,188,5,2025-06-26T03:54:14.663378,completed
5205,878,103,3,2025-06-10T01:36:37.245167,completed
5206,878,42,4,2025-06-10T01:36:37.245167,completed
5207,878,36,3,2025-06-10T01:36:37.245167,pending
5208,598,107,3,2024-07-16T17:57:08.780798,completed
5209,598,194,2,2024-07-16T17:57:08.780798,completed
5210,598,116,3,2024-07-16T17:57:08.780798,completed
5211,598,138,3,2024-07-16T17:57:08.780798,completed
5212,598,114,3,2024-07-16T17:57:08.780798,completed
5213,433,82,3,2025-03-31T00:50:11.206561,completed
5214,433,183,2,2025-03-31T00:50:11.206561,completed
5215,433,158,5,2025-03-31T00:50:11.206561,cancelled
5216,991,178,4,2024-02-03T16:32:45.902571,refunded
5217,27,2,1,2024-02-03T19:47:03.889902,completed
5218,27,11,3,2024-02-03T19:47:03.889902,completed
5219,236,166,1,2024-06-14T17:10:41.988734,completed
5220,236,60,3,2024-06-14T17:10:41.988734,completed
5221,236,19,1,2024-06-14T17:10:41.988734,completed
5222,236,61,4,2024-06-14T17:10:41.988734,completed
5223,236,34,2,2024-06-14T17:10:41.988734,completed
5224,436,189,3,2024-08-31T13:41:58.104379,completed
5225,436,47,5,2024-08-31T13:41:58.104379,completed
5226,436,175,4,2024-08-31T13:41:58.104379,completed
5227,436,26,5,2024-08-31T13:41:58.104379,refunded
5228,436,73,4,2024-08-31T13:41:58.104379,completed
5229,987,109,4,2024-09-27T03:41:28.527616,completed
5230,987,115,3,2024-09-27T03:41:28.527616,completed
5231,154,34,3,2024-12-26T17:45:33.761096,pending
5232,757,95,2,2024-02-14T08:26:52.671132,cancelled
5233,757,74,1,2024-02-14T08:26:52.671132,completed
5234,825,182,1,2024-05-24T23:02:53.551738,completed
5235,825,140,2,2024-05-24T23:02:53.551738,pending
5236,130,156,1,2024-08-18T03:09:02.595844,completed
5237,130,37,5,2024-08-18T03:09:02.595844,completed
5238,387,24,5,2025-01-05T13:54:00.487436,completed
5239,269,41,4,2025-04-12T01:37:45.982908,completed
5240,269,53,5,2025-04-12T01:37:45.982908,completed
5241,269,184,4,2025-04-12T01:37:45.982908,completed
5242,269,142,1,2025-04-12T01:37:45.982908,completed
5243,182,90,4,2024-07-08T10:04:45.524205,completed
5244,182,123,3,2024-07-08T10:04:45.524205,completed
5245,273,35,1,2025-04-05T15:16:59.203524,completed
5246,273,98,5,2025-04-05T15:16:59.203524,completed
5247,273,40,4,2025-04-05T15:16:59.203524,completed
5248,273,147,5,2025-04-05T15:16:59.203524,completed
5249,105,14,4,2024-12-03T14:43:20.849377,cancelled
5250,105,141,4,2024-12-03T14:43:20.849377,completed
5251,105,47,4,2024-12-03T14:43:20.849377,completed
5252,105,184,2,2024-12-03T14:43:20.849377,completed
5253,735,145,5,2024-11-19T13:35:07.584224,cancelled
5254,735,168,1,2024-11-19T13:35:07.584224,completed
5255,177,148,5,2024-09-03T06:26:14.540152,completed
5256,177,146,4,2024-09-03T06:26:14.540152,pending
5257,979,188,4,2024-01-26T10:13:18.495142,completed
5258,674,20,5,2024-01-20T16:08:43.491937,completed
5259,674,164,2,2024-01-20T16:08:43.491937,completed
5260,674,78,3,2024-01-20T16:08:43.491937,completed
5261,674,61,2,2024-01-20T16:08:43.491937,completed
5262,674,142,5,2024-01-20T16:08:43.491937,completed
5263,570,69,4,2025-03-31T20:11:49.438911,completed
5264,570,107,4,2025-03-31T20:11:49.438911,completed
5265,570,32,4,2025-03-31T20:11:49.438911,completed
5266,828,75,3,2024-03-05T06:23:00.890513,completed
5267,828,64,3,2024-03-05T06:23:00.890513,completed
5268,828,6,4,2024-03-05T06:23:00.890513,completed
5269,828,147,1,2024-03-05T06:23:00.890513,completed
5270,458,150,2,2024-10-10T13:27:40.704744,completed
5271,458,113,2,2024-10-10T13:27:40.704744,completed
5272,458,1,2,2024-10-10T13:27:40.704744,completed
5273,458,48,5,2024-10-10T13:27:40.704744,completed
5274,458,147,5,2024-10-10T13:27:40.704744,cancelled
5275,737,55,4,2025-10-31T07:31:26.949682,completed
5276,838,36,5,2024-09-24T13:49:27.080536,completed
5277,838,149,2,2024-09-24T13:49:27.080536,completed
5278,838,143,1,2024-09-24T13:49:27.080536,completed
5279,374,187,2,2024-11-11T17:56:56.852239,completed
5280,374,186,1,2024-11-11T17:56:56.852239,completed
5281,374,14,5,2024-11-11T17:56:56.852239,completed
5282,374,141,4,2024-11-11T17:56:56.852239,completed
5283,519,113,3,2024-12-10T17:35:33.221642,completed
5284,519,90,3,2024-12-10T17:35:33.221642,completed
5285,519,176,5,2024-12-10T17:35:33.221642,completed
5286,519,54,1,2024-12-10T17:35:33.221642,completed
5287,519,178,1,2024-12-10T17:35:33.221642,completed
5288,285,61,1,2025-08-07T18:09:37.705447,pending
5289,285,100,5,2025-08-07T18:09:37.705447,completed
5290,285,166,4,2025-08-07T18:09:37.705447,completed
5291,856,54,5,2025-01-24T22:01:57.594152,pending
5292,856,187,1,2025-01-24T22:01:57.594152,completed
5293,153,43,3,2024-01-16T07:27:47.082428,completed
5294,153,200,1,2024-01-16T07:27:47.082428,completed
5295,153,187,4,2024-01-16T07:27:47.082428,completed
5296,153,151,5,2024-01-16T07:27:47.082428,completed
5297,153,192,5,2024-01-16T07:27:47.082428,pending
5298,934,148,4,2025-11-22T17:12:38.275678,refunded
5299,85,176,4,2025-03-09T05:21:48.918956,completed
5300,85,152,1,2025-03-09T05:21:48.918956,completed
5301,50,188,1,2024-04-12T00:02:04.170166,completed
5302,50,39,1,2024-04-12T00:02:04.170166,pending
5303,947,105,2,2024-11-22T20:37:15.790054,completed
5304,947,120,5,2024-11-22T20:37:15.790054,completed
5305,947,193,1,2024-11-22T20:37:15.790054,completed
5306,947,170,4,2024-11-22T20:37:15.790054,completed
5307,133,11,5,2025-10-17T01:39:52.601328,completed
5308,133,31,4,2025-10-17T01:39:52.601328,completed
5309,352,195,2,2024-03-04T23:20:20.564701,completed
5310,352,113,5,2024-03-04T23:20:20.564701,completed
5311,352,64,4,2024-03-04T23:20:20.564701,completed
5312,352,51,5,2024-03-04T23:20:20.564701,completed
5313,352,160,2,2024-03-04T23:20:20.564701,completed
5314,898,199,2,2025-10-06T12:31:08.365110,completed
5315,898,134,3,2025-10-06T12:31:08.365110,completed
5316,898,27,1,2025-10-06T12:31:08.365110,completed
5317,809,175,3,2025-01-08T23:51:10.191486,pending
5318,809,102,5,2025-01-08T23:51:10.191486,completed
5319,809,161,2,2025-01-08T23:51:10.191486,completed
5320,809,135,3,2025-01-08T23:51:10.191486,completed
5321,809,36,1,2025-01-08T23:51:10.191486,pending
5322,606,180,3,2025-02-01T02:32:14.380699,completed
5323,606,94,1,2025-02-01T02:32:14.380699,pending
5324,754,55,5,2025-05-17T16:21:43.954076,completed
5325,132,128,4,2024-12-08T07:17:34.033042,completed
5326,132,5,3,2024-12-08T07:17:34.033042,completed
5327,132,199,3,2024-12-08T07:17:34.033042,completed
5328,132,25,5,2024-12-08T07:17:34.033042,completed
5329,132,59,3,2024-12-08T07:17:34.033042,completed
5330,134,7,1,2024-03-05T01:29:57.746552,pending
5331,134,67,2,2024-03-05T01:29:57.746552,completed
5332,494,109,1,2024-02-27T04:19:10.185978,completed
5333,166,60,1,2024-09-13T03:59:23.870692,completed
5334,166,143,5,2024-09-13T03:59:23.870692,completed
5335,166,127,1,2024-09-13T03:59:23.870692,completed
5336,166,72,5,2024-09-13T03:59:23.870692,completed
5337,234,33,5,2025-10-28T17:13:08.665748,completed
5338,234,73,1,2025-10-28T17:13:08.665748,completed
5339,268,176,1,2024-10-25T21:13:35.605189,completed
5340,268,162,3,2024-10-25T21:13:35.605189,completed
5341,61,5,5,2025-07-26T11:28:48.209421,completed
5342,927,128,4,2025-12-04T04:26:41.775181,completed
5343,927,145,3,2025-12-04T04:26:41.775181,completed
5344,927,197,3,2025-12-04T04:26:41.775181,completed
5345,927,164,3,2025-12-04T04:26:41.775181,completed
5346,436,64,4,2024-03-12T08:40:30.432401,pending
5347,436,65,2,2024-03-12T08:40:30.432401,pending
5348,258,112,5,2025-02-08T09:46:36.199412,completed
5349,258,1,1,2025-02-08T09:46:36.199412,completed
5350,258,29,5,2025-02-08T09:46:36.199412,completed
5351,258,12,2,2025-02-08T09:46:36.199412,completed
5352,934,142,4,2024-11-28T06:56:06.533640,completed
5353,934,59,1,2024-11-28T06:56:06.533640,completed
5354,934,26,4,2024-11-28T06:56:06.533640,completed
5355,934,116,5,2024-11-28T06:56:06.533640,completed
5356,100,115,5,2025-08-19T10:00:42.232156,completed
5357,100,28,1,2025-08-19T10:00:42.232156,refunded
5358,100,38,1,2025-08-19T10:00:42.232156,completed
5359,201,11,1,2024-11-05T07:00:23.055588,completed
5360,201,105,2,2024-11-05T07:00:23.055588,completed
5361,201,116,1,2024-11-05T07:00:23.055588,pending
5362,201,27,3,2024-11-05T07:00:23.055588,completed
5363,201,64,5,2024-11-05T07:00:23.055588,cancelled
5364,504,52,1,2025-02-15T23:58:07.639983,completed
5365,504,103,1,2025-02-15T23:58:07.639983,completed
5366,504,45,4,2025-02-15T23:58:07.639983,completed
5367,545,174,4,2025-05-24T15:18:26.224332,completed
5368,545,91,4,2025-05-24T15:18:26.224332,completed
5369,545,115,1,2025-05-24T15:18:26.224332,completed
5370,545,110,3,2025-05-24T15:18:26.224332,completed
5371,545,181,2,2025-05-24T15:18:26.224332,completed
5372,161,66,1,2024-05-16T11:28:04.438548,completed
5373,161,112,1,2024-05-16T11:28:04.438548,completed
5374,161,101,2,2024-05-16T11:28:04.438548,completed
5375,161,39,4,2024-05-16T11:28:04.438548,completed
5376,59,104,1,2024-05-14T11:06:31.144917,completed
5377,59,107,3,2024-05-14T11:06:31.144917,completed
5378,59,109,1,2024-05-14T11:06:31.144917,completed
5379,815,13,4,2024-10-18T05:40:14.589420,completed
5380,683,32,3,2024-12-03T00:19:18.503609,completed
5381,683,65,5,2024-12-03T00:19:18.503609,completed
5382,683,10,5,2024-12-03T00:19:18.503609,completed
5383,683,6,5,2024-12-03T00:19:18.503609,completed
5384,879,147,2,2024-01-20T09:30:43.744429,completed
5385,879,1,1,2024-01-20T09:30:43.744429,completed
5386,879,81,2,2024-01-20T09:30:43.744429,completed
5387,626,129,5,2024-08-11T07:39:59.588696,pending
5388,626,10,4,2024-08-11T07:39:59.588696,completed
5389,626,151,5,2024-08-11T07:39:59.588696,refunded
5390,626,77,2,2024-08-11T07:39:59.588696,completed
5391,626,166,2,2024-08-11T07:39:59.588696,completed
5392,450,107,4,2024-01-10T11:04:26.063910,completed
5393,768,27,1,2025-11-28T06:05:56.829286,completed
5394,768,106,4,2025-11-28T06:05:56.829286,completed
5395,768,98,1,2025-11-28T06:05:56.829286,completed
5396,585,64,3,2025-01-15T17:02:44.476823,completed
5397,585,60,2,2025-01-15T17:02:44.476823,completed
5398,585,45,5,2025-01-15T17:02:44.476823,completed
5399,610,150,5,2024-09-19T19:42:27.901259,completed
5400,610,146,1,2024-09-19T19:42:27.901259,completed
5401,610,30,3,2024-09-19T19:42:27.901259,completed
5402,442,7,4,2024-06-24T15:29:11.744241,completed
5403,442,55,4,2024-06-24T15:29:11.744241,pending
5404,554,28,4,2025-04-04T02:25:28.816098,completed
5405,554,23,2,2025-04-04T02:25:28.816098,completed
5406,676,162,3,2024-02-07T20:52:27.021271,completed
5407,954,22,5,2024-08-30T23:47:21.224390,completed
5408,954,61,5,2024-08-30T23:47:21.224390,completed
5409,954,95,5,2024-08-30T23:47:21.224390,completed
5410,954,176,2,2024-08-30T23:47:21.224390,pending
5411,954,180,1,2024-08-30T23:47:21.224390,refunded
5412,986,188,5,2024-08-15T22:08:27.515801,completed
5413,602,170,1,2025-05-19T08:46:22.897086,refunded
5414,602,131,4,2025-05-19T08:46:22.897086,pending
5415,602,8,3,2025-05-19T08:46:22.897086,completed
5416,165,116,3,2025-01-22T08:58:43.209267,completed
5417,756,147,5,2024-06-18T07:29:38.025595,completed
5418,756,113,1,2024-06-18T07:29:38.025595,completed
5419,64,67,5,2025-11-15T06:11:29.465080,completed
5420,486,122,2,2025-12-11T05:08:55.958310,pending
5421,486,171,4,2025-12-11T05:08:55.958310,completed
5422,486,24,3,2025-12-11T05:08:55.958310,completed
5423,94,41,5,2025-02-15T12:44:52.321692,pending
5424,691,70,5,2025-02-26T07:35:35.631792,cancelled
5425,691,43,2,2025-02-26T07:35:35.631792,completed
5426,691,154,4,2025-02-26T07:35:35.631792,completed
5427,691,172,4,2025-02-26T07:35:35.631792,completed
5428,691,109,1,2025-02-26T07:35:35.631792,completed
5429,603,59,3,2025-06-28T21:41:25.501447,cancelled
5430,603,183,1,2025-06-28T21:41:25.501447,completed
5431,603,31,4,2025-06-28T21:41:25.501447,completed
5432,438,127,5,2024-04-18T02:00:53.298393,completed
5433,182,73,5,2024-04-15T06:07:50.951122,completed
5434,182,173,4,2024-04-15T06:07:50.951122,completed
5435,182,177,4,2024-04-15T06:07:50.951122,completed
5436,182,142,4,2024-04-15T06:07:50.951122,completed
5437,656,155,4,2024-10-08T06:28:47.893059,completed
5438,290,97,3,2024-04-02T16:39:25.929586,cancelled
5439,290,99,4,2024-04-02T16:39:25.929586,completed
5440,290,140,4,2024-04-02T16:39:25.929586,completed
5441,290,64,2,2024-04-02T16:39:25.929586,completed
5442,290,185,1,2024-04-02T16:39:25.929586,completed
5443,347,99,2,2024-11-26T21:39:22.269920,completed
5444,956,149,4,2025-07-10T08:47:53.673398,completed
5445,956,195,5,2025-07-10T08:47:53.673398,completed
5446,956,63,5,2025-07-10T08:47:53.673398,cancelled
5447,984,69,4,2024-12-07T00:31:29.300041,completed
5448,984,137,5,2024-12-07T00:31:29.300041,completed
5449,43,36,2,2025-02-01T16:37:27.208944,refunded
5450,43,67,5,2025-02-01T16:37:27.208944,completed
5451,43,102,5,2025-02-01T16:37:27.208944,completed
5452,43,123,1,2025-02-01T16:37:27.208944,completed
5453,65,77,1,2024-02-07T13:11:42.595494,completed
5454,850,151,2,2024-08-18T04:31:14.553036,completed
5455,774,164,1,2025-08-06T20:06:32.581198,completed
5456,774,42,4,2025-08-06T20:06:32.581198,completed
5457,774,53,1,2025-08-06T20:06:32.581198,completed
5458,774,183,2,2025-08-06T20:06:32.581198,completed
5459,774,105,3,2025-08-06T20:06:32.581198,completed
5460,524,103,3,2025-10-29T14:02:18.022296,completed
5461,718,43,3,2024-10-28T09:57:03.911862,cancelled
5462,286,127,1,2024-12-09T03:21:31.499033,completed
5463,286,38,4,2024-12-09T03:21:31.499033,completed
5464,286,68,1,2024-12-09T03:21:31.499033,pending
5465,714,71,4,2025-09-15T17:44:00.695095,completed
5466,714,8,1,2025-09-15T17:44:00.695095,completed
5467,714,146,4,2025-09-15T17:44:00.695095,pending
5468,954,198,5,2023-12-24T02:06:52.358782,completed
5469,265,138,1,2025-09-20T02:18:48.929444,completed
5470,265,147,1,2025-09-20T02:18:48.929444,pending
5471,265,193,4,2025-09-20T02:18:48.929444,pending
5472,265,140,2,2025-09-20T02:18:48.929444,completed
5473,265,162,1,2025-09-20T02:18:48.929444,completed
5474,424,27,4,2024-05-16T18:59:28.082427,completed
5475,424,58,3,2024-05-16T18:59:28.082427,completed
5476,424,84,5,2024-05-16T18:59:28.082427,completed
5477,424,160,5,2024-05-16T18:59:28.082427,pending
5478,424,48,2,2024-05-16T18:59:28.082427,completed
5479,596,179,3,2024-04-09T16:56:09.446091,cancelled
5480,596,159,4,2024-04-09T16:56:09.446091,completed
5481,596,141,1,2024-04-09T16:56:09.446091,completed
5482,596,113,5,2024-04-09T16:56:09.446091,completed
5483,322,29,1,2024-12-31T11:08:24.550808,completed
5484,740,174,4,2024-05-18T08:03:59.747644,refunded
5485,740,47,2,2024-05-18T08:03:59.747644,completed
5486,740,15,4,2024-05-18T08:03:59.747644,pending
5487,740,176,1,2024-05-18T08:03:59.747644,completed
5488,740,200,1,2024-05-18T08:03:59.747644,completed
5489,433,59,5,2025-10-09T01:44:46.431300,completed
5490,790,102,4,2024-11-22T10:44:13.986763,refunded
5491,790,54,2,2024-11-22T10:44:13.986763,completed
5492,790,108,5,2024-11-22T10:44:13.986763,completed
5493,790,81,3,2024-11-22T10:44:13.986763,completed
5494,790,64,4,2024-11-22T10:44:13.986763,completed
5495,51,153,5,2024-12-04T20:08:27.651729,completed
5496,140,136,2,2024-09-26T15:11:01.713728,completed
5497,140,149,4,2024-09-26T15:11:01.713728,refunded
5498,140,65,3,2024-09-26T15:11:01.713728,completed
5499,759,158,1,2025-02-25T18:37:09.268293,completed
5500,759,112,4,2025-02-25T18:37:09.268293,completed
5501,759,111,1,2025-02-25T18:37:09.268293,pending
5502,759,128,3,2025-02-25T18:37:09.268293,completed
5503,759,106,3,2025-02-25T18:37:09.268293,completed
5504,454,138,4,2025-08-04T10:52:13.331140,completed
5505,454,8,3,2025-08-04T10:52:13.331140,completed
5506,454,147,2,2025-08-04T10:52:13.331140,completed
5507,519,8,3,2024-05-31T02:20:33.227008,completed
5508,519,109,4,2024-05-31T02:20:33.227008,completed
5509,519,34,2,2024-05-31T02:20:33.227008,completed
5510,519,63,3,2024-05-31T02:20:33.227008,completed
5511,519,95,1,2024-05-31T02:20:33.227008,completed
5512,648,155,2,2024-08-08T06:10:41.043219,cancelled
5513,648,156,1,2024-08-08T06:10:41.043219,completed
5514,648,89,4,2024-08-08T06:10:41.043219,completed
5515,192,45,2,2025-03-30T23:19:41.579947,completed
5516,987,110,4,2025-08-04T08:53:27.478195,completed
5517,987,123,2,2025-08-04T08:53:27.478195,completed
5518,987,178,5,2025-08-04T08:53:27.478195,completed
5519,987,169,1,2025-08-04T08:53:27.478195,completed
5520,182,182,3,2025-05-22T16:12:37.743804,cancelled
5521,182,26,5,2025-05-22T16:12:37.743804,pending
5522,182,24,3,2025-05-22T16:12:37.743804,completed
5523,530,16,1,2024-04-19T04:31:23.610878,completed
5524,530,2,5,2024-04-19T04:31:23.610878,completed
5525,530,195,4,2024-04-19T04:31:23.610878,completed
5526,530,138,4,2024-04-19T04:31:23.610878,refunded
5527,131,21,5,2024-03-21T19:52:09.320327,completed
5528,131,45,3,2024-03-21T19:52:09.320327,completed
5529,805,70,4,2025-01-02T05:34:32.599657,completed
5530,736,68,1,2025-11-09T01:44:35.046337,completed
5531,736,43,1,2025-11-09T01:44:35.046337,cancelled
5532,736,164,1,2025-11-09T01:44:35.046337,completed
5533,736,109,3,2025-11-09T01:44:35.046337,completed
5534,778,88,5,2024-10-27T11:22:20.809694,completed
5535,778,59,5,2024-10-27T11:22:20.809694,completed
5536,778,111,5,2024-10-27T11:22:20.809694,completed
5537,778,89,2,2024-10-27T11:22:20.809694,completed
5538,272,45,5,2025-11-27T06:09:19.191817,completed
5539,272,80,2,2025-11-27T06:09:19.191817,completed
5540,272,33,3,2025-11-27T06:09:19.191817,completed
5541,272,32,3,2025-11-27T06:09:19.191817,completed
5542,272,172,4,2025-11-27T06:09:19.191817,completed
5543,669,74,3,2023-12-24T04:10:41.549136,completed
5544,669,167,2,2023-12-24T04:10:41.549136,pending
5545,669,120,1,2023-12-24T04:10:41.549136,completed
5546,968,40,4,2025-01-21T14:19:41.177582,completed
5547,968,183,5,2025-01-21T14:19:41.177582,completed
5548,755,175,4,2025-08-09T14:44:15.541960,completed
5549,755,159,4,2025-08-09T14:44:15.541960,completed
5550,755,188,2,2025-08-09T14:44:15.541960,completed
5551,755,22,2,2025-08-09T14:44:15.541960,completed
5552,32,143,4,2025-11-07T14:29:18.775805,completed
5553,32,138,1,2025-11-07T14:29:18.775805,pending
5554,363,168,5,2023-12-26T12:54:29.767964,completed
5555,868,156,4,2025-10-20T03:18:08.204446,cancelled
5556,847,66,3,2025-10-25T19:21:02.072750,completed
5557,200,99,5,2024-03-21T07:14:29.646044,refunded
5558,236,185,2,2025-05-31T09:32:07.948334,completed
5559,236,140,2,2025-05-31T09:32:07.948334,completed
5560,236,129,2,2025-05-31T09:32:07.948334,pending
5561,13,180,1,2023-12-26T18:29:43.520736,completed
5562,733,113,5,2024-11-18T13:00:53.861172,cancelled
5563,733,122,4,2024-11-18T13:00:53.861172,completed
5564,733,130,2,2024-11-18T13:00:53.861172,completed
5565,733,74,3,2024-11-18T13:00:53.861172,cancelled
5566,979,67,1,2025-08-17T06:14:20.996718,pending
5567,979,68,2,2025-08-17T06:14:20.996718,pending
5568,979,110,3,2025-08-17T06:14:20.996718,completed
5569,487,159,1,2025-01-29T18:42:19.453928,completed
5570,487,56,3,2025-01-29T18:42:19.453928,completed
5571,487,116,5,2025-01-29T18:42:19.453928,completed
5572,487,181,5,2025-01-29T18:42:19.453928,completed
5573,487,142,5,2025-01-29T18:42:19.453928,completed
5574,262,189,4,2025-05-26T06:11:20.338739,refunded
5575,262,99,5,2025-05-26T06:11:20.338739,completed
5576,262,160,2,2025-05-26T06:11:20.338739,pending
5577,262,146,5,2025-05-26T06:11:20.338739,completed
5578,262,149,3,2025-05-26T06:11:20.338739,completed
5579,720,123,3,2024-04-20T21:02:00.722299,pending
5580,720,27,2,2024-04-20T21:02:00.722299,completed
5581,239,23,5,2024-12-08T08:07:25.221945,completed
5582,987,182,2,2024-12-02T00:13:23.801014,cancelled
5583,987,65,5,2024-12-02T00:13:23.801014,completed
5584,987,45,5,2024-12-02T00:13:23.801014,completed
5585,987,69,5,2024-12-02T00:13:23.801014,completed
5586,582,39,1,2024-11-17T22:59:58.979546,refunded
5587,676,128,2,2025-06-18T12:56:01.762204,refunded
5588,676,8,5,2025-06-18T12:56:01.762204,pending
5589,676,101,1,2025-06-18T12:56:01.762204,completed
5590,676,41,5,2025-06-18T12:56:01.762204,cancelled
5591,676,146,2,2025-06-18T12:56:01.762204,completed
5592,46,4,2,2025-06-24T22:44:10.156952,completed
5593,911,5,1,2024-03-18T05:45:57.083625,completed
5594,396,112,1,2025-06-28T01:53:41.366394,completed
5595,396,98,5,2025-06-28T01:53:41.366394,completed
5596,396,30,5,2025-06-28T01:53:41.366394,cancelled
5597,396,12,4,2025-06-28T01:53:41.366394,completed
5598,125,141,1,2024-07-21T14:30:17.689574,pending
5599,194,99,1,2024-08-09T23:58:00.516788,cancelled
5600,194,24,2,2024-08-09T23:58:00.516788,pending
5601,194,74,3,2024-08-09T23:58:00.516788,cancelled
5602,666,165,5,2025-05-10T09:13:09.850177,completed
5603,666,22,1,2025-05-10T09:13:09.850177,completed
5604,283,193,2,2024-12-06T02:40:27.157714,completed
5605,283,197,3,2024-12-06T02:40:27.157714,completed
5606,283,141,5,2024-12-06T02:40:27.157714,completed
5607,283,165,1,2024-12-06T02:40:27.157714,completed
5608,204,118,4,2024-12-23T01:48:21.429802,cancelled
5609,4,72,5,2024-09-30T18:53:24.745405,completed
5610,4,85,1,2024-09-30T18:53:24.745405,completed
5611,4,191,1,2024-09-30T18:53:24.745405,completed
5612,996,109,1,2023-12-21T17:56:52.108050,cancelled
5613,996,69,4,2023-12-21T17:56:52.108050,cancelled
5614,996,24,3,2023-12-21T17:56:52.108050,pending
5615,996,19,1,2023-12-21T17:56:52.108050,completed
5616,914,73,4,2025-03-05T02:08:51.510997,completed
5617,914,1,1,2025-03-05T02:08:51.510997,completed
5618,838,69,5,2023-12-27T05:50:41.417526,completed
5619,838,198,3,2023-12-27T05:50:41.417526,completed
5620,838,159,2,2023-12-27T05:50:41.417526,completed
5621,838,121,5,2023-12-27T05:50:41.417526,completed
5622,838,11,5,2023-12-27T05:50:41.417526,completed
5623,548,145,5,2025-10-13T18:49:20.760425,completed
5624,548,160,1,2025-10-13T18:49:20.760425,completed
5625,548,104,5,2025-10-13T18:49:20.760425,completed
5626,548,41,5,2025-10-13T18:49:20.760425,completed
5627,548,100,5,2025-10-13T18:49:20.760425,completed
5628,542,158,3,2024-04-05T21:48:22.343297,pending
5629,542,19,4,2024-04-05T21:48:22.343297,completed
5630,542,94,4,2024-04-05T21:48:22.343297,pending
5631,542,8,5,2024-04-05T21:48:22.343297,completed
5632,387,178,5,2024-01-25T01:06:34.506741,completed
5633,23,34,4,2024-04-02T08:24:47.528796,pending
5634,783,117,5,2025-09-07T08:52:01.235131,completed
5635,783,162,2,2025-09-07T08:52:01.235131,completed
5636,783,134,3,2025-09-07T08:52:01.235131,refunded
5637,567,195,5,2024-04-01T19:22:27.313005,completed
5638,143,119,3,2024-07-23T14:04:59.010252,completed
5639,322,118,4,2024-07-19T23:32:58.210052,completed
5640,724,172,2,2024-05-27T04:09:32.734124,completed
5641,395,48,5,2025-04-29T01:46:08.843663,completed
5642,395,20,1,2025-04-29T01:46:08.843663,completed
5643,395,25,5,2025-04-29T01:46:08.843663,completed
5644,395,139,2,2025-04-29T01:46:08.843663,completed
5645,395,173,2,2025-04-29T01:46:08.843663,completed
5646,618,86,4,2024-01-27T19:21:47.242727,completed
5647,618,132,3,2024-01-27T19:21:47.242727,completed
5648,618,151,3,2024-01-27T19:21:47.242727,completed
5649,618,20,2,2024-01-27T19:21:47.242727,completed
5650,567,175,4,2025-06-12T16:02:55.492292,pending
5651,567,76,1,2025-06-12T16:02:55.492292,completed
5652,567,96,5,2025-06-12T16:02:55.492292,completed
5653,866,37,5,2024-12-08T01:57:24.184117,completed
5654,866,33,1,2024-12-08T01:57:24.184117,completed
5655,866,94,4,2024-12-08T01:57:24.184117,completed
5656,866,128,3,2024-12-08T01:57:24.184117,completed
5657,866,1,1,2024-12-08T01:57:24.184117,completed
5658,217,72,2,2025-08-12T03:30:28.398894,completed
5659,217,121,5,2025-08-12T03:30:28.398894,completed
5660,909,2,4,2025-04-17T16:21:31.183359,completed
5661,909,15,5,2025-04-17T16:21:31.183359,completed
5662,909,23,3,2025-04-17T16:21:31.183359,completed
5663,247,35,4,2025-12-09T19:15:20.260863,completed
5664,965,198,1,2024-02-27T13:33:21.067604,completed
5665,965,96,5,2024-02-27T13:33:21.067604,completed
5666,965,2,1,2024-02-27T13:33:21.067604,completed
5667,965,124,5,2024-02-27T13:33:21.067604,completed
5668,965,17,1,2024-02-27T13:33:21.067604,completed
5669,865,28,2,2025-03-17T03:29:43.709651,completed
5670,865,169,1,2025-03-17T03:29:43.709651,completed
5671,865,23,2,2025-03-17T03:29:43.709651,cancelled
5672,865,81,4,2025-03-17T03:29:43.709651,completed
5673,584,52,1,2025-10-28T18:33:47.068376,completed
5674,584,12,4,2025-10-28T18:33:47.068376,completed
5675,697,2,4,2025-05-23T21:54:07.518399,completed
5676,718,130,5,2024-10-28T00:04:00.226780,completed
5677,576,179,2,2024-03-17T19:55:47.108085,completed
5678,576,76,5,2024-03-17T19:55:47.108085,completed
5679,576,59,5,2024-03-17T19:55:47.108085,completed
5680,219,89,3,2025-02-16T08:24:25.966441,cancelled
5681,219,34,1,2025-02-16T08:24:25.966441,completed
5682,219,153,1,2025-02-16T08:24:25.966441,cancelled
5683,219,66,5,2025-02-16T08:24:25.966441,cancelled
5684,486,80,1,2025-03-25T19:18:03.639086,completed
5685,486,138,1,2025-03-25T19:18:03.639086,completed
5686,341,40,3,2024-03-09T02:01:23.185882,completed
5687,680,104,4,2024-09-12T09:35:54.354376,pending
5688,680,57,2,2024-09-12T09:35:54.354376,refunded
5689,680,176,3,2024-09-12T09:35:54.354376,completed
5690,680,47,5,2024-09-12T09:35:54.354376,completed
5691,680,18,2,2024-09-12T09:35:54.354376,completed
5692,941,108,1,2025-03-10T11:26:18.615360,completed
5693,941,136,3,2025-03-10T11:26:18.615360,refunded
5694,446,191,4,2024-09-01T12:25:16.545401,completed
5695,603,57,5,2024-10-07T05:36:23.371578,completed
5696,603,184,3,2024-10-07T05:36:23.371578,cancelled
5697,603,65,3,2024-10-07T05:36:23.371578,pending
5698,603,77,4,2024-10-07T05:36:23.371578,cancelled
5699,603,139,3,2024-10-07T05:36:23.371578,completed
5700,142,13,4,2025-07-05T04:07:20.396311,cancelled
5701,142,85,1,2025-07-05T04:07:20.396311,completed
5702,142,86,4,2025-07-05T04:07:20.396311,completed
5703,142,14,3,2025-07-05T04:07:20.396311,completed
5704,142,115,4,2025-07-05T04:07:20.396311,completed
5705,579,187,5,2024-10-13T01:08:03.743698,completed
5706,579,3,3,2024-10-13T01:08:03.743698,cancelled
5707,333,11,4,2024-01-19T16:06:43.615417,completed
5708,317,171,5,2025-03-10T02:25:44.498341,completed
5709,240,22,1,2025-05-01T14:16:09.689662,completed
5710,520,25,2,2025-01-06T17:30:12.370559,completed
5711,520,154,3,2025-01-06T17:30:12.370559,completed
5712,520,176,4,2025-01-06T17:30:12.370559,completed
5713,520,5,1,2025-01-06T17:30:12.370559,completed
5714,182,163,4,2024-06-09T06:21:55.977952,completed
5715,182,7,3,2024-06-09T06:21:55.977952,cancelled
5716,323,179,2,2024-07-18T00:17:46.744347,refunded
5717,323,22,1,2024-07-18T00:17:46.744347,completed
5718,323,175,2,2024-07-18T00:17:46.744347,completed
5719,322,92,1,2024-07-02T06:21:18.749149,completed
5720,322,16,1,2024-07-02T06:21:18.749149,completed
5721,322,3,2,2024-07-02T06:21:18.749149,cancelled
5722,322,41,3,2024-07-02T06:21:18.749149,cancelled
5723,322,107,5,2024-07-02T06:21:18.749149,completed
5724,649,87,4,2024-01-02T16:54:57.178880,completed
5725,649,9,4,2024-01-02T16:54:57.178880,completed
5726,649,113,2,2024-01-02T16:54:57.178880,completed
5727,649,73,5,2024-01-02T16:54:57.178880,completed
5728,649,12,3,2024-01-02T16:54:57.178880,completed
5729,605,165,1,2025-05-25T01:42:20.381444,completed
5730,605,8,4,2025-05-25T01:42:20.381444,completed
5731,605,60,5,2025-05-25T01:42:20.381444,completed
5732,312,53,5,2024-04-10T05:27:27.002317,completed
5733,285,33,4,2025-11-03T19:11:19.254297,completed
5734,285,9,5,2025-11-03T19:11:19.254297,completed
5735,285,55,3,2025-11-03T19:11:19.254297,completed
5736,556,161,2,2025-08-25T06:38:28.072136,refunded
5737,556,158,3,2025-08-25T06:38:28.072136,pending
5738,556,25,5,2025-08-25T06:38:28.072136,pending
5739,983,92,3,2025-11-10T05:35:38.309815,completed
5740,983,89,3,2025-11-10T05:35:38.309815,completed
5741,983,195,3,2025-11-10T05:35:38.309815,completed
5742,983,193,1,2025-11-10T05:35:38.309815,completed
5743,983,63,4,2025-11-10T05:35:38.309815,completed
5744,592,165,1,2025-12-10T12:02:58.556916,completed
5745,439,16,4,2024-09-23T10:16:36.278357,completed
5746,439,19,1,2024-09-23T10:16:36.278357,completed
5747,439,140,2,2024-09-23T10:16:36.278357,refunded
5748,439,100,5,2024-09-23T10:16:36.278357,completed
5749,439,184,2,2024-09-23T10:16:36.278357,completed
5750,980,170,5,2025-05-24T12:29:48.638681,pending
5751,980,50,3,2025-05-24T12:29:48.638681,completed
5752,987,58,4,2024-05-12T07:44:56.680640,completed
5753,987,6,4,2024-05-12T07:44:56.680640,completed
5754,987,1,2,2024-05-12T07:44:56.680640,completed
5755,9,42,3,2024-11-20T03:48:47.749051,pending
5756,9,163,1,2024-11-20T03:48:47.749051,completed
5757,389,66,2,2024-05-15T06:07:19.901915,completed
5758,389,34,4,2024-05-15T06:07:19.901915,completed
5759,389,101,2,2024-05-15T06:07:19.901915,completed
5760,643,170,2,2025-05-11T07:22:13.886857,completed
5761,643,147,2,2025-05-11T07:22:13.886857,completed
5762,877,18,1,2024-03-22T20:27:06.967190,completed
5763,33,11,3,2024-02-23T09:45:47.960467,completed
5764,33,165,5,2024-02-23T09:45:47.960467,completed
5765,33,108,4,2024-02-23T09:45:47.960467,completed
5766,33,174,2,2024-02-23T09:45:47.960467,completed
5767,33,12,1,2024-02-23T09:45:47.960467,completed
5768,403,57,3,2024-02-14T10:02:36.119291,pending
5769,403,35,3,2024-02-14T10:02:36.119291,cancelled
5770,403,158,4,2024-02-14T10:02:36.119291,completed
5771,403,2,5,2024-02-14T10:02:36.119291,completed
5772,557,83,2,2024-06-26T16:23:14.799966,completed
5773,557,145,5,2024-06-26T16:23:14.799966,completed
5774,557,48,3,2024-06-26T16:23:14.799966,completed
5775,557,23,1,2024-06-26T16:23:14.799966,completed
5776,864,108,2,2025-12-08T19:02:22.610324,completed
5777,864,172,2,2025-12-08T19:02:22.610324,completed
5778,363,48,5,2025-05-17T18:45:00.175671,completed
5779,363,20,4,2025-05-17T18:45:00.175671,completed
5780,363,66,3,2025-05-17T18:45:00.175671,pending
5781,363,119,2,2025-05-17T18:45:00.175671,completed
5782,363,7,5,2025-05-17T18:45:00.175671,completed
5783,194,180,5,2024-11-19T23:38:05.213788,completed
5784,194,44,2,2024-11-19T23:38:05.213788,completed
5785,194,26,5,2024-11-19T23:38:05.213788,completed
5786,194,166,5,2024-11-19T23:38:05.213788,completed
5787,501,176,3,2024-09-10T06:25:38.135353,completed
5788,445,198,1,2024-07-15T18:40:56.112616,completed
5789,217,96,5,2025-04-24T15:43:40.052008,pending
5790,217,86,5,2025-04-24T15:43:40.052008,completed
5791,217,141,4,2025-04-24T15:43:40.052008,completed
5792,217,21,1,2025-04-24T15:43:40.052008,completed
5793,217,187,5,2025-04-24T15:43:40.052008,completed
5794,52,61,5,2024-10-23T17:20:10.799209,pending
5795,52,123,1,2024-10-23T17:20:10.799209,completed
5796,52,137,4,2024-10-23T17:20:10.799209,completed
5797,159,149,3,2025-06-29T18:21:01.912633,cancelled
5798,159,123,3,2025-06-29T18:21:01.912633,pending
5799,159,45,1,2025-06-29T18:21:01.912633,refunded
5800,159,131,2,2025-06-29T18:21:01.912633,completed
5801,159,71,4,2025-06-29T18:21:01.912633,completed
5802,56,142,5,2024-08-21T08:19:40.731550,completed
5803,56,55,2,2024-08-21T08:19:40.731550,completed
5804,859,35,2,2025-07-18T23:55:00.323352,completed
5805,859,170,1,2025-07-18T23:55:00.323352,completed
5806,499,168,2,2025-02-21T13:13:55.913013,cancelled
5807,499,55,5,2025-02-21T13:13:55.913013,completed
5808,499,188,1,2025-02-21T13:13:55.913013,completed
5809,977,148,2,2024-02-19T07:06:19.526671,completed
5810,977,155,2,2024-02-19T07:06:19.526671,completed
5811,977,182,1,2024-02-19T07:06:19.526671,completed
5812,650,13,2,2025-11-10T00:28:11.667804,completed
5813,650,71,2,2025-11-10T00:28:11.667804,completed
5814,450,92,2,2024-01-17T01:52:27.061990,completed
5815,450,33,2,2024-01-17T01:52:27.061990,completed
5816,450,179,2,2024-01-17T01:52:27.061990,completed
5817,450,27,4,2024-01-17T01:52:27.061990,completed
5818,49,65,1,2025-05-16T19:35:01.276075,completed
5819,49,102,5,2025-05-16T19:35:01.276075,completed
5820,49,51,4,2025-05-16T19:35:01.276075,completed
5821,49,1,3,2025-05-16T19:35:01.276075,completed
5822,599,157,5,2024-01-21T23:35:13.248186,completed
5823,787,176,1,2024-10-05T22:07:41.363037,completed
5824,613,107,1,2025-08-17T08:54:56.843303,completed
5825,388,11,2,2024-04-09T12:51:12.641040,completed
5826,388,41,1,2024-04-09T12:51:12.641040,completed
5827,388,150,5,2024-04-09T12:51:12.641040,pending
5828,388,192,1,2024-04-09T12:51:12.641040,completed
5829,388,136,4,2024-04-09T12:51:12.641040,completed
5830,582,52,1,2023-12-27T10:59:08.145071,completed
5831,15,15,4,2024-12-23T01:11:35.623713,pending
5832,15,94,4,2024-12-23T01:11:35.623713,completed
5833,15,104,1,2024-12-23T01:11:35.623713,completed
5834,15,143,4,2024-12-23T01:11:35.623713,cancelled
5835,15,95,1,2024-12-23T01:11:35.623713,completed
5836,824,93,3,2024-03-28T05:35:32.453862,completed
5837,824,16,3,2024-03-28T05:35:32.453862,completed
5838,824,78,1,2024-03-28T05:35:32.453862,completed
5839,824,149,4,2024-03-28T05:35:32.453862,completed
5840,202,155,2,2024-08-31T15:04:07.619358,completed
5841,202,198,3,2024-08-31T15:04:07.619358,completed
5842,202,49,5,2024-08-31T15:04:07.619358,completed
5843,465,34,4,2025-02-10T15:36:18.409335,completed
5844,465,44,1,2025-02-10T15:36:18.409335,completed
5845,992,66,4,2024-05-21T13:40:02.474239,completed
5846,992,56,3,2024-05-21T13:40:02.474239,cancelled
5847,569,69,1,2024-06-29T01:54:58.896373,completed
5848,569,173,5,2024-06-29T01:54:58.896373,completed
5849,569,39,1,2024-06-29T01:54:58.896373,completed
5850,505,176,4,2024-11-27T08:12:22.911387,completed
5851,505,159,2,2024-11-27T08:12:22.911387,completed
5852,505,26,1,2024-11-27T08:12:22.911387,completed
5853,505,190,5,2024-11-27T08:12:22.911387,completed
5854,505,160,3,2024-11-27T08:12:22.911387,completed
5855,574,62,3,2024-08-22T13:56:30.371525,cancelled
5856,574,35,2,2024-08-22T13:56:30.371525,pending
5857,574,185,1,2024-08-22T13:56:30.371525,completed
5858,242,63,2,2024-11-17T20:05:07.136450,cancelled
5859,242,67,1,2024-11-17T20:05:07.136450,pending
5860,247,21,3,2025-01-30T07:36:13.479358,pending
5861,542,104,3,2025-09-04T16:43:21.074980,completed
5862,542,8,4,2025-09-04T16:43:21.074980,completed
5863,542,96,4,2025-09-04T16:43:21.074980,cancelled
5864,542,185,5,2025-09-04T16:43:21.074980,completed
5865,512,117,3,2024-05-30T03:10:27.735088,completed
5866,512,103,3,2024-05-30T03:10:27.735088,cancelled
5867,512,151,3,2024-05-30T03:10:27.735088,cancelled
5868,448,145,4,2024-07-19T01:43:21.039317,completed
5869,448,121,5,2024-07-19T01:43:21.039317,completed
5870,448,70,4,2024-07-19T01:43:21.039317,cancelled
5871,66,54,2,2024-12-20T11:22:57.924789,completed
5872,66,72,3,2024-12-20T11:22:57.924789,completed
5873,66,33,1,2024-12-20T11:22:57.924789,completed
5874,66,21,5,2024-12-20T11:22:57.924789,cancelled
5875,314,23,5,2024-05-20T04:01:33.133260,completed
5876,314,88,3,2024-05-20T04:01:33.133260,completed
5877,314,48,4,2024-05-20T04:01:33.133260,completed
5878,314,195,4,2024-05-20T04:01:33.133260,completed
5879,314,103,2,2024-05-20T04:01:33.133260,completed
5880,891,35,5,2024-12-14T08:10:09.136033,refunded
5881,891,62,3,2024-12-14T08:10:09.136033,completed
5882,891,95,1,2024-12-14T08:10:09.136033,cancelled
5883,293,171,3,2024-02-24T03:33:49.307565,completed
5884,598,64,4,2024-05-05T11:12:18.048058,pending
5885,598,41,3,2024-05-05T11:12:18.048058,completed
5886,908,55,4,2024-07-15T04:12:11.878146,completed
5887,908,184,2,2024-07-15T04:12:11.878146,completed
5888,908,15,4,2024-07-15T04:12:11.878146,completed
5889,985,8,5,2024-10-10T06:30:53.745615,completed
5890,749,127,5,2025-02-09T10:02:35.206267,pending
5891,942,37,1,2025-08-09T15:02:50.491072,completed
5892,942,31,5,2025-08-09T15:02:50.491072,completed
5893,939,72,3,2024-09-26T17:54:19.849935,completed
5894,939,82,2,2024-09-26T17:54:19.849935,completed
5895,939,41,5,2024-09-26T17:54:19.849935,completed
5896,939,54,3,2024-09-26T17:54:19.849935,completed
5897,939,93,4,2024-09-26T17:54:19.849935,completed
5898,510,165,1,2025-11-28T17:32:25.822796,completed
5899,510,42,4,2025-11-28T17:32:25.822796,completed
5900,897,57,4,2025-05-23T05:32:14.784152,completed
5901,897,114,5,2025-05-23T05:32:14.784152,completed
5902,699,105,4,2025-10-26T00:04:29.396466,completed
5903,699,49,3,2025-10-26T00:04:29.396466,cancelled
5904,699,50,1,2025-10-26T00:04:29.396466,cancelled
5905,645,40,1,2025-12-09T10:24:44.220178,completed
5906,645,113,3,2025-12-09T10:24:44.220178,completed
5907,645,138,5,2025-12-09T10:24:44.220178,completed
5908,47,7,2,2024-09-28T21:21:19.823432,completed
5909,699,187,1,2024-07-15T03:12:23.118383,completed
5910,699,33,3,2024-07-15T03:12:23.118383,completed
5911,868,31,1,2025-08-19T12:38:23.231863,completed
5912,868,109,2,2025-08-19T12:38:23.231863,cancelled
5913,709,197,2,2025-08-05T07:48:11.541422,completed
5914,542,127,2,2024-01-06T16:59:40.688855,cancelled
5915,204,51,4,2024-05-20T15:27:50.754800,completed
5916,360,133,4,2025-11-08T08:37:21.123190,completed
5917,360,199,1,2025-11-08T08:37:21.123190,completed
5918,191,186,2,2025-11-13T16:33:18.344563,completed
5919,191,162,5,2025-11-13T16:33:18.344563,completed
5920,191,125,2,2025-11-13T16:33:18.344563,cancelled
5921,191,64,2,2025-11-13T16:33:18.344563,completed
5922,191,89,4,2025-11-13T16:33:18.344563,completed
5923,631,134,5,2025-05-09T22:20:10.310131,completed
5924,631,155,3,2025-05-09T22:20:10.310131,completed
5925,486,91,2,2025-08-08T23:00:02.679219,completed
5926,486,58,4,2025-08-08T23:00:02.679219,completed
5927,359,121,4,2024-10-13T17:45:47.630035,completed
5928,51,118,5,2024-09-12T11:23:47.773469,completed
5929,51,12,1,2024-09-12T11:23:47.773469,completed
5930,51,131,2,2024-09-12T11:23:47.773469,pending
5931,51,48,2,2024-09-12T11:23:47.773469,completed
5932,51,100,1,2024-09-12T11:23:47.773469,completed
5933,128,102,3,2025-07-11T18:10:05.170100,completed
5934,128,26,5,2025-07-11T18:10:05.170100,completed
5935,986,174,1,2024-04-02T15:58:08.848981,cancelled
5936,986,144,4,2024-04-02T15:58:08.848981,completed
5937,986,162,4,2024-04-02T15:58:08.848981,cancelled
5938,986,47,3,2024-04-02T15:58:08.848981,completed
5939,986,181,3,2024-04-02T15:58:08.848981,completed
5940,490,84,3,2024-10-02T21:53:51.445753,completed
5941,490,114,2,2024-10-02T21:53:51.445753,refunded
5942,988,177,2,2024-08-20T05:59:23.041406,cancelled
5943,988,40,5,2024-08-20T05:59:23.041406,completed
5944,109,75,5,2025-09-07T22:13:29.798611,completed
5945,109,65,2,2025-09-07T22:13:29.798611,completed
5946,109,40,3,2025-09-07T22:13:29.798611,completed
5947,109,89,4,2025-09-07T22:13:29.798611,completed
5948,109,144,5,2025-09-07T22:13:29.798611,refunded
5949,346,96,1,2025-02-25T13:40:10.457079,cancelled
5950,346,168,2,2025-02-25T13:40:10.457079,pending
5951,651,63,5,2024-04-20T12:46:33.142908,completed
5952,651,18,4,2024-04-20T12:46:33.142908,completed
5953,651,166,4,2024-04-20T12:46:33.142908,completed
5954,651,30,2,2024-04-20T12:46:33.142908,completed
5955,686,59,1,2025-05-30T08:00:29.404273,completed
5956,686,144,3,2025-05-30T08:00:29.404273,completed
5957,686,79,1,2025-05-30T08:00:29.404273,completed
5958,395,103,1,2025-04-23T05:31:04.353750,completed
5959,395,170,3,2025-04-23T05:31:04.353750,completed
5960,235,185,1,2024-07-19T20:35:02.774316,completed
5961,235,122,3,2024-07-19T20:35:02.774316,completed
5962,235,169,1,2024-07-19T20:35:02.774316,completed
5963,235,94,3,2024-07-19T20:35:02.774316,completed
5964,235,99,2,2024-07-19T20:35:02.774316,cancelled
5965,676,95,1,2024-01-18T17:25:20.178946,completed
5966,738,19,3,2024-01-15T01:30:02.723804,completed
5967,738,20,3,2024-01-15T01:30:02.723804,completed
5968,738,145,1,2024-01-15T01:30:02.723804,completed
5969,385,55,4,2025-09-24T04:37:19.157191,completed
5970,385,152,2,2025-09-24T04:37:19.157191,completed
5971,385,83,1,2025-09-24T04:37:19.157191,pending
5972,385,116,1,2025-09-24T04:37:19.157191,completed
5973,385,141,4,2025-09-24T04:37:19.157191,refunded
5974,683,19,5,2025-04-27T05:46:43.963255,pending
5975,509,35,1,2024-04-02T03:03:08.409814,completed
5976,76,147,4,2025-01-22T20:45:36.735976,cancelled
5977,76,63,5,2025-01-22T20:45:36.735976,completed
5978,545,166,5,2025-04-19T00:53:30.272492,completed
5979,545,117,1,2025-04-19T00:53:30.272492,completed
5980,545,104,4,2025-04-19T00:53:30.272492,pending
5981,545,10,2,2025-04-19T00:53:30.272492,completed
5982,545,145,5,2025-04-19T00:53:30.272492,refunded
5983,190,113,4,2024-02-22T00:45:18.321203,completed
5984,190,167,1,2024-02-22T00:45:18.321203,completed
5985,348,136,5,2025-04-20T20:10:29.500270,completed
5986,348,137,2,2025-04-20T20:10:29.500270,pending
5987,348,160,2,2025-04-20T20:10:29.500270,cancelled
5988,348,122,5,2025-04-20T20:10:29.500270,cancelled
5989,348,167,3,2025-04-20T20:10:29.500270,completed
5990,618,162,4,2024-09-21T07:56:02.799403,completed
5991,193,132,5,2024-01-02T16:57:42.561658,completed
5992,187,32,1,2024-02-21T18:43:12.795915,completed
5993,187,38,5,2024-02-21T18:43:12.795915,completed
5994,863,199,3,2024-01-07T13:00:55.821284,completed
5995,388,73,4,2025-07-02T06:25:59.337827,completed
5996,388,145,3,2025-07-02T06:25:59.337827,completed
5997,388,164,1,2025-07-02T06:25:59.337827,completed
5998,431,119,4,2024-07-12T08:05:56.499830,completed
5999,431,102,3,2024-07-12T08:05:56.499830,completed
6000,431,79,5,2024-07-12T08:05:56.499830,completed
6001,431,80,3,2024-07-12T08:05:56.499830,pending
6002,431,140,1,2024-07-12T08:05:56.499830,completed
6003,207,89,3,2025-08-13T18:58:00.058607,pending
6004,207,110,1,2025-08-13T18:58:00.058607,completed
6005,207,177,2,2025-08-13T18:58:00.058607,completed
6006,207,9,2,2025-08-13T18:58:00.058607,completed
6007,39,190,5,2024-12-16T21:42:59.159465,completed
6008,39,99,4,2024-12-16T21:42:59.159465,completed
6009,39,70,1,2024-12-16T21:42:59.159465,pending
6010,39,145,5,2024-12-16T21:42:59.159465,completed
6011,39,110,2,2024-12-16T21:42:59.159465,completed
6012,390,83,1,2024-03-13T14:48:33.105420,completed
6013,390,53,5,2024-03-13T14:48:33.105420,completed
6014,9,95,1,2025-11-17T02:04:32.566848,completed
6015,9,90,2,2025-11-17T02:04:32.566848,completed
6016,691,110,2,2024-05-17T04:11:08.053663,refunded
6017,691,77,3,2024-05-17T04:11:08.053663,completed
6018,939,159,5,2024-01-31T14:22:08.478488,completed
6019,939,144,3,2024-01-31T14:22:08.478488,completed
6020,939,146,4,2024-01-31T14:22:08.478488,completed
6021,939,196,3,2024-01-31T14:22:08.478488,completed
6022,939,86,3,2024-01-31T14:22:08.478488,completed
6023,315,19,1,2025-04-05T01:55:55.134027,completed
6024,315,79,5,2025-04-05T01:55:55.134027,completed
6025,315,157,5,2025-04-05T01:55:55.134027,completed
6026,723,71,3,2025-06-02T21:40:49.265977,completed
6027,723,149,3,2025-06-02T21:40:49.265977,pending
6028,723,116,3,2025-06-02T21:40:49.265977,completed
6029,778,44,3,2025-12-11T22:01:58.612030,completed
6030,778,38,2,2025-12-11T22:01:58.612030,completed
6031,778,58,4,2025-12-11T22:01:58.612030,completed
6032,778,13,2,2025-12-11T22:01:58.612030,refunded
6033,778,152,5,2025-12-11T22:01:58.612030,completed
6034,904,150,1,2024-08-10T21:30:36.244412,cancelled
6035,904,70,5,2024-08-10T21:30:36.244412,completed
6036,904,26,1,2024-08-10T21:30:36.244412,completed
6037,904,64,1,2024-08-10T21:30:36.244412,pending
6038,904,41,1,2024-08-10T21:30:36.244412,completed
6039,309,90,4,2024-10-23T08:08:05.679082,completed
6040,309,50,4,2024-10-23T08:08:05.679082,pending
6041,309,74,2,2024-10-23T08:08:05.679082,pending
6042,309,162,2,2024-10-23T08:08:05.679082,completed
6043,309,182,1,2024-10-23T08:08:05.679082,completed
6044,285,111,5,2025-04-12T17:50:15.571352,completed
6045,285,78,1,2025-04-12T17:50:15.571352,pending
6046,285,98,2,2025-04-12T17:50:15.571352,pending
6047,285,17,3,2025-04-12T17:50:15.571352,completed
6048,285,38,1,2025-04-12T17:50:15.571352,completed
6049,885,86,5,2024-05-27T12:17:43.247585,completed
6050,885,101,3,2024-05-27T12:17:43.247585,completed
6051,885,92,4,2024-05-27T12:17:43.247585,cancelled
6052,885,136,5,2024-05-27T12:17:43.247585,cancelled
6053,995,147,5,2025-03-01T23:21:01.920969,completed
6054,71,181,3,2025-06-30T00:44:03.429323,completed
6055,71,93,3,2025-06-30T00:44:03.429323,completed
6056,71,142,2,2025-06-30T00:44:03.429323,completed
6057,229,141,2,2025-10-06T00:19:09.445154,completed
6058,229,95,4,2025-10-06T00:19:09.445154,completed
6059,229,13,2,2025-10-06T00:19:09.445154,completed
6060,229,53,2,2025-10-06T00:19:09.445154,completed
6061,229,76,4,2025-10-06T00:19:09.445154,completed
6062,272,54,3,2025-08-04T23:13:16.290711,completed
6063,272,168,4,2025-08-04T23:13:16.290711,completed
6064,272,28,4,2025-08-04T23:13:16.290711,completed
6065,272,5,4,2025-08-04T23:13:16.290711,completed
6066,554,9,5,2024-02-24T06:11:57.793399,completed
6067,973,182,3,2024-02-01T11:16:21.671545,completed
6068,973,37,5,2024-02-01T11:16:21.671545,cancelled
6069,973,146,2,2024-02-01T11:16:21.671545,pending
6070,670,166,4,2025-05-31T15:10:24.664435,completed
6071,293,120,3,2025-02-23T10:37:20.566889,completed
6072,39,54,2,2025-01-08T09:58:09.761031,completed
6073,39,82,3,2025-01-08T09:58:09.761031,cancelled
6074,39,15,2,2025-01-08T09:58:09.761031,completed
6075,573,72,4,2025-02-27T17:16:57.316053,completed
6076,573,109,2,2025-02-27T17:16:57.316053,completed
6077,573,101,2,2025-02-27T17:16:57.316053,completed
6078,573,87,2,2025-02-27T17:16:57.316053,completed
6079,573,47,2,2025-02-27T17:16:57.316053,completed
6080,17,85,5,2024-06-09T11:03:14.425146,refunded
6081,17,103,2,2024-06-09T11:03:14.425146,completed
6082,11,6,2,2025-01-27T22:25:44.241025,completed
6083,11,57,4,2025-01-27T22:25:44.241025,completed
6084,752,172,4,2025-01-04T13:21:49.981086,completed
6085,374,113,4,2025-06-04T02:12:43.833320,completed
6086,490,157,1,2025-08-03T07:13:38.268742,completed
6087,490,89,3,2025-08-03T07:13:38.268742,completed
6088,490,193,1,2025-08-03T07:13:38.268742,cancelled
6089,490,81,2,2025-08-03T07:13:38.268742,cancelled
6090,490,64,5,2025-08-03T07:13:38.268742,completed
6091,265,44,3,2024-08-03T04:37:42.312748,completed
6092,265,61,2,2024-08-03T04:37:42.312748,completed
6093,265,8,5,2024-08-03T04:37:42.312748,completed
6094,265,56,1,2024-08-03T04:37:42.312748,cancelled
6095,819,190,2,2025-08-13T19:48:40.761447,cancelled
6096,819,198,2,2025-08-13T19:48:40.761447,completed
6097,819,5,3,2025-08-13T19:48:40.761447,completed
6098,819,24,4,2025-08-13T19:48:40.761447,cancelled
6099,819,117,3,2025-08-13T19:48:40.761447,completed
6100,560,187,4,2025-11-26T10:47:43.663388,completed
6101,560,199,3,2025-11-26T10:47:43.663388,completed
6102,560,27,5,2025-11-26T10:47:43.663388,completed
6103,560,122,5,2025-11-26T10:47:43.663388,cancelled
6104,188,13,5,2024-04-25T16:16:02.023715,completed
6105,188,99,4,2024-04-25T16:16:02.023715,completed
6106,188,93,4,2024-04-25T16:16:02.023715,completed
6107,348,17,1,2025-04-04T03:42:39.869376,pending
6108,348,47,5,2025-04-04T03:42:39.869376,completed
6109,348,40,3,2025-04-04T03:42:39.869376,completed
6110,348,82,5,2025-04-04T03:42:39.869376,completed
6111,348,154,3,2025-04-04T03:42:39.869376,cancelled
6112,743,64,2,2025-11-12T16:49:56.093381,completed
6113,743,125,4,2025-11-12T16:49:56.093381,completed
6114,964,48,1,2024-08-22T07:56:58.525634,completed
6115,89,31,5,2025-11-15T05:54:38.014490,completed
6116,526,61,3,2024-02-06T00:57:34.900597,refunded
6117,567,191,1,2025-01-21T03:34:29.521887,completed
6118,567,158,1,2025-01-21T03:34:29.521887,pending
6119,567,13,4,2025-01-21T03:34:29.521887,completed
6120,567,172,1,2025-01-21T03:34:29.521887,completed
6121,955,154,3,2025-11-09T00:38:39.595886,completed
6122,955,39,5,2025-11-09T00:38:39.595886,completed
6123,712,46,1,2025-06-25T04:31:05.006850,completed
6124,712,154,2,2025-06-25T04:31:05.006850,completed
6125,712,82,4,2025-06-25T04:31:05.006850,cancelled
6126,767,64,4,2025-03-21T11:48:12.112333,completed
6127,767,57,1,2025-03-21T11:48:12.112333,completed
6128,767,143,3,2025-03-21T11:48:12.112333,completed
6129,116,46,3,2024-01-26T21:19:51.927221,completed
6130,116,97,4,2024-01-26T21:19:51.927221,pending
6131,116,174,2,2024-01-26T21:19:51.927221,cancelled
6132,116,83,1,2024-01-26T21:19:51.927221,completed
6133,837,52,3,2025-06-13T04:56:48.820831,completed
6134,837,75,1,2025-06-13T04:56:48.820831,completed
6135,861,128,1,2024-01-26T00:14:00.194911,completed
6136,861,131,1,2024-01-26T00:14:00.194911,pending
6137,861,154,1,2024-01-26T00:14:00.194911,pending
6138,861,149,5,2024-01-26T00:14:00.194911,completed
6139,861,85,5,2024-01-26T00:14:00.194911,completed
6140,74,197,4,2024-06-29T16:57:25.576991,completed
6141,74,81,2,2024-06-29T16:57:25.576991,completed
6142,74,49,2,2024-06-29T16:57:25.576991,completed
6143,74,175,5,2024-06-29T16:57:25.576991,completed
6144,74,115,4,2024-06-29T16:57:25.576991,completed
6145,190,128,2,2024-05-30T02:36:50.587753,cancelled
6146,190,122,5,2024-05-30T02:36:50.587753,completed
6147,190,82,4,2024-05-30T02:36:50.587753,completed
6148,190,44,4,2024-05-30T02:36:50.587753,completed
6149,86,155,1,2024-11-08T21:37:33.209500,completed
6150,86,35,5,2024-11-08T21:37:33.209500,completed
6151,162,152,1,2024-10-26T04:18:51.385091,completed
6152,162,74,4,2024-10-26T04:18:51.385091,completed
6153,156,82,5,2024-06-15T01:05:20.041676,completed
6154,156,81,4,2024-06-15T01:05:20.041676,completed
6155,156,194,2,2024-06-15T01:05:20.041676,completed
6156,156,171,2,2024-06-15T01:05:20.041676,pending
6157,156,180,3,2024-06-15T01:05:20.041676,completed
6158,977,11,4,2024-10-20T21:51:10.295305,completed
6159,977,111,3,2024-10-20T21:51:10.295305,completed
6160,28,87,1,2024-04-23T09:58:52.193031,completed
6161,28,25,5,2024-04-23T09:58:52.193031,completed
6162,28,50,1,2024-04-23T09:58:52.193031,completed
6163,28,53,5,2024-04-23T09:58:52.193031,completed
6164,28,186,2,2024-04-23T09:58:52.193031,completed
6165,161,165,1,2025-10-20T04:55:26.641944,completed
6166,156,45,1,2024-01-08T00:19:11.557949,completed
6167,304,170,2,2025-07-19T04:48:17.895908,pending
6168,304,29,5,2025-07-19T04:48:17.895908,completed
6169,304,183,4,2025-07-19T04:48:17.895908,refunded
6170,304,96,3,2025-07-19T04:48:17.895908,pending
6171,304,138,1,2025-07-19T04:48:17.895908,completed
6172,113,84,4,2024-02-19T02:23:46.831559,completed
6173,113,68,3,2024-02-19T02:23:46.831559,completed
6174,113,143,1,2024-02-19T02:23:46.831559,completed
6175,113,138,4,2024-02-19T02:23:46.831559,completed
6176,113,15,5,2024-02-19T02:23:46.831559,cancelled
6177,510,164,3,2025-12-09T12:03:44.427705,completed
6178,510,135,4,2025-12-09T12:03:44.427705,completed
6179,510,123,3,2025-12-09T12:03:44.427705,cancelled
6180,510,63,4,2025-12-09T12:03:44.427705,completed
6181,794,153,4,2025-04-26T13:36:42.396282,completed
6182,223,169,5,2024-10-29T09:18:34.078262,completed
6183,223,47,4,2024-10-29T09:18:34.078262,pending
6184,223,29,2,2024-10-29T09:18:34.078262,completed
6185,188,79,1,2024-02-07T17:28:21.596988,completed
6186,168,65,4,2025-09-04T01:58:31.778004,cancelled
6187,168,137,5,2025-09-04T01:58:31.778004,completed
6188,168,56,1,2025-09-04T01:58:31.778004,completed
6189,168,29,5,2025-09-04T01:58:31.778004,completed
6190,168,73,4,2025-09-04T01:58:31.778004,completed
6191,609,72,2,2025-09-12T23:17:25.687511,completed
6192,609,148,2,2025-09-12T23:17:25.687511,completed
6193,609,177,5,2025-09-12T23:17:25.687511,completed
6194,609,135,2,2025-09-12T23:17:25.687511,pending
6195,609,25,4,2025-09-12T23:17:25.687511,completed
6196,756,181,1,2025-02-10T20:07:39.997687,completed
6197,756,1,2,2025-02-10T20:07:39.997687,completed
6198,553,50,2,2025-07-12T13:58:18.898029,pending
6199,553,140,1,2025-07-12T13:58:18.898029,completed
6200,553,102,1,2025-07-12T13:58:18.898029,completed
6201,184,63,5,2025-10-04T02:10:10.126346,completed
6202,184,136,3,2025-10-04T02:10:10.126346,completed
6203,184,61,2,2025-10-04T02:10:10.126346,cancelled
6204,863,44,5,2025-12-06T20:01:36.532594,completed
6205,863,169,4,2025-12-06T20:01:36.532594,completed
6206,863,200,4,2025-12-06T20:01:36.532594,completed
6207,863,145,4,2025-12-06T20:01:36.532594,completed
6208,863,197,2,2025-12-06T20:01:36.532594,pending
6209,182,53,2,2025-07-04T18:16:30.546838,completed
6210,182,129,4,2025-07-04T18:16:30.546838,completed
6211,182,157,1,2025-07-04T18:16:30.546838,completed
6212,182,99,1,2025-07-04T18:16:30.546838,pending
6213,182,173,5,2025-07-04T18:16:30.546838,cancelled
6214,769,46,2,2025-08-30T12:29:06.858415,completed
6215,769,102,3,2025-08-30T12:29:06.858415,cancelled
6216,769,117,1,2025-08-30T12:29:06.858415,completed
6217,769,27,1,2025-08-30T12:29:06.858415,completed
6218,680,41,2,2025-09-17T18:57:42.741027,completed
6219,680,52,5,2025-09-17T18:57:42.741027,pending
6220,680,58,2,2025-09-17T18:57:42.741027,completed
6221,680,184,2,2025-09-17T18:57:42.741027,completed
6222,680,156,5,2025-09-17T18:57:42.741027,completed
6223,65,123,1,2025-10-16T16:15:25.109846,completed
6224,65,84,4,2025-10-16T16:15:25.109846,completed
6225,65,182,1,2025-10-16T16:15:25.109846,completed
6226,65,196,4,2025-10-16T16:15:25.109846,completed
6227,65,189,3,2025-10-16T16:15:25.109846,pending
6228,172,163,5,2024-05-29T20:42:14.207042,completed
6229,877,64,5,2025-12-15T16:25:45.304827,completed
6230,877,198,5,2025-12-15T16:25:45.304827,completed
6231,877,20,4,2025-12-15T16:25:45.304827,completed
6232,941,178,5,2025-09-11T11:18:01.362497,pending
6233,941,29,2,2025-09-11T11:18:01.362497,completed
6234,941,91,3,2025-09-11T11:18:01.362497,completed
6235,941,152,4,2025-09-11T11:18:01.362497,completed
6236,941,108,1,2025-09-11T11:18:01.362497,refunded
6237,842,180,4,2024-02-23T10:20:59.517031,completed
6238,842,101,4,2024-02-23T10:20:59.517031,completed
6239,783,157,5,2025-12-05T10:27:42.937398,pending
6240,783,91,2,2025-12-05T10:27:42.937398,completed
6241,210,158,5,2025-05-01T07:35:37.152440,pending
6242,210,130,2,2025-05-01T07:35:37.152440,completed
6243,210,152,2,2025-05-01T07:35:37.152440,completed
6244,688,161,4,2025-11-11T14:55:31.208281,completed
6245,688,163,2,2025-11-11T14:55:31.208281,completed
6246,688,3,5,2025-11-11T14:55:31.208281,completed
6247,688,196,3,2025-11-11T14:55:31.208281,completed
6248,147,106,4,2025-04-26T12:58:54.535277,completed
6249,147,109,4,2025-04-26T12:58:54.535277,completed
6250,147,152,5,2025-04-26T12:58:54.535277,completed
6251,147,78,5,2025-04-26T12:58:54.535277,completed
6252,147,17,4,2025-04-26T12:58:54.535277,completed
6253,361,147,5,2025-06-14T17:31:51.879160,completed
6254,361,73,5,2025-06-14T17:31:51.879160,pending
6255,361,104,3,2025-06-14T17:31:51.879160,completed
6256,361,71,4,2025-06-14T17:31:51.879160,completed
6257,361,20,4,2025-06-14T17:31:51.879160,completed
6258,646,53,5,2023-12-27T01:24:25.011988,completed
6259,646,103,5,2023-12-27T01:24:25.011988,completed
6260,646,188,4,2023-12-27T01:24:25.011988,completed
6261,599,8,5,2025-03-12T15:18:54.078608,completed
6262,599,68,5,2025-03-12T15:18:54.078608,pending
6263,599,75,1,2025-03-12T15:18:54.078608,completed
6264,599,81,2,2025-03-12T15:18:54.078608,completed
6265,599,3,1,2025-03-12T15:18:54.078608,completed
6266,143,11,5,2024-12-18T03:17:57.329731,completed
6267,143,102,1,2024-12-18T03:17:57.329731,completed
6268,143,103,5,2024-12-18T03:17:57.329731,completed
6269,143,75,5,2024-12-18T03:17:57.329731,pending
6270,368,27,5,2024-05-17T02:09:56.327095,completed
6271,368,198,2,2024-05-17T02:09:56.327095,pending
6272,368,57,1,2024-05-17T02:09:56.327095,completed
6273,368,1,3,2024-05-17T02:09:56.327095,completed
6274,368,143,5,2024-05-17T02:09:56.327095,completed
6275,634,189,5,2024-11-12T02:28:04.682687,completed
6276,634,122,2,2024-11-12T02:28:04.682687,completed
6277,634,68,4,2024-11-12T02:28:04.682687,completed
6278,634,191,1,2024-11-12T02:28:04.682687,completed
6279,634,28,2,2024-11-12T02:28:04.682687,completed
6280,354,195,5,2024-12-22T23:46:11.626595,pending
6281,354,174,5,2024-12-22T23:46:11.626595,completed
6282,354,104,2,2024-12-22T23:46:11.626595,completed
6283,354,27,3,2024-12-22T23:46:11.626595,completed
6284,100,67,5,2025-12-04T21:22:48.632936,completed
6285,100,197,3,2025-12-04T21:22:48.632936,completed
6286,100,145,5,2025-12-04T21:22:48.632936,completed
6287,100,50,4,2025-12-04T21:22:48.632936,cancelled
6288,100,113,1,2025-12-04T21:22:48.632936,completed
6289,544,42,1,2024-02-28T02:19:59.539142,completed
6290,544,107,2,2024-02-28T02:19:59.539142,completed
6291,544,165,1,2024-02-28T02:19:59.539142,completed
6292,544,9,3,2024-02-28T02:19:59.539142,cancelled
6293,311,34,1,2025-02-19T22:24:44.310719,completed
6294,311,154,3,2025-02-19T22:24:44.310719,completed
6295,311,153,4,2025-02-19T22:24:44.310719,completed
6296,952,96,4,2024-03-21T02:30:50.473545,completed
6297,952,43,2,2024-03-21T02:30:50.473545,completed
6298,952,78,3,2024-03-21T02:30:50.473545,completed
6299,952,10,4,2024-03-21T02:30:50.473545,pending
6300,141,109,2,2024-08-02T05:52:30.852656,cancelled
6301,141,197,2,2024-08-02T05:52:30.852656,completed
6302,141,46,1,2024-08-02T05:52:30.852656,completed
6303,221,113,4,2025-04-21T08:54:27.564195,completed
6304,221,8,4,2025-04-21T08:54:27.564195,completed
6305,221,67,3,2025-04-21T08:54:27.564195,completed
6306,334,153,4,2025-03-07T21:54:24.446678,completed
6307,334,58,1,2025-03-07T21:54:24.446678,pending
6308,334,154,2,2025-03-07T21:54:24.446678,completed
6309,321,126,1,2024-12-01T11:09:44.610895,cancelled
6310,295,187,1,2024-10-14T02:56:41.794555,completed
6311,295,90,5,2024-10-14T02:56:41.794555,completed
6312,295,56,2,2024-10-14T02:56:41.794555,completed
6313,675,24,4,2025-09-11T17:26:23.846054,completed
6314,675,18,2,2025-09-11T17:26:23.846054,completed
6315,475,41,5,2025-04-07T00:48:49.552770,completed
6316,475,109,2,2025-04-07T00:48:49.552770,completed
6317,475,198,5,2025-04-07T00:48:49.552770,completed
6318,475,70,3,2025-04-07T00:48:49.552770,completed
6319,176,150,3,2025-06-26T06:17:17.338126,completed
6320,176,172,3,2025-06-26T06:17:17.338126,completed
6321,880,26,5,2024-03-05T19:17:44.492446,completed
6322,880,104,3,2024-03-05T19:17:44.492446,completed
6323,880,30,4,2024-03-05T19:17:44.492446,completed
6324,345,136,1,2025-08-05T07:28:39.878456,completed
6325,614,67,4,2024-10-27T23:08:53.811215,completed
6326,276,59,2,2025-05-08T00:51:23.860592,completed
6327,276,196,2,2025-05-08T00:51:23.860592,completed
6328,276,94,5,2025-05-08T00:51:23.860592,completed
6329,276,164,3,2025-05-08T00:51:23.860592,completed
6330,809,31,5,2024-03-01T17:57:26.236675,completed
6331,809,92,3,2024-03-01T17:57:26.236675,completed
6332,809,149,5,2024-03-01T17:57:26.236675,completed
6333,809,77,3,2024-03-01T17:57:26.236675,completed
6334,523,8,2,2024-12-16T17:01:25.887030,completed
6335,523,57,1,2024-12-16T17:01:25.887030,completed
6336,523,50,2,2024-12-16T17:01:25.887030,pending
6337,523,32,5,2024-12-16T17:01:25.887030,cancelled
6338,523,136,2,2024-12-16T17:01:25.887030,completed
6339,39,122,1,2024-10-06T18:31:05.595902,completed
6340,39,130,2,2024-10-06T18:31:05.595902,completed
6341,39,137,4,2024-10-06T18:31:05.595902,completed
6342,39,45,3,2024-10-06T18:31:05.595902,pending
6343,39,143,4,2024-10-06T18:31:05.595902,completed
6344,701,81,2,2025-10-06T21:00:29.457694,completed
6345,709,105,2,2025-04-14T18:00:11.565944,cancelled
6346,709,84,2,2025-04-14T18:00:11.565944,completed
6347,709,170,5,2025-04-14T18:00:11.565944,completed
6348,525,28,2,2025-01-20T08:57:02.868401,completed
6349,525,92,4,2025-01-20T08:57:02.868401,completed
6350,525,109,4,2025-01-20T08:57:02.868401,completed
6351,525,176,4,2025-01-20T08:57:02.868401,cancelled
6352,525,123,5,2025-01-20T08:57:02.868401,pending
6353,603,80,2,2025-11-19T21:15:30.553818,completed
6354,406,151,5,2024-10-14T20:02:27.731876,completed
6355,406,155,4,2024-10-14T20:02:27.731876,completed
6356,441,88,5,2024-06-10T11:26:49.484858,completed
6357,441,14,1,2024-06-10T11:26:49.484858,completed
6358,441,157,1,2024-06-10T11:26:49.484858,completed
6359,610,88,5,2025-01-21T20:57:46.169965,cancelled
6360,610,123,3,2025-01-21T20:57:46.169965,completed
6361,610,59,1,2025-01-21T20:57:46.169965,completed
6362,610,148,4,2025-01-21T20:57:46.169965,completed
6363,610,5,3,2025-01-21T20:57:46.169965,cancelled
6364,175,100,5,2025-10-12T19:11:26.658804,completed
6365,175,71,3,2025-10-12T19:11:26.658804,completed
6366,175,189,5,2025-10-12T19:11:26.658804,completed
6367,597,113,3,2025-04-21T00:10:52.743907,pending
6368,597,44,4,2025-04-21T00:10:52.743907,completed
6369,597,144,5,2025-04-21T00:10:52.743907,completed
6370,533,133,1,2024-01-07T21:33:15.606427,pending
6371,533,190,1,2024-01-07T21:33:15.606427,completed
6372,74,191,5,2025-06-05T06:06:35.351737,completed
6373,74,150,1,2025-06-05T06:06:35.351737,pending
6374,74,119,3,2025-06-05T06:06:35.351737,completed
6375,74,188,2,2025-06-05T06:06:35.351737,completed
6376,930,21,5,2024-10-05T14:11:00.521561,completed
6377,930,119,3,2024-10-05T14:11:00.521561,cancelled
6378,930,4,1,2024-10-05T14:11:00.521561,completed
6379,930,85,2,2024-10-05T14:11:00.521561,completed
6380,779,134,5,2025-07-09T18:04:23.046747,completed
6381,779,101,2,2025-07-09T18:04:23.046747,completed
6382,654,54,5,2025-04-01T08:47:41.975842,completed
6383,771,138,5,2024-11-20T21:17:44.682870,completed
6384,771,30,4,2024-11-20T21:17:44.682870,pending
6385,771,199,1,2024-11-20T21:17:44.682870,completed
6386,771,21,3,2024-11-20T21:17:44.682870,completed
6387,909,189,5,2024-10-09T05:56:37.790888,completed
6388,888,162,5,2025-02-25T11:33:50.438058,completed
6389,888,43,3,2025-02-25T11:33:50.438058,completed
6390,888,27,4,2025-02-25T11:33:50.438058,cancelled
6391,888,114,5,2025-02-25T11:33:50.438058,completed
6392,888,120,3,2025-02-25T11:33:50.438058,completed
6393,849,191,1,2024-05-03T09:50:35.639806,completed
6394,849,130,4,2024-05-03T09:50:35.639806,cancelled
6395,849,138,1,2024-05-03T09:50:35.639806,completed
6396,685,50,4,2024-10-31T16:48:53.958374,completed
6397,685,33,1,2024-10-31T16:48:53.958374,completed
6398,685,173,2,2024-10-31T16:48:53.958374,completed
6399,82,64,5,2024-11-09T04:08:33.130351,completed
6400,588,79,3,2025-08-18T19:57:06.602385,completed
6401,588,35,4,2025-08-18T19:57:06.602385,completed
6402,588,166,1,2025-08-18T19:57:06.602385,completed
6403,588,81,3,2025-08-18T19:57:06.602385,pending
6404,817,129,1,2024-12-31T01:19:38.215993,completed
6405,336,35,3,2025-02-09T05:30:46.435344,completed
6406,473,103,3,2025-05-06T08:39:53.625358,cancelled
6407,473,18,5,2025-05-06T08:39:53.625358,completed
6408,389,36,3,2024-11-11T20:53:13.561517,completed
6409,389,113,5,2024-11-11T20:53:13.561517,completed
6410,389,21,2,2024-11-11T20:53:13.561517,completed
6411,389,56,2,2024-11-11T20:53:13.561517,completed
6412,62,161,3,2024-10-06T00:10:21.611633,completed
6413,999,24,4,2025-11-13T14:41:36.551084,completed
6414,999,94,1,2025-11-13T14:41:36.551084,completed
6415,999,163,4,2025-11-13T14:41:36.551084,pending
6416,999,75,2,2025-11-13T14:41:36.551084,completed
6417,582,92,1,2025-12-12T18:20:38.082574,completed
6418,582,89,3,2025-12-12T18:20:38.082574,completed
6419,980,11,4,2024-08-14T06:05:30.962642,completed
6420,980,169,4,2024-08-14T06:05:30.962642,completed
6421,980,35,2,2024-08-14T06:05:30.962642,completed
6422,980,131,4,2024-08-14T06:05:30.962642,refunded
6423,980,62,4,2024-08-14T06:05:30.962642,completed
6424,352,76,5,2024-05-05T17:41:46.435866,completed
6425,352,46,3,2024-05-05T17:41:46.435866,completed
6426,837,20,4,2025-10-20T15:12:35.530914,cancelled
6427,837,9,3,2025-10-20T15:12:35.530914,completed
6428,837,27,2,2025-10-20T15:12:35.530914,completed
6429,837,160,3,2025-10-20T15:12:35.530914,completed
6430,272,96,1,2025-03-04T20:39:53.811340,completed
6431,686,140,1,2025-10-02T12:40:23.452521,completed
6432,686,1,4,2025-10-02T12:40:23.452521,completed
6433,686,35,4,2025-10-02T12:40:23.452521,completed
6434,686,126,5,2025-10-02T12:40:23.452521,pending
6435,686,55,3,2025-10-02T12:40:23.452521,completed
6436,693,117,5,2025-01-16T18:44:45.803573,completed
6437,693,30,3,2025-01-16T18:44:45.803573,completed
6438,693,136,1,2025-01-16T18:44:45.803573,completed
6439,589,108,4,2025-03-09T22:51:20.491616,completed
6440,712,161,2,2024-11-23T17:49:55.120856,completed
6441,712,178,3,2024-11-23T17:49:55.120856,cancelled
6442,712,1,5,2024-11-23T17:49:55.120856,completed
6443,712,146,3,2024-11-23T17:49:55.120856,pending
6444,712,45,3,2024-11-23T17:49:55.120856,completed
6445,724,197,5,2025-02-17T04:40:47.855853,completed
6446,724,85,4,2025-02-17T04:40:47.855853,completed
6447,503,117,3,2024-06-14T14:29:58.820786,pending
6448,22,142,4,2024-08-09T05:35:17.667947,pending
6449,22,144,3,2024-08-09T05:35:17.667947,completed
6450,22,31,1,2024-08-09T05:35:17.667947,completed
6451,22,28,2,2024-08-09T05:35:17.667947,completed
6452,779,17,4,2025-01-15T02:09:35.378690,completed
6453,779,130,3,2025-01-15T02:09:35.378690,cancelled
6454,779,127,2,2025-01-15T02:09:35.378690,completed
6455,779,53,2,2025-01-15T02:09:35.378690,completed
6456,779,141,4,2025-01-15T02:09:35.378690,completed
6457,850,25,1,2024-03-28T23:37:40.172244,completed
6458,850,60,5,2024-03-28T23:37:40.172244,cancelled
6459,850,184,3,2024-03-28T23:37:40.172244,completed
6460,846,6,4,2024-08-26T07:57:13.374128,completed
6461,846,48,3,2024-08-26T07:57:13.374128,completed
6462,846,140,1,2024-08-26T07:57:13.374128,cancelled
6463,846,33,1,2024-08-26T07:57:13.374128,completed
6464,175,22,1,2024-12-03T02:36:53.243381,completed
6465,175,157,3,2024-12-03T02:36:53.243381,completed
6466,138,69,3,2024-11-24T12:18:13.385338,completed
6467,58,177,1,2024-11-01T20:29:31.836390,completed
6468,58,152,2,2024-11-01T20:29:31.836390,completed
6469,58,181,2,2024-11-01T20:29:31.836390,pending
6470,58,70,1,2024-11-01T20:29:31.836390,completed
6471,495,80,3,2025-12-01T19:44:20.978241,completed
6472,495,26,4,2025-12-01T19:44:20.978241,completed
6473,495,163,5,2025-12-01T19:44:20.978241,completed
6474,495,37,4,2025-12-01T19:44:20.978241,refunded
6475,495,193,5,2025-12-01T19:44:20.978241,completed
6476,188,96,4,2025-08-22T14:07:20.833553,pending
6477,188,21,2,2025-08-22T14:07:20.833553,completed
6478,15,178,2,2024-09-23T15:53:16.323639,completed
6479,15,166,1,2024-09-23T15:53:16.323639,completed
6480,15,173,5,2024-09-23T15:53:16.323639,completed
6481,198,98,1,2024-01-08T03:54:49.538961,completed
6482,198,135,2,2024-01-08T03:54:49.538961,completed
6483,198,111,1,2024-01-08T03:54:49.538961,completed
6484,409,178,2,2025-08-24T12:44:03.921893,completed
6485,409,168,1,2025-08-24T12:44:03.921893,completed
6486,409,44,2,2025-08-24T12:44:03.921893,completed
6487,409,15,4,2025-08-24T12:44:03.921893,completed
6488,72,93,1,2025-10-17T05:49:59.068430,completed
6489,72,51,4,2025-10-17T05:49:59.068430,completed
6490,72,105,3,2025-10-17T05:49:59.068430,completed
6491,72,140,1,2025-10-17T05:49:59.068430,completed
6492,72,150,2,2025-10-17T05:49:59.068430,completed
6493,818,4,4,2024-09-15T18:07:09.934807,completed
6494,818,7,1,2024-09-15T18:07:09.934807,completed
6495,818,119,2,2024-09-15T18:07:09.934807,completed
6496,818,56,1,2024-09-15T18:07:09.934807,completed
6497,818,158,4,2024-09-15T18:07:09.934807,completed
6498,762,121,2,2025-06-15T00:01:17.372782,completed
6499,762,20,1,2025-06-15T00:01:17.372782,pending
6500,762,168,3,2025-06-15T00:01:17.372782,completed
6501,762,100,3,2025-06-15T00:01:17.372782,completed
6502,762,127,1,2025-06-15T00:01:17.372782,refunded
6503,114,43,4,2024-01-07T22:38:25.223184,completed
6504,114,141,2,2024-01-07T22:38:25.223184,completed
6505,114,18,2,2024-01-07T22:38:25.223184,pending
6506,114,122,3,2024-01-07T22:38:25.223184,completed
6507,114,2,2,2024-01-07T22:38:25.223184,completed
6508,148,166,4,2024-01-11T08:51:16.589208,completed
6509,351,55,3,2024-02-11T20:42:04.896743,completed
6510,351,151,2,2024-02-11T20:42:04.896743,cancelled
6511,936,150,3,2025-05-23T00:18:42.887307,completed
6512,844,122,1,2025-11-02T23:52:55.420879,completed
6513,844,47,2,2025-11-02T23:52:55.420879,completed
6514,844,97,3,2025-11-02T23:52:55.420879,completed
6515,844,158,2,2025-11-02T23:52:55.420879,cancelled
6516,482,21,3,2024-03-21T02:37:38.647255,completed
6517,482,167,1,2024-03-21T02:37:38.647255,refunded
6518,482,120,2,2024-03-21T02:37:38.647255,completed
6519,482,155,3,2024-03-21T02:37:38.647255,pending
6520,368,139,2,2024-11-06T22:54:30.354338,completed
6521,368,90,5,2024-11-06T22:54:30.354338,completed
6522,368,29,3,2024-11-06T22:54:30.354338,cancelled
6523,368,98,5,2024-11-06T22:54:30.354338,completed
6524,368,10,1,2024-11-06T22:54:30.354338,completed
6525,441,104,5,2025-10-02T11:48:47.554579,pending
6526,441,194,4,2025-10-02T11:48:47.554579,completed
6527,441,180,5,2025-10-02T11:48:47.554579,completed
6528,441,74,5,2025-10-02T11:48:47.554579,completed
6529,441,188,2,2025-10-02T11:48:47.554579,completed
6530,389,3,5,2025-07-13T05:43:35.898359,completed
6531,320,67,2,2024-08-17T18:11:13.061433,completed
6532,320,7,5,2024-08-17T18:11:13.061433,refunded
6533,320,131,5,2024-08-17T18:11:13.061433,completed
6534,320,192,1,2024-08-17T18:11:13.061433,completed
6535,635,34,1,2025-01-26T18:13:59.084431,completed
6536,635,22,5,2025-01-26T18:13:59.084431,cancelled
6537,635,112,2,2025-01-26T18:13:59.084431,completed
6538,635,77,2,2025-01-26T18:13:59.084431,pending
6539,635,12,3,2025-01-26T18:13:59.084431,refunded
6540,286,69,1,2024-05-06T14:54:14.255500,completed
6541,286,131,1,2024-05-06T14:54:14.255500,completed
6542,286,112,5,2024-05-06T14:54:14.255500,completed
6543,286,70,3,2024-05-06T14:54:14.255500,completed
6544,286,115,2,2024-05-06T14:54:14.255500,completed
6545,10,17,2,2024-02-10T01:25:08.834377,completed
6546,10,43,4,2024-02-10T01:25:08.834377,completed
6547,761,4,3,2025-08-13T02:32:42.488365,completed
6548,761,92,2,2025-08-13T02:32:42.488365,completed
6549,3,6,1,2025-02-24T02:22:21.568131,completed
6550,386,75,4,2025-11-13T04:13:18.741058,completed
6551,386,191,5,2025-11-13T04:13:18.741058,completed
6552,5,133,5,2024-09-03T10:13:26.736210,completed
6553,797,24,1,2024-10-05T13:38:51.851722,completed
6554,797,32,1,2024-10-05T13:38:51.851722,completed
6555,797,65,2,2024-10-05T13:38:51.851722,pending
6556,797,31,2,2024-10-05T13:38:51.851722,completed
6557,797,104,2,2024-10-05T13:38:51.851722,cancelled
6558,760,173,4,2025-07-28T09:02:55.499916,completed
6559,760,137,5,2025-07-28T09:02:55.499916,completed
6560,760,198,1,2025-07-28T09:02:55.499916,completed
6561,760,148,3,2025-07-28T09:02:55.499916,completed
6562,760,187,1,2025-07-28T09:02:55.499916,cancelled
6563,888,109,1,2025-01-14T07:16:13.917694,completed
6564,888,123,5,2025-01-14T07:16:13.917694,pending
6565,888,67,5,2025-01-14T07:16:13.917694,completed
6566,888,100,2,2025-01-14T07:16:13.917694,completed
6567,888,63,1,2025-01-14T07:16:13.917694,pending
6568,741,115,1,2024-11-07T09:09:16.750215,completed
6569,741,22,1,2024-11-07T09:09:16.750215,completed
6570,679,143,3,2025-04-07T12:10:48.712182,completed
6571,679,166,5,2025-04-07T12:10:48.712182,cancelled
6572,679,95,3,2025-04-07T12:10:48.712182,completed
6573,679,178,1,2025-04-07T12:10:48.712182,completed
6574,679,67,3,2025-04-07T12:10:48.712182,pending
6575,681,18,3,2025-08-26T15:43:54.625383,completed
6576,781,72,4,2024-08-02T04:54:47.775249,completed
6577,781,106,3,2024-08-02T04:54:47.775249,completed
6578,589,153,3,2024-10-28T23:30:44.100397,pending
6579,589,65,4,2024-10-28T23:30:44.100397,completed
6580,589,73,1,2024-10-28T23:30:44.100397,completed
6581,589,149,5,2024-10-28T23:30:44.100397,completed
6582,589,181,1,2024-10-28T23:30:44.100397,pending
6583,724,24,2,2024-01-30T21:55:54.009277,completed
6584,724,177,5,2024-01-30T21:55:54.009277,cancelled
6585,724,130,3,2024-01-30T21:55:54.009277,cancelled
6586,724,39,2,2024-01-30T21:55:54.009277,cancelled
6587,724,36,4,2024-01-30T21:55:54.009277,completed
6588,544,129,3,2025-04-09T20:18:03.541103,completed
6589,544,18,2,2025-04-09T20:18:03.541103,completed
6590,544,128,3,2025-04-09T20:18:03.541103,completed
6591,198,80,4,2025-07-08T05:47:59.740459,completed
6592,198,41,3,2025-07-08T05:47:59.740459,completed
6593,198,57,5,2025-07-08T05:47:59.740459,completed
6594,198,89,5,2025-07-08T05:47:59.740459,cancelled
6595,565,28,4,2023-12-24T03:12:26.274452,cancelled
6596,565,141,2,2023-12-24T03:12:26.274452,completed
6597,565,30,3,2023-12-24T03:12:26.274452,completed
6598,19,171,1,2025-03-05T18:27:02.636290,completed
6599,19,102,5,2025-03-05T18:27:02.636290,completed
6600,19,30,1,2025-03-05T18:27:02.636290,completed
6601,419,14,1,2024-06-29T06:03:18.397490,completed
6602,249,37,2,2025-02-27T02:51:27.298287,completed
6603,249,118,2,2025-02-27T02:51:27.298287,completed
6604,249,23,4,2025-02-27T02:51:27.298287,completed
6605,249,8,1,2025-02-27T02:51:27.298287,completed
6606,249,186,3,2025-02-27T02:51:27.298287,cancelled
6607,733,3,4,2025-03-31T10:17:44.521300,completed
6608,733,128,3,2025-03-31T10:17:44.521300,completed
6609,733,189,3,2025-03-31T10:17:44.521300,completed
6610,743,79,2,2025-01-05T21:07:43.274323,pending
6611,451,57,1,2024-11-11T14:55:01.098524,completed
6612,451,163,1,2024-11-11T14:55:01.098524,completed
6613,451,77,1,2024-11-11T14:55:01.098524,completed
6614,451,99,2,2024-11-11T14:55:01.098524,cancelled
6615,317,39,5,2025-08-22T02:17:06.242452,cancelled
6616,317,67,1,2025-08-22T02:17:06.242452,completed
6617,317,61,4,2025-08-22T02:17:06.242452,completed
6618,317,90,2,2025-08-22T02:17:06.242452,cancelled
6619,776,192,2,2024-12-13T19:31:24.778486,pending
6620,685,101,1,2025-04-01T01:17:11.300803,completed
6621,685,116,4,2025-04-01T01:17:11.300803,completed
6622,397,179,2,2025-12-14T21:19:02.942263,completed
6623,397,103,1,2025-12-14T21:19:02.942263,cancelled
6624,397,40,5,2025-12-14T21:19:02.942263,pending
6625,906,140,5,2025-03-22T13:30:19.923532,completed
6626,906,114,4,2025-03-22T13:30:19.923532,pending
6627,906,131,2,2025-03-22T13:30:19.923532,completed
6628,906,70,2,2025-03-22T13:30:19.923532,completed
6629,38,28,5,2025-04-03T07:46:55.647275,completed
6630,38,131,3,2025-04-03T07:46:55.647275,refunded
6631,38,78,2,2025-04-03T07:46:55.647275,completed
6632,38,129,3,2025-04-03T07:46:55.647275,pending
6633,315,79,4,2025-07-08T07:05:25.678663,pending
6634,772,141,1,2025-02-23T16:11:31.327392,completed
6635,772,40,4,2025-02-23T16:11:31.327392,pending
6636,772,29,5,2025-02-23T16:11:31.327392,completed
6637,772,39,3,2025-02-23T16:11:31.327392,completed
6638,263,45,3,2024-01-03T02:36:04.181061,pending
6639,263,5,1,2024-01-03T02:36:04.181061,completed
6640,263,103,1,2024-01-03T02:36:04.181061,completed
6641,263,169,5,2024-01-03T02:36:04.181061,completed
6642,263,177,2,2024-01-03T02:36:04.181061,completed
6643,83,38,4,2024-03-04T05:14:39.948034,completed
6644,83,119,2,2024-03-04T05:14:39.948034,completed
6645,83,64,5,2024-03-04T05:14:39.948034,completed
6646,83,1,5,2024-03-04T05:14:39.948034,pending
6647,83,172,5,2024-03-04T05:14:39.948034,pending
6648,742,136,5,2025-09-21T17:10:08.550852,completed
6649,821,138,1,2024-08-25T05:36:13.946241,completed
6650,821,6,1,2024-08-25T05:36:13.946241,pending
6651,821,104,1,2024-08-25T05:36:13.946241,completed
6652,821,67,2,2024-08-25T05:36:13.946241,pending
6653,380,51,3,2023-12-30T14:00:35.790377,completed
6654,380,169,2,2023-12-30T14:00:35.790377,completed
6655,380,192,1,2023-12-30T14:00:35.790377,completed
6656,412,80,5,2025-04-04T04:34:00.606040,completed
6657,541,2,1,2024-10-01T20:59:47.495458,completed
6658,541,62,5,2024-10-01T20:59:47.495458,completed
6659,541,128,1,2024-10-01T20:59:47.495458,completed
6660,541,37,1,2024-10-01T20:59:47.495458,refunded
6661,207,153,4,2025-03-21T21:48:34.871762,completed
6662,607,155,1,2024-12-15T08:54:22.323364,cancelled
6663,607,13,2,2024-12-15T08:54:22.323364,completed
6664,607,21,4,2024-12-15T08:54:22.323364,pending
6665,607,23,2,2024-12-15T08:54:22.323364,completed
6666,607,71,4,2024-12-15T08:54:22.323364,completed
6667,604,196,1,2024-04-23T19:07:36.915689,completed
6668,604,167,1,2024-04-23T19:07:36.915689,pending
6669,604,143,4,2024-04-23T19:07:36.915689,pending
6670,604,107,2,2024-04-23T19:07:36.915689,completed
6671,963,176,1,2025-06-23T21:36:44.252390,completed
6672,963,184,3,2025-06-23T21:36:44.252390,completed
6673,963,158,3,2025-06-23T21:36:44.252390,pending
6674,652,135,1,2024-01-06T17:12:16.598521,completed
6675,652,85,4,2024-01-06T17:12:16.598521,completed
6676,652,94,3,2024-01-06T17:12:16.598521,completed
6677,652,3,1,2024-01-06T17:12:16.598521,completed
6678,945,143,4,2025-04-17T05:00:25.762748,completed
6679,945,136,1,2025-04-17T05:00:25.762748,completed
6680,799,154,2,2025-03-03T18:22:25.356579,completed
6681,799,195,4,2025-03-03T18:22:25.356579,completed
6682,799,15,1,2025-03-03T18:22:25.356579,completed
6683,799,184,5,2025-03-03T18:22:25.356579,completed
6684,631,40,5,2024-04-07T23:02:05.697797,pending
6685,631,34,5,2024-04-07T23:02:05.697797,completed
6686,631,52,4,2024-04-07T23:02:05.697797,completed
6687,631,174,4,2024-04-07T23:02:05.697797,completed
6688,549,125,2,2024-05-01T06:41:52.410777,completed
6689,549,87,4,2024-05-01T06:41:52.410777,completed
6690,109,47,3,2024-06-03T19:27:41.992246,completed
6691,690,94,1,2024-05-07T00:44:57.916323,completed
6692,690,91,3,2024-05-07T00:44:57.916323,completed
6693,690,120,3,2024-05-07T00:44:57.916323,completed
6694,690,129,2,2024-05-07T00:44:57.916323,completed
6695,690,9,4,2024-05-07T00:44:57.916323,cancelled
6696,167,101,5,2025-03-06T16:31:25.275496,completed
6697,394,172,4,2025-08-11T13:17:25.726489,completed
6698,394,196,4,2025-08-11T13:17:25.726489,completed
6699,394,98,4,2025-08-11T13:17:25.726489,completed
6700,394,142,3,2025-08-11T13:17:25.726489,completed
6701,394,91,5,2025-08-11T13:17:25.726489,completed
6702,252,94,3,2025-03-28T01:29:34.006047,completed
6703,252,179,1,2025-03-28T01:29:34.006047,pending
6704,252,192,3,2025-03-28T01:29:34.006047,pending
6705,252,37,4,2025-03-28T01:29:34.006047,completed
6706,252,23,4,2025-03-28T01:29:34.006047,cancelled
6707,223,94,5,2024-01-01T09:34:03.269022,completed
6708,223,12,2,2024-01-01T09:34:03.269022,completed
6709,217,159,5,2024-04-21T18:36:51.014324,pending
6710,592,74,3,2024-01-20T12:22:30.427974,completed
6711,592,139,2,2024-01-20T12:22:30.427974,completed
6712,309,190,4,2025-07-14T12:25:01.406708,completed
6713,829,4,3,2024-12-19T01:44:31.986633,pending
6714,48,26,1,2024-05-11T19:16:57.850229,completed
6715,48,95,3,2024-05-11T19:16:57.850229,completed
6716,732,100,2,2025-11-06T21:42:56.387259,completed
6717,732,179,5,2025-11-06T21:42:56.387259,pending
6718,732,75,2,2025-11-06T21:42:56.387259,completed
6719,732,104,1,2025-11-06T21:42:56.387259,completed
6720,732,183,3,2025-11-06T21:42:56.387259,completed
6721,122,128,2,2025-08-05T09:05:11.150491,completed
6722,122,108,5,2025-08-05T09:05:11.150491,completed
6723,122,67,1,2025-08-05T09:05:11.150491,completed
6724,253,87,2,2025-07-16T17:39:57.702257,completed
6725,253,83,1,2025-07-16T17:39:57.702257,cancelled
6726,253,191,4,2025-07-16T17:39:57.702257,completed
6727,253,196,1,2025-07-16T17:39:57.702257,completed
6728,253,29,5,2025-07-16T17:39:57.702257,completed
6729,577,130,3,2025-10-11T19:27:40.418411,completed
6730,577,26,1,2025-10-11T19:27:40.418411,completed
6731,577,88,5,2025-10-11T19:27:40.418411,completed
6732,577,93,2,2025-10-11T19:27:40.418411,completed
6733,20,76,4,2025-04-09T15:23:29.565137,completed
6734,20,75,3,2025-04-09T15:23:29.565137,completed
6735,433,120,1,2024-10-25T06:52:23.294587,completed
6736,433,37,1,2024-10-25T06:52:23.294587,completed
6737,433,10,1,2024-10-25T06:52:23.294587,pending
6738,433,92,4,2024-10-25T06:52:23.294587,completed
6739,394,194,5,2024-06-27T13:14:37.430523,refunded
6740,394,167,2,2024-06-27T13:14:37.430523,completed
6741,394,124,1,2024-06-27T13:14:37.430523,completed
6742,499,79,1,2025-07-30T22:22:14.137274,completed
6743,499,59,4,2025-07-30T22:22:14.137274,completed
6744,499,136,1,2025-07-30T22:22:14.137274,pending
6745,516,181,2,2024-11-14T13:30:32.722752,completed
6746,516,118,2,2024-11-14T13:30:32.722752,completed
6747,516,172,3,2024-11-14T13:30:32.722752,completed
6748,770,176,4,2024-06-12T16:34:34.961644,completed
6749,770,136,5,2024-06-12T16:34:34.961644,pending
6750,770,104,1,2024-06-12T16:34:34.961644,completed
6751,770,38,4,2024-06-12T16:34:34.961644,completed
6752,11,168,2,2025-11-10T09:21:02.019811,completed
6753,11,97,1,2025-11-10T09:21:02.019811,pending
6754,11,175,2,2025-11-10T09:21:02.019811,cancelled
6755,11,53,2,2025-11-10T09:21:02.019811,completed
6756,991,122,3,2025-06-09T16:28:45.017877,completed
6757,991,107,2,2025-06-09T16:28:45.017877,pending
6758,991,178,4,2025-06-09T16:28:45.017877,completed
6759,991,36,4,2025-06-09T16:28:45.017877,completed
6760,417,68,5,2024-07-18T12:42:49.921776,cancelled
6761,536,152,1,2024-01-08T02:57:03.058292,completed
6762,536,174,3,2024-01-08T02:57:03.058292,completed
6763,536,60,3,2024-01-08T02:57:03.058292,completed
6764,536,46,1,2024-01-08T02:57:03.058292,completed
6765,967,198,4,2025-08-02T21:14:15.576423,completed
6766,967,38,3,2025-08-02T21:14:15.576423,completed
6767,967,122,4,2025-08-02T21:14:15.576423,completed
6768,967,52,3,2025-08-02T21:14:15.576423,completed
6769,967,148,3,2025-08-02T21:14:15.576423,completed
6770,672,106,4,2024-12-16T09:38:05.993333,completed
6771,672,116,4,2024-12-16T09:38:05.993333,completed
6772,672,15,3,2024-12-16T09:38:05.993333,completed
6773,163,20,2,2025-07-14T02:31:18.387438,pending
6774,163,151,5,2025-07-14T02:31:18.387438,completed
6775,163,181,2,2025-07-14T02:31:18.387438,completed
6776,163,8,4,2025-07-14T02:31:18.387438,completed
6777,134,187,2,2024-02-26T04:00:03.660031,completed
6778,134,53,2,2024-02-26T04:00:03.660031,completed
6779,134,47,1,2024-02-26T04:00:03.660031,completed
6780,134,16,4,2024-02-26T04:00:03.660031,pending
6781,667,110,1,2025-04-02T21:58:26.276436,completed
6782,667,156,1,2025-04-02T21:58:26.276436,completed
6783,667,31,2,2025-04-02T21:58:26.276436,completed
6784,667,126,5,2025-04-02T21:58:26.276436,completed
6785,296,142,5,2024-07-10T08:31:12.184495,completed
6786,296,104,3,2024-07-10T08:31:12.184495,completed
6787,296,148,1,2024-07-10T08:31:12.184495,pending
6788,979,3,1,2024-10-01T14:02:26.282160,pending
6789,979,54,4,2024-10-01T14:02:26.282160,refunded
6790,979,150,5,2024-10-01T14:02:26.282160,completed
6791,979,46,1,2024-10-01T14:02:26.282160,completed
6792,979,48,3,2024-10-01T14:02:26.282160,completed
6793,408,127,4,2025-04-18T12:10:20.448404,completed
6794,408,20,1,2025-04-18T12:10:20.448404,completed
6795,408,16,1,2025-04-18T12:10:20.448404,cancelled
6796,826,103,2,2025-03-01T10:52:56.702563,completed
6797,798,88,1,2025-10-09T07:43:48.033477,cancelled
6798,299,51,2,2025-04-29T10:09:50.096614,completed
6799,299,54,3,2025-04-29T10:09:50.096614,completed
6800,299,48,2,2025-04-29T10:09:50.096614,pending
6801,299,106,4,2025-04-29T10:09:50.096614,completed
6802,299,118,3,2025-04-29T10:09:50.096614,completed
6803,444,143,5,2025-10-14T10:54:06.044860,completed
6804,444,2,5,2025-10-14T10:54:06.044860,completed
6805,408,67,3,2024-06-24T17:44:37.679319,completed
6806,408,16,5,2024-06-24T17:44:37.679319,pending
6807,408,41,5,2024-06-24T17:44:37.679319,completed
6808,716,57,4,2025-05-30T03:44:45.208244,completed
6809,716,189,4,2025-05-30T03:44:45.208244,completed
6810,716,155,1,2025-05-30T03:44:45.208244,completed
6811,716,58,5,2025-05-30T03:44:45.208244,completed
6812,716,33,4,2025-05-30T03:44:45.208244,completed
6813,668,77,5,2025-01-20T09:57:21.817552,pending
6814,61,111,4,2024-12-15T00:49:40.596062,completed
6815,61,184,3,2024-12-15T00:49:40.596062,pending
6816,465,142,3,2024-05-21T02:09:42.413266,completed
6817,465,165,2,2024-05-21T02:09:42.413266,completed
6818,272,192,4,2025-04-05T19:03:09.199628,completed
6819,272,161,5,2025-04-05T19:03:09.199628,pending
6820,272,151,4,2025-04-05T19:03:09.199628,completed
6821,272,96,1,2025-04-05T19:03:09.199628,completed
6822,272,6,4,2025-04-05T19:03:09.199628,refunded
6823,772,6,1,2024-06-22T20:51:38.385305,completed
6824,772,44,1,2024-06-22T20:51:38.385305,completed
6825,772,12,2,2024-06-22T20:51:38.385305,completed
6826,772,140,2,2024-06-22T20:51:38.385305,completed
6827,80,199,5,2024-09-18T04:19:38.606830,completed
6828,80,77,3,2024-09-18T04:19:38.606830,completed
6829,80,61,1,2024-09-18T04:19:38.606830,completed
6830,178,90,2,2024-06-23T18:29:34.162349,completed
6831,178,50,1,2024-06-23T18:29:34.162349,cancelled
6832,251,18,3,2025-06-02T05:14:47.903781,cancelled
6833,251,11,3,2025-06-02T05:14:47.903781,completed
6834,251,40,1,2025-06-02T05:14:47.903781,completed
6835,906,87,3,2024-07-12T23:35:51.489774,completed
6836,906,73,1,2024-07-12T23:35:51.489774,completed
6837,415,130,2,2025-04-12T15:24:47.369099,completed
6838,415,142,2,2025-04-12T15:24:47.369099,completed
6839,415,144,2,2025-04-12T15:24:47.369099,completed
6840,415,73,2,2025-04-12T15:24:47.369099,completed
6841,415,178,2,2025-04-12T15:24:47.369099,completed
6842,136,138,1,2025-10-05T16:37:59.746731,completed
6843,765,166,3,2025-12-02T07:09:47.908646,completed
6844,765,60,5,2025-12-02T07:09:47.908646,completed
6845,765,32,3,2025-12-02T07:09:47.908646,completed
6846,765,33,4,2025-12-02T07:09:47.908646,completed
6847,765,69,5,2025-12-02T07:09:47.908646,completed
6848,138,31,2,2025-04-18T00:09:29.383561,completed
6849,509,51,3,2024-10-21T21:30:04.841435,completed
6850,509,20,3,2024-10-21T21:30:04.841435,completed
6851,509,124,1,2024-10-21T21:30:04.841435,completed
6852,509,118,5,2024-10-21T21:30:04.841435,completed
6853,275,145,2,2025-10-28T10:49:40.911674,cancelled
6854,351,26,4,2024-12-30T11:54:32.780451,completed
6855,351,151,2,2024-12-30T11:54:32.780451,completed
6856,351,34,3,2024-12-30T11:54:32.780451,completed
6857,351,47,4,2024-12-30T11:54:32.780451,completed
6858,351,102,4,2024-12-30T11:54:32.780451,pending
6859,281,82,4,2025-04-20T15:13:13.130493,completed
6860,281,39,1,2025-04-20T15:13:13.130493,pending
6861,281,171,2,2025-04-20T15:13:13.130493,completed
6862,281,131,5,2025-04-20T15:13:13.130493,completed
6863,460,7,5,2025-09-18T08:23:25.845736,completed
6864,460,2,5,2025-09-18T08:23:25.845736,cancelled
6865,323,70,2,2024-12-25T01:31:49.288931,completed
6866,323,16,1,2024-12-25T01:31:49.288931,completed
6867,708,85,1,2025-07-17T12:07:06.966330,completed
6868,708,91,3,2025-07-17T12:07:06.966330,completed
6869,791,26,1,2025-02-03T03:47:50.202137,completed
6870,791,149,1,2025-02-03T03:47:50.202137,completed
6871,453,152,3,2025-09-06T08:19:30.729970,completed
6872,453,119,2,2025-09-06T08:19:30.729970,completed
6873,453,164,3,2025-09-06T08:19:30.729970,pending
6874,453,36,2,2025-09-06T08:19:30.729970,refunded
6875,514,61,3,2025-04-17T01:11:58.639155,completed
6876,514,182,5,2025-04-17T01:11:58.639155,completed
6877,514,66,5,2025-04-17T01:11:58.639155,completed
6878,514,161,1,2025-04-17T01:11:58.639155,completed
6879,514,173,5,2025-04-17T01:11:58.639155,completed
6880,43,127,2,2025-10-27T23:26:35.715016,cancelled
6881,43,163,2,2025-10-27T23:26:35.715016,completed
6882,43,98,5,2025-10-27T23:26:35.715016,completed
6883,43,148,5,2025-10-27T23:26:35.715016,completed
6884,98,159,3,2025-04-12T08:21:40.068555,completed
6885,98,15,5,2025-04-12T08:21:40.068555,completed
6886,98,43,4,2025-04-12T08:21:40.068555,completed
6887,905,86,5,2025-11-10T00:44:50.017482,completed
6888,905,163,5,2025-11-10T00:44:50.017482,completed
6889,905,129,3,2025-11-10T00:44:50.017482,completed
6890,905,92,4,2025-11-10T00:44:50.017482,completed
6891,905,189,2,2025-11-10T00:44:50.017482,completed
6892,521,102,5,2025-03-25T03:14:46.804529,completed
6893,521,124,3,2025-03-25T03:14:46.804529,completed
6894,521,33,2,2025-03-25T03:14:46.804529,pending
6895,653,189,5,2025-09-05T06:29:25.039763,completed
6896,653,96,5,2025-09-05T06:29:25.039763,completed
6897,653,21,2,2025-09-05T06:29:25.039763,pending
6898,9,137,2,2025-08-19T19:08:12.691689,completed
6899,815,44,2,2024-05-26T14:37:28.020110,completed
6900,815,194,2,2024-05-26T14:37:28.020110,completed
6901,815,77,3,2024-05-26T14:37:28.020110,pending
6902,815,115,1,2024-05-26T14:37:28.020110,completed
6903,969,42,3,2025-12-04T19:43:19.156130,completed
6904,969,63,5,2025-12-04T19:43:19.156130,completed
6905,609,4,5,2025-08-18T03:36:36.632035,completed
6906,428,44,2,2025-01-02T00:46:33.897449,completed
6907,428,178,1,2025-01-02T00:46:33.897449,completed
6908,428,114,3,2025-01-02T00:46:33.897449,pending
6909,428,11,1,2025-01-02T00:46:33.897449,cancelled
6910,370,50,3,2024-06-13T12:12:13.756106,completed
6911,370,48,1,2024-06-13T12:12:13.756106,completed
6912,370,18,5,2024-06-13T12:12:13.756106,completed
6913,370,123,1,2024-06-13T12:12:13.756106,completed
6914,252,196,5,2024-01-11T08:22:07.296224,completed
6915,252,52,2,2024-01-11T08:22:07.296224,completed
6916,252,138,4,2024-01-11T08:22:07.296224,completed
6917,973,57,4,2025-04-18T06:02:18.282860,cancelled
6918,973,98,5,2025-04-18T06:02:18.282860,completed
6919,973,2,4,2025-04-18T06:02:18.282860,completed
6920,973,178,3,2025-04-18T06:02:18.282860,completed
6921,973,12,4,2025-04-18T06:02:18.282860,completed
6922,702,15,4,2024-11-21T11:53:53.587847,completed
6923,702,122,5,2024-11-21T11:53:53.587847,completed
6924,702,112,3,2024-11-21T11:53:53.587847,completed
6925,702,34,5,2024-11-21T11:53:53.587847,completed
6926,475,52,4,2024-09-12T12:17:54.433141,completed
6927,475,70,4,2024-09-12T12:17:54.433141,completed
6928,878,173,2,2024-11-29T00:03:31.682665,refunded
6929,878,29,2,2024-11-29T00:03:31.682665,completed
6930,118,165,5,2025-10-26T03:18:32.855805,completed
6931,730,112,3,2025-10-09T04:14:08.011006,completed
6932,205,100,3,2024-07-20T07:37:09.028343,completed
6933,837,30,4,2024-04-15T03:25:35.448743,completed
6934,837,192,4,2024-04-15T03:25:35.448743,completed
6935,837,51,4,2024-04-15T03:25:35.448743,completed
6936,489,193,2,2025-09-26T13:27:34.933919,completed
6937,489,9,5,2025-09-26T13:27:34.933919,completed
6938,489,109,5,2025-09-26T13:27:34.933919,refunded
6939,489,178,3,2025-09-26T13:27:34.933919,pending
6940,829,122,3,2024-10-14T08:34:41.038086,pending
6941,103,141,5,2025-07-30T09:15:05.931994,completed
6942,103,113,2,2025-07-30T09:15:05.931994,completed
6943,103,6,2,2025-07-30T09:15:05.931994,completed
6944,103,23,2,2025-07-30T09:15:05.931994,completed
6945,103,127,2,2025-07-30T09:15:05.931994,completed
6946,274,20,2,2025-02-02T15:19:14.335101,completed
6947,274,197,3,2025-02-02T15:19:14.335101,completed
6948,274,128,3,2025-02-02T15:19:14.335101,completed
6949,514,147,1,2025-04-13T18:57:07.982525,completed
6950,514,66,3,2025-04-13T18:57:07.982525,completed
6951,514,115,3,2025-04-13T18:57:07.982525,completed
6952,514,146,4,2025-04-13T18:57:07.982525,pending
6953,141,144,4,2025-04-07T21:39:36.335269,completed
6954,141,146,5,2025-04-07T21:39:36.335269,completed
6955,141,11,3,2025-04-07T21:39:36.335269,completed
6956,141,72,1,2025-04-07T21:39:36.335269,refunded
6957,4,87,4,2024-07-27T15:36:23.900904,completed
6958,4,59,3,2024-07-27T15:36:23.900904,completed
6959,4,129,4,2024-07-27T15:36:23.900904,completed
6960,4,161,2,2024-07-27T15:36:23.900904,completed
6961,4,81,5,2024-07-27T15:36:23.900904,completed
6962,856,149,2,2025-09-17T09:21:53.679829,completed
6963,80,173,3,2025-06-05T07:41:45.743879,completed
6964,80,110,4,2025-06-05T07:41:45.743879,completed
6965,80,13,3,2025-06-05T07:41:45.743879,completed
6966,518,68,4,2025-12-18T02:26:07.237782,completed
6967,518,71,1,2025-12-18T02:26:07.237782,completed
6968,518,55,4,2025-12-18T02:26:07.237782,pending
6969,518,118,3,2025-12-18T02:26:07.237782,pending
6970,518,14,3,2025-12-18T02:26:07.237782,pending
6971,870,34,2,2025-05-08T08:23:24.242747,completed
6972,870,174,1,2025-05-08T08:23:24.242747,completed
6973,870,100,3,2025-05-08T08:23:24.242747,pending
6974,870,194,1,2025-05-08T08:23:24.242747,completed
6975,837,192,2,2025-09-13T22:08:37.844174,completed
6976,837,156,2,2025-09-13T22:08:37.844174,completed
6977,837,147,1,2025-09-13T22:08:37.844174,completed
6978,837,9,5,2025-09-13T22:08:37.844174,completed
6979,837,16,1,2025-09-13T22:08:37.844174,completed
6980,666,99,4,2024-01-13T02:00:36.083212,completed
6981,666,6,4,2024-01-13T02:00:36.083212,completed
6982,666,75,1,2024-01-13T02:00:36.083212,completed
6983,666,61,2,2024-01-13T02:00:36.083212,completed
6984,666,94,4,2024-01-13T02:00:36.083212,completed
6985,252,7,4,2024-01-07T07:36:22.669067,completed
6986,252,102,2,2024-01-07T07:36:22.669067,completed
6987,415,180,2,2025-06-01T20:35:17.975395,completed
6988,415,31,4,2025-06-01T20:35:17.975395,completed
6989,415,141,4,2025-06-01T20:35:17.975395,cancelled
6990,415,35,3,2025-06-01T20:35:17.975395,completed
6991,630,198,5,2024-07-31T04:22:51.564197,completed
6992,663,111,3,2025-07-27T02:51:01.135223,completed
6993,663,85,1,2025-07-27T02:51:01.135223,completed
6994,663,56,2,2025-07-27T02:51:01.135223,completed
6995,663,129,2,2025-07-27T02:51:01.135223,completed
6996,663,195,2,2025-07-27T02:51:01.135223,completed
6997,711,129,3,2024-09-09T18:43:22.197299,completed
6998,711,194,3,2024-09-09T18:43:22.197299,pending
6999,711,124,3,2024-09-09T18:43:22.197299,completed
7000,711,103,2,2024-09-09T18:43:22.197299,pending
7001,711,7,4,2024-09-09T18:43:22.197299,completed
7002,664,109,4,2025-05-30T10:13:48.772012,completed
7003,664,196,4,2025-05-30T10:13:48.772012,completed
7004,664,180,4,2025-05-30T10:13:48.772012,completed
7005,664,20,1,2025-05-30T10:13:48.772012,completed
7006,664,140,4,2025-05-30T10:13:48.772012,completed
7007,592,122,2,2025-02-28T05:24:55.562184,cancelled
7008,595,46,5,2025-01-12T13:41:38.474697,pending
7009,595,197,2,2025-01-12T13:41:38.474697,completed
7010,595,131,5,2025-01-12T13:41:38.474697,completed
7011,595,158,3,2025-01-12T13:41:38.474697,cancelled
7012,595,21,2,2025-01-12T13:41:38.474697,completed
7013,239,24,5,2024-10-08T18:59:06.402834,completed
7014,239,118,3,2024-10-08T18:59:06.402834,completed
7015,239,189,2,2024-10-08T18:59:06.402834,completed
7016,239,2,3,2024-10-08T18:59:06.402834,completed
7017,212,138,2,2024-04-19T14:39:51.677811,cancelled
7018,212,176,3,2024-04-19T14:39:51.677811,completed
7019,212,171,5,2024-04-19T14:39:51.677811,completed
7020,212,61,1,2024-04-19T14:39:51.677811,completed
7021,212,23,5,2024-04-19T14:39:51.677811,completed
7022,429,7,1,2025-08-12T22:27:31.218390,completed
7023,429,98,5,2025-08-12T22:27:31.218390,completed
7024,429,154,1,2025-08-12T22:27:31.218390,completed
7025,429,46,5,2025-08-12T22:27:31.218390,completed
7026,982,60,3,2024-01-27T07:13:24.871488,completed
7027,982,144,2,2024-01-27T07:13:24.871488,pending
7028,982,132,2,2024-01-27T07:13:24.871488,completed
7029,711,120,5,2024-05-12T21:43:22.336190,completed
7030,483,2,3,2024-04-24T17:55:02.689311,completed
7031,483,99,1,2024-04-24T17:55:02.689311,completed
7032,483,163,5,2024-04-24T17:55:02.689311,completed
7033,483,97,1,2024-04-24T17:55:02.689311,completed
7034,483,165,3,2024-04-24T17:55:02.689311,pending
7035,595,168,1,2025-12-10T01:29:47.611729,completed
7036,595,131,2,2025-12-10T01:29:47.611729,cancelled
7037,794,30,4,2025-03-05T19:08:26.672079,completed
7038,614,106,3,2024-05-12T05:32:47.058010,completed
7039,614,162,1,2024-05-12T05:32:47.058010,completed
7040,526,9,2,2024-01-23T07:31:57.715777,completed
7041,526,133,5,2024-01-23T07:31:57.715777,completed
7042,526,164,4,2024-01-23T07:31:57.715777,completed
7043,526,17,3,2024-01-23T07:31:57.715777,pending
7044,526,117,5,2024-01-23T07:31:57.715777,completed
7045,970,170,1,2024-11-26T09:39:51.934379,completed
7046,529,169,4,2024-06-03T23:13:25.644547,completed
7047,529,149,1,2024-06-03T23:13:25.644547,completed
7048,529,87,5,2024-06-03T23:13:25.644547,completed
7049,529,145,5,2024-06-03T23:13:25.644547,completed
7050,529,48,5,2024-06-03T23:13:25.644547,pending
7051,395,44,4,2025-06-12T06:18:46.199910,completed
7052,136,143,1,2025-10-13T11:33:16.608876,completed
7053,861,62,5,2025-08-28T20:43:35.743441,completed
7054,59,108,3,2025-02-24T03:24:37.259310,completed
7055,59,50,2,2025-02-24T03:24:37.259310,completed
7056,610,162,3,2024-07-04T21:56:19.988625,completed
7057,610,167,5,2024-07-04T21:56:19.988625,completed
7058,610,48,4,2024-07-04T21:56:19.988625,pending
7059,610,165,1,2024-07-04T21:56:19.988625,completed
7060,754,170,3,2025-07-18T21:46:49.811223,completed
7061,754,169,3,2025-07-18T21:46:49.811223,completed
7062,754,37,5,2025-07-18T21:46:49.811223,completed
7063,93,58,3,2024-08-29T05:23:58.826343,completed
7064,93,118,2,2024-08-29T05:23:58.826343,completed
7065,273,116,5,2025-03-24T08:02:43.549948,completed
7066,273,104,4,2025-03-24T08:02:43.549948,completed
7067,273,181,3,2025-03-24T08:02:43.549948,completed
7068,273,16,3,2025-03-24T08:02:43.549948,completed
7069,273,64,3,2025-03-24T08:02:43.549948,completed
7070,364,179,4,2025-05-04T18:46:14.527659,completed
7071,364,196,1,2025-05-04T18:46:14.527659,completed
7072,835,95,1,2024-06-14T11:53:54.504772,refunded
7073,835,200,4,2024-06-14T11:53:54.504772,pending
7074,835,72,3,2024-06-14T11:53:54.504772,pending
7075,835,174,5,2024-06-14T11:53:54.504772,completed
7076,122,184,4,2025-10-26T21:58:14.677668,completed
7077,122,146,3,2025-10-26T21:58:14.677668,completed
7078,122,116,4,2025-10-26T21:58:14.677668,completed
7079,203,60,1,2024-02-05T06:50:38.463871,completed
7080,203,110,4,2024-02-05T06:50:38.463871,completed
7081,640,105,3,2024-03-30T12:56:18.659710,completed
7082,640,73,5,2024-03-30T12:56:18.659710,pending
7083,640,150,2,2024-03-30T12:56:18.659710,completed
7084,640,19,1,2024-03-30T12:56:18.659710,cancelled
7085,640,34,2,2024-03-30T12:56:18.659710,completed
7086,397,43,5,2025-02-01T08:29:56.403018,completed
7087,397,106,1,2025-02-01T08:29:56.403018,completed
7088,408,117,5,2024-09-02T11:09:40.805664,completed
7089,182,89,5,2024-09-04T18:58:06.928041,refunded
7090,182,97,5,2024-09-04T18:58:06.928041,completed
7091,159,189,2,2025-04-28T04:16:03.091212,completed
7092,159,155,5,2025-04-28T04:16:03.091212,completed
7093,159,188,4,2025-04-28T04:16:03.091212,completed
7094,159,141,4,2025-04-28T04:16:03.091212,completed
7095,159,64,4,2025-04-28T04:16:03.091212,completed
7096,382,4,3,2025-05-07T08:10:34.212727,completed
7097,382,78,1,2025-05-07T08:10:34.212727,completed
7098,382,32,3,2025-05-07T08:10:34.212727,pending
7099,382,64,2,2025-05-07T08:10:34.212727,completed
7100,205,136,1,2025-03-29T13:13:09.723048,completed
7101,205,191,2,2025-03-29T13:13:09.723048,completed
7102,205,49,1,2025-03-29T13:13:09.723048,completed
7103,205,196,1,2025-03-29T13:13:09.723048,completed
7104,205,154,1,2025-03-29T13:13:09.723048,completed
7105,675,103,1,2024-07-27T00:22:39.432656,cancelled
7106,675,38,3,2024-07-27T00:22:39.432656,completed
7107,675,158,2,2024-07-27T00:22:39.432656,pending
7108,675,186,3,2024-07-27T00:22:39.432656,completed
7109,578,56,3,2024-08-27T20:44:23.122554,completed
7110,210,148,5,2025-04-14T13:17:50.354727,completed
7111,210,127,1,2025-04-14T13:17:50.354727,completed
7112,210,83,5,2025-04-14T13:17:50.354727,completed
7113,210,39,3,2025-04-14T13:17:50.354727,pending
7114,210,163,4,2025-04-14T13:17:50.354727,completed
7115,761,76,3,2025-11-20T18:50:13.514588,completed
7116,761,3,2,2025-11-20T18:50:13.514588,completed
7117,188,87,1,2024-02-27T18:25:21.702692,completed
7118,188,60,4,2024-02-27T18:25:21.702692,refunded
7119,439,27,4,2024-05-22T03:23:28.657755,completed
7120,439,160,5,2024-05-22T03:23:28.657755,cancelled
7121,439,67,5,2024-05-22T03:23:28.657755,cancelled
7122,439,144,1,2024-05-22T03:23:28.657755,completed
7123,439,159,3,2024-05-22T03:23:28.657755,completed
7124,135,22,4,2024-06-03T17:57:08.477235,completed
7125,252,115,5,2024-02-06T05:32:21.613008,completed
7126,103,111,3,2025-10-14T20:20:34.869699,pending
7127,103,147,1,2025-10-14T20:20:34.869699,completed
7128,103,86,3,2025-10-14T20:20:34.869699,completed
7129,103,123,1,2025-10-14T20:20:34.869699,completed
7130,103,40,3,2025-10-14T20:20:34.869699,completed
7131,75,124,5,2025-02-28T18:27:53.192968,completed
7132,75,170,4,2025-02-28T18:27:53.192968,completed
7133,54,126,2,2025-07-06T17:10:27.926390,completed
7134,54,127,3,2025-07-06T17:10:27.926390,completed
7135,54,51,4,2025-07-06T17:10:27.926390,completed
7136,54,165,5,2025-07-06T17:10:27.926390,completed
7137,184,38,3,2025-05-05T12:59:39.730653,pending
7138,763,153,5,2025-05-03T23:51:30.212276,completed
7139,763,185,2,2025-05-03T23:51:30.212276,completed
7140,763,19,2,2025-05-03T23:51:30.212276,completed
7141,763,152,2,2025-05-03T23:51:30.212276,pending
7142,763,51,3,2025-05-03T23:51:30.212276,completed
7143,460,141,3,2025-08-14T03:04:39.623374,completed
7144,460,156,1,2025-08-14T03:04:39.623374,completed
7145,460,1,5,2025-08-14T03:04:39.623374,completed
7146,132,81,1,2025-06-21T05:49:24.344865,completed
7147,132,17,4,2025-06-21T05:49:24.344865,completed
7148,79,19,5,2025-03-18T03:59:11.752678,pending
7149,79,121,3,2025-03-18T03:59:11.752678,completed
7150,79,162,2,2025-03-18T03:59:11.752678,cancelled
7151,79,9,2,2025-03-18T03:59:11.752678,pending
7152,79,177,5,2025-03-18T03:59:11.752678,completed
7153,275,99,1,2025-08-20T00:35:05.252456,completed
7154,275,50,1,2025-08-20T00:35:05.252456,completed
7155,275,66,3,2025-08-20T00:35:05.252456,completed
7156,353,140,1,2024-08-18T10:50:50.075227,completed
7157,353,190,4,2024-08-18T10:50:50.075227,completed
7158,353,21,5,2024-08-18T10:50:50.075227,completed
7159,375,155,1,2024-02-16T09:54:51.466110,cancelled
7160,375,171,1,2024-02-16T09:54:51.466110,completed
7161,841,1,5,2025-05-31T00:36:06.374772,completed
7162,841,13,1,2025-05-31T00:36:06.374772,completed
7163,841,73,3,2025-05-31T00:36:06.374772,pending
7164,841,3,1,2025-05-31T00:36:06.374772,completed
7165,19,155,5,2025-10-12T12:06:01.729756,completed
7166,19,183,1,2025-10-12T12:06:01.729756,pending
7167,25,151,4,2024-03-11T12:33:32.848777,completed
7168,25,98,1,2024-03-11T12:33:32.848777,completed
7169,381,142,1,2024-06-12T12:45:53.209413,completed
7170,381,103,5,2024-06-12T12:45:53.209413,completed
7171,381,176,2,2024-06-12T12:45:53.209413,completed
7172,381,72,2,2024-06-12T12:45:53.209413,completed
7173,381,161,3,2024-06-12T12:45:53.209413,completed
7174,923,73,5,2024-09-03T12:12:33.185318,completed
7175,923,178,2,2024-09-03T12:12:33.185318,completed
7176,923,112,3,2024-09-03T12:12:33.185318,completed
7177,923,182,2,2024-09-03T12:12:33.185318,completed
7178,955,155,3,2024-01-11T06:30:34.678748,completed
7179,955,120,1,2024-01-11T06:30:34.678748,completed
7180,520,196,4,2025-12-15T20:49:17.345543,completed
7181,518,143,1,2024-04-20T20:12:08.848082,refunded
7182,518,124,1,2024-04-20T20:12:08.848082,completed
7183,518,11,5,2024-04-20T20:12:08.848082,completed
7184,518,153,3,2024-04-20T20:12:08.848082,pending
7185,518,44,1,2024-04-20T20:12:08.848082,completed
7186,698,100,1,2024-09-07T10:28:27.216748,completed
7187,698,97,5,2024-09-07T10:28:27.216748,completed
7188,347,13,2,2025-09-27T08:42:02.841153,completed
7189,347,88,1,2025-09-27T08:42:02.841153,completed
7190,347,42,4,2025-09-27T08:42:02.841153,completed
7191,347,103,4,2025-09-27T08:42:02.841153,completed
7192,347,62,2,2025-09-27T08:42:02.841153,completed
7193,322,154,1,2025-08-08T19:59:22.706028,completed
7194,322,121,3,2025-08-08T19:59:22.706028,completed
7195,286,123,1,2024-04-07T18:41:30.274637,pending
7196,286,186,2,2024-04-07T18:41:30.274637,cancelled
7197,286,179,2,2024-04-07T18:41:30.274637,completed
7198,769,75,4,2024-11-02T01:41:58.349172,completed
7199,843,147,3,2025-04-27T11:47:14.034977,completed
7200,843,87,4,2025-04-27T11:47:14.034977,pending
7201,843,187,4,2025-04-27T11:47:14.034977,completed
7202,843,63,4,2025-04-27T11:47:14.034977,completed
7203,843,148,3,2025-04-27T11:47:14.034977,completed
7204,591,1,2,2025-10-12T20:13:06.688015,completed
7205,591,94,1,2025-10-12T20:13:06.688015,completed
7206,591,60,3,2025-10-12T20:13:06.688015,completed
7207,591,4,3,2025-10-12T20:13:06.688015,completed
7208,569,2,4,2025-07-31T19:18:22.027378,completed
7209,569,56,1,2025-07-31T19:18:22.027378,completed
7210,569,100,1,2025-07-31T19:18:22.027378,completed
7211,569,133,2,2025-07-31T19:18:22.027378,completed
7212,9,12,5,2024-08-28T04:37:01.915916,pending
7213,9,34,1,2024-08-28T04:37:01.915916,completed
7214,9,188,4,2024-08-28T04:37:01.915916,completed
7215,9,140,5,2025-05-09T08:47:31.441603,completed
7216,9,151,1,2025-05-09T08:47:31.441603,refunded
7217,9,31,1,2025-05-09T08:47:31.441603,pending
7218,9,3,2,2025-05-09T08:47:31.441603,completed
7219,9,56,2,2025-05-09T08:47:31.441603,completed
7220,24,68,4,2025-01-06T09:44:38.477258,completed
7221,24,87,5,2025-01-06T09:44:38.477258,completed
7222,24,41,5,2025-01-06T09:44:38.477258,completed
7223,24,177,1,2025-01-06T09:44:38.477258,completed
7224,24,52,2,2025-01-06T09:44:38.477258,cancelled
7225,43,160,5,2024-12-17T04:46:48.528811,completed
7226,137,90,3,2025-01-10T00:39:00.211129,completed
7227,137,127,3,2025-01-10T00:39:00.211129,refunded
7228,137,76,5,2025-01-10T00:39:00.211129,cancelled
7229,137,170,1,2025-01-10T00:39:00.211129,completed
7230,766,155,2,2025-01-28T15:18:33.391816,completed
7231,766,73,1,2025-01-28T15:18:33.391816,completed
7232,766,178,5,2025-01-28T15:18:33.391816,completed
7233,766,74,5,2025-01-28T15:18:33.391816,completed
7234,766,85,3,2025-01-28T15:18:33.391816,completed
7235,543,73,3,2025-04-28T09:45:19.521124,completed
7236,543,196,4,2025-04-28T09:45:19.521124,completed
7237,172,176,5,2024-08-31T13:32:07.439786,completed
7238,172,95,3,2024-08-31T13:32:07.439786,completed
7239,172,39,4,2024-08-31T13:32:07.439786,completed
7240,172,32,4,2024-08-31T13:32:07.439786,completed
7241,172,127,4,2024-08-31T13:32:07.439786,pending
7242,318,109,4,2024-08-26T22:23:02.881804,pending
7243,318,8,2,2024-08-26T22:23:02.881804,completed
7244,318,115,4,2024-08-26T22:23:02.881804,completed
7245,318,3,2,2024-08-26T22:23:02.881804,completed
7246,318,76,1,2024-08-26T22:23:02.881804,completed
7247,374,19,3,2024-02-17T13:34:22.841246,cancelled
7248,698,18,4,2025-03-26T13:15:07.286514,completed
7249,744,109,4,2024-10-31T01:37:25.289940,pending
7250,324,14,5,2024-01-19T21:07:26.037187,completed
7251,324,89,2,2024-01-19T21:07:26.037187,completed
7252,324,135,3,2024-01-19T21:07:26.037187,completed
7253,324,113,2,2024-01-19T21:07:26.037187,completed
7254,315,146,4,2025-03-05T21:14:45.902326,cancelled
7255,315,68,3,2025-03-05T21:14:45.902326,completed
7256,315,15,3,2025-03-05T21:14:45.902326,completed
7257,315,182,4,2025-03-05T21:14:45.902326,completed
7258,327,32,5,2025-10-14T20:21:59.587552,completed
7259,327,147,5,2025-10-14T20:21:59.587552,completed
7260,327,189,3,2025-10-14T20:21:59.587552,pending
7261,327,21,4,2025-10-14T20:21:59.587552,completed
7262,440,100,2,2024-02-17T23:38:51.518789,completed
7263,440,32,3,2024-02-17T23:38:51.518789,completed
7264,440,142,4,2024-02-17T23:38:51.518789,completed
7265,687,118,4,2024-06-07T12:40:07.165911,completed
7266,687,102,2,2024-06-07T12:40:07.165911,refunded
7267,687,141,4,2024-06-07T12:40:07.165911,pending
7268,687,2,1,2024-06-07T12:40:07.165911,completed
7269,687,96,2,2024-06-07T12:40:07.165911,pending
7270,826,145,2,2024-02-27T10:35:54.695613,completed
7271,618,111,2,2024-12-03T02:52:57.306131,completed
7272,618,126,2,2024-12-03T02:52:57.306131,completed
7273,618,62,5,2024-12-03T02:52:57.306131,completed
7274,218,54,4,2025-10-09T17:59:49.452160,completed
7275,218,145,1,2025-10-09T17:59:49.452160,completed
7276,575,83,2,2024-07-30T07:57:14.343036,pending
7277,575,62,4,2024-07-30T07:57:14.343036,completed
7278,881,168,4,2025-08-17T08:47:52.434438,cancelled
7279,881,48,5,2025-08-17T08:47:52.434438,cancelled
7280,881,67,2,2025-08-17T08:47:52.434438,completed
7281,881,43,5,2025-08-17T08:47:52.434438,pending
7282,881,113,2,2025-08-17T08:47:52.434438,completed
7283,245,6,1,2024-08-05T08:12:16.667483,completed
7284,245,148,1,2024-08-05T08:12:16.667483,completed
7285,632,59,2,2025-05-03T18:53:36.687645,completed
7286,632,195,3,2025-05-03T18:53:36.687645,completed
7287,985,127,5,2025-05-06T23:35:15.403136,completed
7288,985,169,2,2025-05-06T23:35:15.403136,pending
7289,985,19,1,2025-05-06T23:35:15.403136,completed
7290,495,83,3,2025-05-14T05:08:49.874583,completed
7291,495,22,2,2025-05-14T05:08:49.874583,pending
7292,495,85,1,2025-05-14T05:08:49.874583,cancelled
7293,454,112,5,2025-10-25T18:26:58.079877,completed
7294,454,146,2,2025-10-25T18:26:58.079877,completed
7295,454,177,2,2025-10-25T18:26:58.079877,completed
7296,4,73,2,2024-10-21T04:46:31.059721,completed
7297,4,63,4,2024-10-21T04:46:31.059721,refunded
7298,4,55,2,2024-10-21T04:46:31.059721,cancelled
7299,4,173,4,2024-10-21T04:46:31.059721,completed
7300,479,53,4,2024-12-01T03:01:07.144074,pending
7301,479,20,5,2024-12-01T03:01:07.144074,completed
7302,35,103,1,2025-01-21T04:38:47.758797,cancelled
7303,35,77,4,2025-01-21T04:38:47.758797,completed
7304,35,187,5,2025-01-21T04:38:47.758797,completed
7305,35,123,2,2025-01-21T04:38:47.758797,completed
7306,36,158,5,2024-03-08T14:03:04.559839,completed
7307,36,81,3,2024-03-08T14:03:04.559839,completed
7308,36,44,3,2024-03-08T14:03:04.559839,completed
7309,844,164,4,2024-11-17T18:33:49.091664,completed
7310,305,34,4,2024-06-18T16:54:30.034158,completed
7311,692,122,2,2024-06-20T16:45:10.349797,completed
7312,692,195,4,2024-06-20T16:45:10.349797,completed
7313,692,94,5,2024-06-20T16:45:10.349797,cancelled
7314,692,130,4,2024-06-20T16:45:10.349797,pending
7315,15,63,4,2024-02-28T16:25:34.018049,completed
7316,521,163,4,2025-08-28T01:31:25.604105,completed
7317,521,104,3,2025-08-28T01:31:25.604105,completed
7318,521,68,3,2025-08-28T01:31:25.604105,completed
7319,498,54,5,2025-08-29T19:51:48.463547,completed
7320,498,27,5,2025-08-29T19:51:48.463547,pending
7321,498,134,3,2025-08-29T19:51:48.463547,pending
7322,498,56,5,2025-08-29T19:51:48.463547,completed
7323,498,151,3,2025-08-29T19:51:48.463547,completed
7324,724,110,3,2025-04-21T18:16:58.887689,pending
7325,724,9,1,2025-04-21T18:16:58.887689,pending
7326,724,151,5,2025-04-21T18:16:58.887689,completed
7327,724,190,2,2025-04-21T18:16:58.887689,completed
7328,724,159,4,2025-04-21T18:16:58.887689,completed
7329,447,56,2,2025-08-18T13:51:54.629852,refunded
7330,447,33,3,2025-08-18T13:51:54.629852,pending
7331,447,34,1,2025-08-18T13:51:54.629852,completed
7332,161,150,1,2024-09-19T13:10:59.705966,completed
7333,161,181,3,2024-09-19T13:10:59.705966,completed
7334,161,137,3,2024-09-19T13:10:59.705966,completed
7335,161,167,1,2024-09-19T13:10:59.705966,completed
7336,161,20,1,2024-09-19T13:10:59.705966,completed
7337,462,190,2,2024-10-25T01:40:53.725973,pending
7338,462,179,5,2024-10-25T01:40:53.725973,completed
7339,462,42,3,2024-10-25T01:40:53.725973,cancelled
7340,462,36,3,2024-10-25T01:40:53.725973,completed
7341,911,88,4,2025-05-31T06:57:54.215053,completed
7342,911,102,4,2025-05-31T06:57:54.215053,completed
7343,526,135,5,2025-09-16T02:10:01.478337,completed
7344,526,37,4,2025-09-16T02:10:01.478337,completed
7345,526,33,5,2025-09-16T02:10:01.478337,refunded
7346,526,53,3,2025-09-16T02:10:01.478337,completed
7347,526,116,5,2025-09-16T02:10:01.478337,completed
7348,715,188,2,2024-04-20T18:44:10.192797,completed
7349,262,165,5,2024-10-26T16:39:50.960541,completed
7350,262,95,3,2024-10-26T16:39:50.960541,completed
7351,262,103,3,2024-10-26T16:39:50.960541,completed
7352,262,79,4,2024-10-26T16:39:50.960541,completed
7353,262,120,5,2024-10-26T16:39:50.960541,completed
7354,397,174,2,2025-09-25T22:31:49.037987,refunded
7355,397,139,5,2025-09-25T22:31:49.037987,pending
7356,456,52,1,2024-04-25T21:41:45.913032,completed
7357,456,102,5,2024-04-25T21:41:45.913032,completed
7358,902,107,4,2024-10-25T21:36:24.473044,completed
7359,902,22,1,2024-10-25T21:36:24.473044,completed
7360,331,82,5,2024-12-30T04:34:59.375646,completed
7361,331,188,3,2024-12-30T04:34:59.375646,completed
7362,331,116,5,2024-12-30T04:34:59.375646,cancelled
7363,331,193,4,2025-01-07T23:22:30.323196,completed
7364,331,195,2,2025-01-07T23:22:30.323196,completed
7365,331,92,4,2025-01-07T23:22:30.323196,completed
7366,8,99,5,2024-12-28T08:12:09.923816,completed
7367,534,136,1,2025-07-15T07:17:59.416989,completed
7368,534,34,4,2025-07-15T07:17:59.416989,completed
7369,534,75,3,2025-07-15T07:17:59.416989,completed
7370,534,175,2,2025-07-15T07:17:59.416989,completed
7371,263,67,5,2024-11-07T20:58:31.012883,completed
7372,263,18,4,2024-11-07T20:58:31.012883,cancelled
7373,263,198,1,2024-11-07T20:58:31.012883,completed
7374,869,52,4,2024-04-15T15:58:22.757303,cancelled
7375,869,136,4,2024-04-15T15:58:22.757303,completed
7376,795,82,1,2025-02-23T07:30:40.848450,completed
7377,795,121,4,2025-02-23T07:30:40.848450,completed
7378,252,50,3,2025-11-01T10:02:21.104718,completed
7379,252,12,2,2025-11-01T10:02:21.104718,completed
7380,252,160,4,2025-11-01T10:02:21.104718,completed
7381,252,77,1,2025-11-01T10:02:21.104718,completed
7382,341,139,5,2024-10-25T14:16:10.855578,completed
7383,229,156,3,2024-06-08T21:49:18.990484,completed
7384,218,172,5,2025-03-05T19:07:18.993359,completed
7385,218,149,1,2025-03-05T19:07:18.993359,pending
7386,218,4,4,2025-03-05T19:07:18.993359,completed
7387,889,125,5,2024-10-31T03:21:00.470415,completed
7388,889,35,2,2024-10-31T03:21:00.470415,completed
7389,889,70,5,2024-10-31T03:21:00.470415,completed
7390,889,87,1,2024-10-31T03:21:00.470415,completed
7391,889,40,1,2024-10-31T03:21:00.470415,completed
7392,363,193,5,2024-01-04T16:27:54.409084,refunded
7393,363,177,1,2024-01-04T16:27:54.409084,completed
7394,363,126,4,2024-01-04T16:27:54.409084,completed
7395,363,77,2,2024-01-04T16:27:54.409084,completed
7396,694,87,5,2025-08-28T12:46:03.219941,pending
7397,780,12,2,2025-10-25T03:23:14.617510,completed
7398,780,36,3,2025-10-25T03:23:14.617510,completed
7399,780,169,1,2025-10-25T03:23:14.617510,pending
7400,780,111,1,2025-10-25T03:23:14.617510,completed
7401,780,1,5,2025-10-25T03:23:14.617510,completed
7402,782,86,3,2025-03-01T13:32:10.391518,completed
7403,782,134,1,2025-03-01T13:32:10.391518,completed
7404,865,40,1,2025-11-13T18:30:56.799248,completed
7405,865,11,4,2025-11-13T18:30:56.799248,completed
7406,865,59,4,2025-11-13T18:30:56.799248,completed
7407,448,93,3,2024-11-03T07:25:24.770544,completed
7408,448,157,4,2024-11-03T07:25:24.770544,completed
7409,448,94,5,2024-11-03T07:25:24.770544,completed
7410,448,30,2,2024-11-03T07:25:24.770544,completed
7411,535,156,5,2024-12-15T20:33:03.349889,pending
7412,535,82,5,2024-12-15T20:33:03.349889,pending
7413,284,147,4,2024-02-02T06:37:33.246450,completed
7414,663,44,1,2024-08-22T02:04:05.545731,completed
7415,663,110,3,2024-08-22T02:04:05.545731,completed
7416,386,194,4,2025-05-24T06:01:05.114721,completed
7417,386,72,5,2025-05-24T06:01:05.114721,completed
7418,386,43,4,2025-05-24T06:01:05.114721,completed
7419,386,118,1,2025-05-24T06:01:05.114721,completed
7420,386,108,2,2025-05-24T06:01:05.114721,pending
7421,219,96,1,2025-05-30T16:45:45.349284,refunded
7422,543,120,5,2025-08-12T00:58:14.094342,completed
7423,302,98,3,2025-01-18T07:09:45.159704,completed
7424,302,93,4,2025-01-18T07:09:45.159704,completed
7425,608,108,2,2025-10-21T07:08:20.409192,completed
7426,472,57,4,2024-03-21T06:54:33.859387,completed
7427,472,168,5,2024-03-21T06:54:33.859387,completed
7428,594,39,2,2025-04-28T14:42:32.296004,completed
7429,696,15,3,2025-06-01T12:05:23.095364,pending
7430,696,10,5,2025-06-01T12:05:23.095364,completed
7431,696,182,4,2025-06-01T12:05:23.095364,completed
7432,696,196,5,2025-06-01T12:05:23.095364,completed
7433,696,110,4,2025-06-01T12:05:23.095364,refunded
7434,595,181,4,2024-11-06T21:05:35.595680,completed
7435,595,67,3,2024-11-06T21:05:35.595680,completed
7436,595,19,5,2024-11-06T21:05:35.595680,completed
7437,839,139,2,2025-04-28T06:16:44.039308,completed
7438,839,160,1,2025-04-28T06:16:44.039308,completed
7439,839,176,1,2025-04-28T06:16:44.039308,completed
7440,839,11,5,2025-04-28T06:16:44.039308,completed
7441,839,116,5,2025-04-28T06:16:44.039308,completed
7442,523,196,4,2024-03-02T23:08:25.678547,pending
7443,523,183,2,2024-03-02T23:08:25.678547,completed
7444,523,161,5,2024-03-02T23:08:25.678547,completed
7445,523,100,4,2024-03-02T23:08:25.678547,completed
7446,523,43,1,2024-03-02T23:08:25.678547,pending
7447,983,176,4,2024-04-25T11:56:26.728955,completed
7448,155,152,1,2025-06-28T13:00:09.291820,completed
7449,155,103,5,2025-06-28T13:00:09.291820,completed
7450,871,189,5,2024-07-12T18:30:24.385670,completed
7451,871,23,5,2024-07-12T18:30:24.385670,completed
7452,871,141,5,2024-07-12T18:30:24.385670,completed
7453,397,131,2,2024-06-05T08:05:56.887559,pending
7454,28,2,5,2025-07-09T08:38:47.695120,completed
7455,28,103,1,2025-07-09T08:38:47.695120,completed
7456,28,100,5,2025-07-09T08:38:47.695120,completed
7457,28,184,4,2025-07-09T08:38:47.695120,completed
7458,604,37,2,2025-10-22T19:28:25.193080,completed
7459,604,100,5,2025-10-22T19:28:25.193080,completed
7460,604,142,4,2025-10-22T19:28:25.193080,completed
7461,604,156,5,2025-10-22T19:28:25.193080,cancelled
7462,604,60,1,2025-10-22T19:28:25.193080,completed
7463,324,108,4,2025-01-11T12:48:59.350138,completed
7464,524,106,3,2024-01-18T01:18:14.253207,completed
7465,524,133,4,2024-01-18T01:18:14.253207,completed
7466,524,187,4,2024-01-18T01:18:14.253207,completed
7467,524,58,1,2024-01-18T01:18:14.253207,completed
7468,524,49,2,2024-01-18T01:18:14.253207,completed
7469,338,162,3,2024-12-21T16:58:41.509108,completed
7470,338,11,1,2024-12-21T16:58:41.509108,completed
7471,338,175,1,2024-12-21T16:58:41.509108,completed
7472,633,173,3,2025-09-02T00:10:41.444268,completed
7473,633,190,3,2025-09-02T00:10:41.444268,completed
7474,633,57,5,2025-09-02T00:10:41.444268,completed
7475,633,133,1,2025-09-02T00:10:41.444268,refunded
7476,633,71,3,2025-09-02T00:10:41.444268,completed
7477,910,14,2,2024-02-25T00:28:24.074721,cancelled
7478,910,167,3,2024-02-25T00:28:24.074721,pending
7479,910,180,2,2024-02-25T00:28:24.074721,completed
7480,910,27,4,2024-02-25T00:28:24.074721,completed
7481,643,199,1,2024-07-21T01:34:57.876657,completed
7482,643,137,4,2024-07-21T01:34:57.876657,pending
7483,643,155,4,2024-07-21T01:34:57.876657,completed
7484,643,20,5,2024-07-21T01:34:57.876657,completed
7485,904,60,3,2024-04-10T03:57:30.570730,pending
7486,904,164,3,2024-04-10T03:57:30.570730,completed
7487,525,68,5,2024-04-05T01:10:06.295209,pending
7488,525,106,1,2024-04-05T01:10:06.295209,cancelled
7489,525,122,2,2024-04-05T01:10:06.295209,pending
7490,434,77,2,2025-03-08T22:29:46.837210,cancelled
7491,434,6,5,2025-03-08T22:29:46.837210,completed
7492,434,17,2,2025-03-08T22:29:46.837210,completed
7493,434,111,5,2025-03-08T22:29:46.837210,completed
7494,890,91,5,2024-06-14T22:27:38.329618,cancelled
7495,375,181,2,2024-07-25T11:15:20.611688,completed
7496,375,42,2,2024-07-25T11:15:20.611688,completed
7497,375,154,4,2024-07-25T11:15:20.611688,cancelled
7498,375,172,2,2024-07-25T11:15:20.611688,completed
7499,140,23,3,2024-01-23T16:38:27.540273,completed
7500,140,85,2,2024-01-23T16:38:27.540273,completed
7501,140,144,3,2024-01-23T16:38:27.540273,completed
7502,140,95,3,2024-01-23T16:38:27.540273,completed
7503,140,181,3,2024-01-23T16:38:27.540273,completed
7504,261,64,4,2025-04-30T07:46:20.750952,cancelled
7505,261,150,3,2025-04-30T07:46:20.750952,completed
7506,261,111,4,2025-04-30T07:46:20.750952,pending
7507,261,100,3,2025-04-30T07:46:20.750952,completed
7508,261,7,1,2025-04-30T07:46:20.750952,completed
7509,648,92,4,2025-01-27T21:14:56.039184,completed
7510,648,140,5,2025-01-27T21:14:56.039184,completed
7511,648,73,1,2025-01-27T21:14:56.039184,completed
7512,648,167,3,2025-01-27T21:14:56.039184,completed
7513,648,22,2,2025-01-27T21:14:56.039184,pending
7514,79,171,1,2025-07-16T16:33:37.446729,completed
7515,79,25,3,2025-07-16T16:33:37.446729,pending
7516,79,104,1,2025-07-16T16:33:37.446729,completed
7517,79,145,3,2025-07-16T16:33:37.446729,pending
7518,79,142,4,2025-07-16T16:33:37.446729,completed
7519,911,181,5,2024-06-11T11:16:14.948139,completed
7520,576,178,4,2024-06-17T21:01:24.646474,completed
7521,576,125,2,2024-06-17T21:01:24.646474,completed
7522,737,138,3,2024-03-26T17:54:12.875671,completed
7523,737,104,2,2024-03-26T17:54:12.875671,refunded
7524,790,39,4,2024-09-10T05:49:59.554889,cancelled
7525,650,192,5,2024-09-17T00:24:45.428714,completed
7526,650,8,2,2024-09-17T00:24:45.428714,completed
7527,650,148,2,2024-09-17T00:24:45.428714,completed
7528,464,32,4,2024-09-22T12:05:48.900772,completed
7529,464,154,1,2024-09-22T12:05:48.900772,completed
7530,464,192,3,2024-09-22T12:05:48.900772,completed
7531,464,97,2,2024-09-22T12:05:48.900772,completed
7532,831,35,2,2024-05-03T22:38:22.944355,completed
7533,716,69,5,2025-03-10T06:31:45.711474,completed
7534,716,158,1,2025-03-10T06:31:45.711474,pending
7535,214,109,4,2024-03-10T10:40:43.700398,completed
7536,214,142,1,2024-03-10T10:40:43.700398,completed
7537,214,57,4,2024-03-10T10:40:43.700398,completed
7538,214,108,3,2024-03-10T10:40:43.700398,completed
7539,312,104,3,2024-08-18T21:46:52.305550,completed
7540,312,31,2,2024-08-18T21:46:52.305550,completed
7541,312,71,3,2024-08-18T21:46:52.305550,completed
7542,312,93,4,2025-02-24T06:33:31.595098,pending
7543,312,112,1,2025-02-24T06:33:31.595098,completed
7544,312,79,2,2025-02-24T06:33:31.595098,completed
7545,312,36,2,2025-02-24T06:33:31.595098,completed
7546,69,150,4,2025-06-19T16:50:05.358024,pending
7547,69,193,3,2025-06-19T16:50:05.358024,completed
7548,69,92,2,2025-06-19T16:50:05.358024,completed
7549,69,189,4,2025-06-19T16:50:05.358024,completed
7550,69,165,4,2025-06-19T16:50:05.358024,pending
7551,270,77,5,2025-03-24T04:58:35.584898,completed
7552,222,83,3,2024-05-10T17:16:55.758950,completed
7553,222,1,2,2024-05-10T17:16:55.758950,pending
7554,222,46,3,2024-05-10T17:16:55.758950,completed
7555,222,191,3,2024-05-10T17:16:55.758950,pending
7556,222,86,4,2024-05-10T17:16:55.758950,completed
7557,185,138,4,2024-02-21T02:19:05.260277,completed
7558,185,59,2,2024-02-21T02:19:05.260277,completed
7559,185,147,3,2024-02-21T02:19:05.260277,completed
7560,185,1,1,2024-02-21T02:19:05.260277,completed
7561,185,77,4,2024-02-21T02:19:05.260277,completed
7562,850,39,1,2025-09-02T11:13:51.899259,completed
7563,850,92,5,2025-09-02T11:13:51.899259,completed
7564,530,151,2,2024-05-17T07:46:50.210365,pending
7565,530,82,1,2024-05-17T07:46:50.210365,completed
7566,530,55,5,2024-05-17T07:46:50.210365,completed
7567,530,17,2,2024-05-17T07:46:50.210365,completed
7568,667,109,1,2024-07-26T11:21:21.183635,completed
7569,667,25,3,2024-07-26T11:21:21.183635,completed
7570,667,132,1,2024-07-26T11:21:21.183635,completed
7571,667,50,5,2024-07-26T11:21:21.183635,completed
7572,250,80,2,2024-11-03T08:20:09.876351,completed
7573,333,17,3,2025-03-14T05:15:18.580385,completed
7574,493,106,4,2024-06-02T07:43:52.407370,completed
7575,493,44,1,2024-06-02T07:43:52.407370,completed
7576,493,162,1,2024-06-02T07:43:52.407370,completed
7577,493,27,4,2024-06-02T07:43:52.407370,completed
7578,493,4,3,2024-06-02T07:43:52.407370,completed
7579,132,195,4,2025-07-24T01:50:28.726901,completed
7580,132,117,1,2025-07-24T01:50:28.726901,completed
7581,132,14,4,2025-07-24T01:50:28.726901,pending
7582,673,63,1,2025-09-28T14:08:32.937469,completed
7583,673,185,3,2025-09-28T14:08:32.937469,completed
7584,761,4,1,2025-05-04T19:39:46.987411,completed
7585,761,104,2,2025-05-04T19:39:46.987411,completed
7586,982,111,1,2025-09-06T01:23:03.977871,completed
7587,982,86,2,2025-09-06T01:23:03.977871,completed
7588,982,166,1,2025-09-06T01:23:03.977871,completed
7589,982,177,2,2025-09-06T01:23:03.977871,completed
7590,982,179,4,2025-09-06T01:23:03.977871,completed
7591,106,20,5,2025-04-19T07:55:58.096865,completed
7592,106,66,1,2025-04-19T07:55:58.096865,completed
7593,106,82,4,2025-04-19T07:55:58.096865,completed
7594,256,190,2,2025-02-20T11:08:38.058134,completed
7595,256,133,2,2025-02-20T11:08:38.058134,completed
7596,33,60,2,2024-12-08T05:44:15.176576,completed
7597,33,151,1,2024-12-08T05:44:15.176576,completed
7598,33,34,2,2024-12-08T05:44:15.176576,completed
7599,98,194,2,2025-04-29T08:39:43.305739,completed
7600,98,12,3,2025-04-29T08:39:43.305739,completed
7601,98,20,5,2025-04-29T08:39:43.305739,completed
7602,98,30,2,2025-04-29T08:39:43.305739,completed
7603,98,195,3,2025-04-29T08:39:43.305739,completed
7604,388,55,2,2024-03-08T06:09:12.406902,completed
7605,613,86,3,2024-01-01T11:42:45.900398,completed
7606,613,106,2,2024-01-01T11:42:45.900398,completed
7607,613,174,5,2024-01-01T11:42:45.900398,completed
7608,792,157,1,2024-04-06T09:12:39.057218,completed
7609,792,114,5,2024-04-06T09:12:39.057218,completed
7610,792,110,4,2024-04-06T09:12:39.057218,completed
7611,179,187,5,2025-02-19T22:42:38.380470,cancelled
7612,254,193,4,2025-11-12T23:17:24.101798,completed
7613,254,117,2,2025-11-12T23:17:24.101798,completed
7614,254,163,5,2025-11-12T23:17:24.101798,completed
7615,254,172,3,2025-11-12T23:17:24.101798,completed
7616,484,92,1,2025-11-03T18:27:40.364634,completed
7617,484,104,2,2025-11-03T18:27:40.364634,refunded
7618,983,95,3,2025-03-06T20:31:49.132520,completed
7619,983,86,4,2025-03-06T20:31:49.132520,cancelled
7620,983,145,3,2025-03-06T20:31:49.132520,completed
7621,983,17,5,2025-03-06T20:31:49.132520,completed
7622,939,107,4,2024-09-30T16:58:41.350446,completed
7623,939,77,3,2024-09-30T16:58:41.350446,completed
7624,939,27,4,2024-09-30T16:58:41.350446,pending
7625,939,69,3,2024-09-30T16:58:41.350446,completed
7626,900,200,4,2025-07-14T08:54:53.079456,completed
7627,900,70,2,2025-07-14T08:54:53.079456,completed
7628,900,196,5,2025-07-14T08:54:53.079456,completed
7629,900,101,4,2025-07-14T08:54:53.079456,completed
7630,650,142,3,2024-08-25T02:44:22.781149,completed
7631,650,87,4,2024-08-25T02:44:22.781149,completed
7632,650,192,5,2024-08-25T02:44:22.781149,completed
7633,650,64,1,2024-08-25T02:44:22.781149,completed
7634,650,40,1,2024-08-25T02:44:22.781149,completed
7635,469,51,2,2024-02-05T20:47:33.358981,completed
7636,469,191,2,2024-02-05T20:47:33.358981,cancelled
7637,469,161,3,2024-02-05T20:47:33.358981,completed
7638,469,141,3,2024-02-05T20:47:33.358981,completed
7639,440,172,1,2024-11-15T01:28:07.095113,completed
7640,440,148,1,2024-11-15T01:28:07.095113,completed
7641,552,76,4,2025-09-07T03:19:11.837381,completed
7642,552,145,2,2025-09-07T03:19:11.837381,completed
7643,771,169,2,2024-12-26T22:21:37.576249,completed
7644,771,20,5,2024-12-26T22:21:37.576249,completed
7645,771,107,4,2024-12-26T22:21:37.576249,pending
7646,771,25,5,2024-12-26T22:21:37.576249,completed
7647,771,91,4,2024-12-26T22:21:37.576249,completed
7648,251,128,2,2025-08-26T21:40:54.845673,completed
7649,389,121,2,2024-04-02T03:07:42.397321,completed
7650,792,25,3,2025-03-13T17:48:03.329247,completed
7651,434,142,2,2025-06-16T03:50:51.143015,completed
7652,434,183,3,2025-06-16T03:50:51.143015,completed
7653,434,5,1,2025-06-16T03:50:51.143015,completed
7654,434,143,1,2025-06-16T03:50:51.143015,refunded
7655,408,152,3,2025-06-07T00:57:59.813722,completed
7656,408,197,4,2025-06-07T00:57:59.813722,completed
7657,332,37,2,2024-12-12T06:38:45.058703,completed
7658,332,192,3,2024-12-12T06:38:45.058703,completed
7659,332,149,4,2024-12-12T06:38:45.058703,completed
7660,836,154,4,2025-08-11T00:16:00.068121,completed
7661,836,28,5,2025-08-11T00:16:00.068121,pending
7662,603,3,5,2024-04-12T14:58:20.499144,completed
7663,603,56,1,2024-04-12T14:58:20.499144,refunded
7664,603,102,1,2024-04-12T14:58:20.499144,completed
7665,424,184,1,2024-03-01T11:56:13.753361,completed
7666,424,75,4,2024-03-01T11:56:13.753361,refunded
7667,424,146,1,2024-03-01T11:56:13.753361,completed
7668,424,118,5,2024-03-01T11:56:13.753361,completed
7669,337,154,1,2025-01-25T16:05:27.632190,completed
7670,337,29,4,2025-01-25T16:05:27.632190,completed
7671,359,8,2,2024-10-05T23:57:54.639421,completed
7672,359,30,3,2024-10-05T23:57:54.639421,completed
7673,359,103,1,2024-10-05T23:57:54.639421,completed
7674,359,199,1,2024-10-05T23:57:54.639421,completed
7675,359,184,2,2024-10-05T23:57:54.639421,completed
7676,279,122,4,2025-10-08T07:12:20.406577,pending
7677,279,171,2,2025-10-08T07:12:20.406577,cancelled
7678,281,26,3,2025-07-17T17:19:52.997413,completed
7679,281,73,1,2025-07-17T17:19:52.997413,cancelled
7680,281,12,4,2025-07-17T17:19:52.997413,completed
7681,281,145,2,2025-07-17T17:19:52.997413,completed
7682,281,140,3,2025-07-17T17:19:52.997413,cancelled
7683,94,103,1,2024-11-08T07:06:39.524135,refunded
7684,593,170,1,2025-04-30T05:35:23.322545,pending
7685,593,169,2,2025-04-30T05:35:23.322545,pending
7686,593,22,1,2025-04-30T05:35:23.322545,completed
7687,593,198,5,2025-04-30T05:35:23.322545,pending
7688,593,7,4,2025-04-30T05:35:23.322545,pending
7689,949,104,5,2024-11-02T19:33:09.160672,refunded
7690,766,159,5,2024-12-08T12:47:23.000535,completed
7691,299,32,2,2025-07-07T12:24:46.209315,completed
7692,299,198,3,2025-07-07T12:24:46.209315,completed
7693,268,16,3,2024-09-08T04:16:15.835413,completed
7694,268,54,4,2024-09-08T04:16:15.835413,completed
7695,490,172,2,2025-02-05T13:55:36.035793,cancelled
7696,490,25,4,2025-02-05T13:55:36.035793,completed
7697,490,125,3,2025-02-05T13:55:36.035793,completed
7698,490,152,1,2025-02-05T13:55:36.035793,pending
7699,490,26,1,2025-02-05T13:55:36.035793,completed
7700,119,35,1,2025-05-02T11:00:45.859061,completed
7701,119,181,3,2025-05-02T11:00:45.859061,cancelled
7702,837,35,3,2024-12-10T22:14:58.008582,cancelled
7703,686,42,5,2024-11-07T20:53:45.700182,completed
7704,671,75,1,2024-07-21T06:13:54.231423,completed
7705,861,118,4,2025-09-02T04:16:23.997939,cancelled
7706,861,162,1,2025-09-02T04:16:23.997939,completed
7707,861,77,5,2025-09-02T04:16:23.997939,completed
7708,861,82,4,2025-09-02T04:16:23.997939,completed
7709,861,35,5,2025-09-02T04:16:23.997939,completed
7710,390,110,1,2025-06-13T20:33:00.098089,completed
7711,390,49,1,2025-06-13T20:33:00.098089,completed
7712,390,155,4,2025-06-13T20:33:00.098089,completed
7713,994,169,4,2025-08-25T21:44:39.799147,completed
7714,592,44,2,2024-02-18T02:20:18.198766,completed
7715,592,64,3,2024-02-18T02:20:18.198766,pending
7716,592,165,1,2024-02-18T02:20:18.198766,completed
7717,85,56,4,2025-09-11T15:14:16.599838,completed
7718,85,85,4,2025-09-11T15:14:16.599838,cancelled
7719,85,14,2,2025-09-11T15:14:16.599838,completed
7720,417,65,2,2024-01-31T04:53:44.608164,completed
7721,417,89,4,2024-01-31T04:53:44.608164,completed
7722,417,87,1,2024-01-31T04:53:44.608164,completed
7723,417,43,3,2024-01-31T04:53:44.608164,completed
7724,417,83,1,2024-01-31T04:53:44.608164,cancelled
7725,478,139,5,2024-07-08T05:13:59.823882,completed
7726,478,153,3,2024-07-08T05:13:59.823882,completed
7727,478,181,5,2024-07-08T05:13:59.823882,completed
7728,478,158,5,2024-07-08T05:13:59.823882,refunded
7729,478,71,5,2024-07-08T05:13:59.823882,completed
7730,60,95,1,2024-01-27T06:54:17.294940,completed
7731,644,111,4,2025-08-02T19:20:42.695919,completed
7732,644,116,3,2025-08-02T19:20:42.695919,completed
7733,644,90,3,2025-08-02T19:20:42.695919,pending
7734,873,115,1,2024-04-28T15:59:47.806098,completed
7735,873,164,4,2024-04-28T15:59:47.806098,completed
7736,779,104,3,2024-03-25T14:09:37.620994,completed
7737,779,94,1,2024-03-25T14:09:37.620994,completed
7738,779,7,1,2024-03-25T14:09:37.620994,completed
7739,880,29,4,2025-04-05T23:37:23.592612,completed
7740,880,57,4,2025-04-05T23:37:23.592612,pending
7741,880,2,3,2025-04-05T23:37:23.592612,completed
7742,718,114,4,2025-06-15T06:08:35.865570,completed
7743,718,200,5,2025-06-15T06:08:35.865570,completed
7744,718,27,3,2025-06-15T06:08:35.865570,refunded
7745,718,2,1,2025-06-15T06:08:35.865570,completed
7746,718,1,5,2025-06-15T06:08:35.865570,completed
7747,484,44,1,2025-01-04T08:08:17.470234,completed
7748,484,50,2,2025-01-04T08:08:17.470234,completed
7749,484,129,2,2025-01-04T08:08:17.470234,completed
7750,484,185,2,2025-01-04T08:08:17.470234,completed
7751,159,4,4,2025-02-02T08:27:35.058298,completed
7752,159,138,2,2025-02-02T08:27:35.058298,completed
7753,159,72,3,2025-02-02T08:27:35.058298,refunded
7754,606,77,1,2025-01-29T07:51:54.310644,completed
7755,606,9,5,2025-01-29T07:51:54.310644,completed
7756,606,1,5,2025-01-29T07:51:54.310644,pending
7757,606,70,2,2025-01-29T07:51:54.310644,completed
7758,606,24,1,2025-01-29T07:51:54.310644,completed
7759,959,89,1,2024-01-14T22:33:51.531024,pending
7760,959,171,3,2024-01-14T22:33:51.531024,completed
7761,991,38,5,2024-05-24T13:45:27.788017,completed
7762,991,43,1,2024-05-24T13:45:27.788017,completed
7763,991,197,4,2024-05-24T13:45:27.788017,completed
7764,991,165,3,2024-05-24T13:45:27.788017,cancelled
7765,570,154,4,2025-11-06T16:39:54.007754,completed
7766,30,139,1,2025-03-30T22:58:30.531183,completed
7767,30,5,3,2025-03-30T22:58:30.531183,completed
7768,295,63,5,2025-09-24T03:11:05.815399,completed
7769,295,78,2,2025-09-24T03:11:05.815399,completed
7770,295,20,5,2025-09-24T03:11:05.815399,completed
7771,98,74,4,2024-04-23T04:51:00.097509,completed
7772,98,121,3,2024-04-23T04:51:00.097509,completed
7773,98,143,2,2024-04-23T04:51:00.097509,completed
7774,180,165,5,2024-08-07T22:20:02.874344,completed
7775,949,58,3,2024-10-07T23:12:35.622576,completed
7776,949,6,5,2024-10-07T23:12:35.622576,completed
7777,949,99,1,2024-10-07T23:12:35.622576,completed
7778,949,57,2,2024-10-07T23:12:35.622576,completed
7779,949,194,5,2024-10-07T23:12:35.622576,completed
7780,684,25,5,2025-06-29T00:16:57.672977,completed
7781,684,57,4,2025-06-29T00:16:57.672977,completed
7782,940,185,5,2024-01-24T10:45:00.684209,completed
7783,940,104,3,2024-01-24T10:45:00.684209,pending
7784,566,89,5,2025-04-07T17:12:32.957248,completed
7785,566,127,1,2025-04-07T17:12:32.957248,completed
7786,566,96,3,2025-04-07T17:12:32.957248,completed
7787,917,108,5,2024-01-24T15:53:24.800235,cancelled
7788,581,177,3,2023-12-27T03:53:36.227476,completed
7789,157,156,1,2025-07-13T08:34:42.629616,completed
7790,157,140,4,2025-07-13T08:34:42.629616,completed
7791,157,110,4,2025-07-13T08:34:42.629616,completed
7792,157,4,4,2025-07-13T08:34:42.629616,completed
7793,157,97,3,2025-07-13T08:34:42.629616,completed
7794,45,103,3,2025-07-19T01:27:48.136113,completed
7795,425,58,4,2024-07-07T11:19:26.825696,completed
7796,71,151,2,2025-05-04T05:04:43.719789,completed
7797,71,142,1,2025-05-04T05:04:43.719789,completed
7798,71,15,2,2025-05-04T05:04:43.719789,completed
7799,409,158,3,2024-11-20T09:51:54.094294,completed
7800,409,42,4,2024-11-20T09:51:54.094294,completed
7801,409,164,4,2024-11-20T09:51:54.094294,pending
7802,409,157,2,2024-11-20T09:51:54.094294,completed
7803,409,102,1,2024-11-20T09:51:54.094294,completed
7804,692,62,2,2024-08-31T03:26:19.448257,cancelled
7805,692,191,2,2024-08-31T03:26:19.448257,completed
7806,525,197,1,2025-03-21T19:31:29.588811,completed
7807,466,79,3,2025-01-15T19:50:45.547462,completed
7808,466,29,4,2025-01-15T19:50:45.547462,completed
7809,336,87,1,2025-06-01T12:33:10.409896,completed
7810,336,81,4,2025-06-01T12:33:10.409896,completed
7811,336,118,4,2025-06-01T12:33:10.409896,completed
7812,336,73,3,2025-06-01T12:33:10.409896,completed
7813,336,150,4,2025-06-01T12:33:10.409896,completed
7814,782,57,2,2024-06-13T07:55:36.307328,completed
7815,782,169,3,2024-06-13T07:55:36.307328,completed
7816,299,47,3,2024-10-25T15:27:23.369835,completed
7817,299,57,2,2024-10-25T15:27:23.369835,completed
7818,299,22,2,2024-10-25T15:27:23.369835,completed
7819,21,155,4,2024-12-23T19:56:20.060036,completed
7820,21,112,5,2024-12-23T19:56:20.060036,completed
7821,454,26,3,2024-01-22T13:33:52.778514,cancelled
7822,454,125,5,2024-01-22T13:33:52.778514,completed
7823,135,78,1,2025-09-30T02:23:00.315918,completed
7824,555,31,2,2025-08-18T07:42:52.379689,completed
7825,555,92,4,2025-08-18T07:42:52.379689,completed
7826,215,2,3,2025-04-19T17:43:16.884384,completed
7827,215,102,2,2025-04-19T17:43:16.884384,completed
7828,215,57,2,2025-04-19T17:43:16.884384,completed
7829,215,33,5,2025-04-19T17:43:16.884384,completed
7830,545,2,1,2024-11-11T00:55:04.270339,completed
7831,545,48,5,2024-11-11T00:55:04.270339,completed
7832,545,39,5,2024-11-11T00:55:04.270339,completed
7833,250,96,2,2024-02-11T07:13:17.954922,completed
7834,250,159,4,2024-02-11T07:13:17.954922,completed
7835,64,15,1,2025-09-17T10:46:03.865788,completed
7836,596,111,2,2024-08-06T00:06:57.201218,completed
7837,596,26,3,2024-08-06T00:06:57.201218,completed
7838,596,97,3,2024-08-06T00:06:57.201218,completed
7839,66,190,1,2024-06-15T22:52:42.017414,completed
7840,66,95,5,2024-06-15T22:52:42.017414,refunded
7841,66,91,2,2024-06-15T22:52:42.017414,completed
7842,66,154,3,2024-06-15T22:52:42.017414,completed
7843,66,80,3,2024-06-15T22:52:42.017414,completed
7844,223,191,1,2024-07-13T01:52:28.571574,cancelled
7845,223,60,4,2024-07-13T01:52:28.571574,completed
7846,801,197,3,2024-02-02T20:28:40.782017,completed
7847,801,20,3,2024-02-02T20:28:40.782017,pending
7848,801,73,4,2024-02-02T20:28:40.782017,completed
7849,801,85,1,2024-02-02T20:28:40.782017,completed
7850,801,97,3,2024-02-02T20:28:40.782017,completed
7851,630,21,4,2025-01-22T10:01:33.031494,refunded
7852,439,183,3,2024-04-15T14:12:28.575532,completed
7853,439,110,4,2024-04-15T14:12:28.575532,completed
7854,439,88,4,2024-04-15T14:12:28.575532,completed
7855,439,15,1,2024-04-15T14:12:28.575532,completed
7856,164,23,5,2023-12-23T01:56:52.987134,completed
7857,164,180,1,2023-12-23T01:56:52.987134,completed
7858,164,166,5,2023-12-23T01:56:52.987134,completed
7859,164,83,2,2023-12-23T01:56:52.987134,completed
7860,164,123,1,2023-12-23T01:56:52.987134,completed
7861,642,175,4,2024-06-09T15:00:12.110716,completed
7862,642,114,2,2024-06-09T15:00:12.110716,completed
7863,642,7,2,2024-06-09T15:00:12.110716,completed
7864,642,99,4,2024-06-09T15:00:12.110716,completed
7865,642,162,3,2024-06-09T15:00:12.110716,completed
7866,74,97,5,2025-04-14T06:17:24.458508,completed
7867,74,163,5,2025-04-14T06:17:24.458508,completed
7868,226,22,3,2024-04-22T10:34:53.809376,completed
7869,226,74,1,2024-04-22T10:34:53.809376,completed
7870,226,39,2,2024-04-22T10:34:53.809376,completed
7871,226,156,3,2024-04-22T10:34:53.809376,completed
7872,252,193,2,2025-07-24T11:27:46.087984,completed
7873,252,138,1,2025-07-24T11:27:46.087984,completed
7874,252,145,3,2025-07-24T11:27:46.087984,completed
7875,252,179,5,2025-07-24T11:27:46.087984,completed
7876,252,39,5,2025-07-24T11:27:46.087984,pending
7877,390,54,3,2024-04-25T21:55:12.962012,completed
7878,390,33,5,2024-04-25T21:55:12.962012,completed
7879,390,123,4,2024-04-25T21:55:12.962012,completed
7880,390,194,5,2024-04-25T21:55:12.962012,completed
7881,390,138,3,2024-04-25T21:55:12.962012,pending
7882,942,36,3,2025-07-06T02:36:54.863277,completed
7883,942,11,1,2025-07-06T02:36:54.863277,pending
7884,942,25,3,2025-07-06T02:36:54.863277,completed
7885,942,26,4,2025-07-06T02:36:54.863277,completed
7886,942,200,2,2025-07-06T02:36:54.863277,completed
7887,887,95,2,2025-06-13T16:06:50.820706,completed
7888,887,17,3,2025-06-13T16:06:50.820706,completed
7889,354,64,3,2025-05-04T10:17:22.704841,completed
7890,354,126,3,2025-05-04T10:17:22.704841,cancelled
7891,396,121,5,2024-02-15T01:05:43.361964,completed
7892,396,106,4,2024-02-15T01:05:43.361964,completed
7893,396,67,3,2024-02-15T01:05:43.361964,pending
7894,396,136,5,2024-02-15T01:05:43.361964,completed
7895,396,113,3,2024-02-15T01:05:43.361964,pending
7896,23,105,3,2025-06-22T10:59:53.100380,completed
7897,23,161,4,2025-06-22T10:59:53.100380,completed
7898,23,36,5,2025-06-22T10:59:53.100380,completed
7899,393,86,4,2024-09-28T10:47:00.500028,completed
7900,393,29,4,2024-09-28T10:47:00.500028,pending
7901,393,37,4,2024-09-28T10:47:00.500028,completed
7902,393,173,2,2024-09-28T10:47:00.500028,completed
7903,393,14,1,2024-09-28T10:47:00.500028,completed
7904,599,66,3,2024-03-18T17:49:33.061907,pending
7905,599,176,1,2024-03-18T17:49:33.061907,completed
7906,113,112,1,2025-07-12T12:39:48.667834,completed
7907,113,169,2,2025-07-12T12:39:48.667834,completed
7908,113,96,4,2025-07-12T12:39:48.667834,completed
7909,878,74,3,2024-10-16T05:29:02.782982,refunded
7910,741,119,3,2024-10-19T08:11:27.099480,completed
7911,741,36,1,2024-10-19T08:11:27.099480,completed
7912,741,96,2,2024-10-19T08:11:27.099480,completed
7913,741,30,5,2024-10-19T08:11:27.099480,completed
7914,741,134,1,2024-10-19T08:11:27.099480,completed
7915,569,199,2,2023-12-27T13:09:48.890862,completed
7916,569,63,2,2023-12-27T13:09:48.890862,completed
7917,949,179,4,2025-01-16T13:24:17.827601,completed
7918,949,181,4,2025-01-16T13:24:17.827601,completed
7919,949,70,2,2025-01-16T13:24:17.827601,completed
7920,949,82,2,2025-01-16T13:24:17.827601,completed
7921,949,17,5,2025-01-16T13:24:17.827601,completed
7922,5,18,2,2025-04-28T06:56:44.979874,pending
7923,846,7,5,2025-04-30T20:01:57.640214,completed
7924,846,13,3,2025-04-30T20:01:57.640214,completed
7925,837,198,2,2025-04-07T16:08:11.486891,refunded
7926,837,140,2,2025-04-07T16:08:11.486891,completed
7927,837,53,4,2025-04-07T16:08:11.486891,completed
7928,391,131,2,2025-05-16T07:34:12.337156,cancelled
7929,708,155,1,2025-12-13T09:11:13.568748,completed
7930,708,104,4,2025-12-13T09:11:13.568748,completed
7931,708,128,3,2025-12-13T09:11:13.568748,completed
7932,708,186,3,2025-12-13T09:11:13.568748,completed
7933,708,190,3,2025-12-13T09:11:13.568748,pending
7934,898,35,3,2025-06-12T05:52:48.269702,completed
7935,898,7,1,2025-06-12T05:52:48.269702,completed
7936,898,144,2,2025-06-12T05:52:48.269702,completed
7937,898,95,5,2025-06-12T05:52:48.269702,completed
7938,898,108,1,2025-06-12T05:52:48.269702,cancelled
7939,953,96,1,2025-03-03T09:42:42.234958,completed
7940,953,13,3,2025-03-03T09:42:42.234958,completed
7941,113,89,1,2024-11-25T05:53:44.513061,completed
7942,113,136,1,2024-11-25T05:53:44.513061,completed
7943,113,184,5,2024-11-25T05:53:44.513061,completed
7944,113,177,5,2024-11-25T05:53:44.513061,completed
7945,746,74,3,2024-12-27T16:43:02.798389,completed
7946,63,16,1,2025-05-19T23:31:38.027263,completed
7947,63,70,4,2025-05-19T23:31:38.027263,pending
7948,63,62,3,2025-05-19T23:31:38.027263,completed
7949,219,49,1,2025-04-07T07:25:37.614473,completed
7950,219,134,2,2025-04-07T07:25:37.614473,completed
7951,219,163,4,2025-04-07T07:25:37.614473,completed
7952,518,51,1,2024-10-28T21:24:40.156488,completed
7953,13,104,5,2024-05-03T11:48:11.763156,cancelled
7954,391,115,4,2024-01-21T04:02:54.982002,completed
7955,391,29,1,2024-01-21T04:02:54.982002,completed
7956,391,125,5,2024-01-21T04:02:54.982002,completed
7957,910,169,5,2024-09-04T05:39:33.150393,completed
7958,910,27,2,2024-09-04T05:39:33.150393,completed
7959,910,104,1,2024-09-04T05:39:33.150393,completed
7960,910,156,1,2024-09-04T05:39:33.150393,completed
7961,951,109,5,2024-02-17T23:08:10.406412,completed
7962,951,133,4,2024-02-17T23:08:10.406412,completed
7963,951,29,5,2024-02-17T23:08:10.406412,completed
7964,951,22,5,2024-02-17T23:08:10.406412,completed
7965,204,106,4,2025-05-14T08:51:34.190893,pending
7966,204,17,3,2025-05-14T08:51:34.190893,pending
7967,341,54,5,2024-03-02T19:01:09.309827,completed
7968,341,96,3,2024-03-02T19:01:09.309827,completed
7969,341,49,4,2024-03-02T19:01:09.309827,completed
7970,341,66,5,2024-03-02T19:01:09.309827,completed
7971,341,92,3,2024-03-02T19:01:09.309827,cancelled
7972,254,168,2,2024-01-26T17:30:17.583132,completed
7973,254,152,4,2024-01-26T17:30:17.583132,completed
7974,254,198,2,2024-01-26T17:30:17.583132,completed
7975,254,195,4,2024-01-26T17:30:17.583132,completed
7976,254,131,1,2024-01-26T17:30:17.583132,completed
7977,339,69,5,2024-12-01T02:43:06.422471,pending
7978,339,109,1,2024-12-01T02:43:06.422471,pending
7979,339,110,2,2024-12-01T02:43:06.422471,completed
7980,339,141,5,2024-12-01T02:43:06.422471,completed
7981,339,125,2,2024-12-01T02:43:06.422471,cancelled
7982,474,123,4,2023-12-27T09:36:41.504656,completed
7983,474,194,5,2023-12-27T09:36:41.504656,pending
7984,228,82,3,2024-03-13T07:46:00.562152,pending
7985,228,18,1,2024-03-13T07:46:00.562152,completed
7986,228,164,2,2024-03-13T07:46:00.562152,pending
7987,380,110,1,2024-06-14T07:36:15.959791,pending
7988,380,28,4,2024-06-14T07:36:15.959791,pending
7989,380,62,1,2024-06-14T07:36:15.959791,completed
7990,578,33,4,2025-02-02T11:23:33.116870,completed
7991,578,185,2,2025-02-02T11:23:33.116870,completed
7992,578,3,2,2025-02-02T11:23:33.116870,cancelled
7993,578,164,4,2025-02-02T11:23:33.116870,completed
7994,942,31,5,2025-09-17T11:00:46.041698,completed
7995,327,178,4,2024-01-10T02:19:11.801906,completed
7996,327,188,4,2024-01-10T02:19:11.801906,completed
7997,799,16,1,2025-04-11T20:01:46.463397,completed
7998,799,3,2,2025-04-11T20:01:46.463397,completed
7999,799,114,3,2025-04-11T20:01:46.463397,completed
8000,799,22,3,2025-04-11T20:01:46.463397,completed
8001,799,38,4,2025-04-11T20:01:46.463397,completed
8002,695,90,4,2025-01-13T09:21:05.368034,pending
8003,709,121,4,2025-03-08T02:19:30.555959,cancelled
8004,709,25,5,2025-03-08T02:19:30.555959,completed
8005,709,194,4,2025-03-08T02:19:30.555959,completed
8006,709,159,3,2025-03-08T02:19:30.555959,completed
8007,445,198,4,2024-03-06T01:29:51.002364,completed
8008,445,103,1,2024-03-06T01:29:51.002364,completed
8009,445,104,4,2024-03-06T01:29:51.002364,completed
8010,241,74,3,2024-05-27T05:39:13.396968,completed
8011,241,200,5,2024-05-27T05:39:13.396968,completed
8012,156,73,4,2023-12-25T15:16:08.308953,completed
8013,156,36,3,2023-12-25T15:16:08.308953,completed
8014,470,52,5,2024-09-17T04:25:35.959027,completed
8015,470,178,3,2024-09-17T04:25:35.959027,completed
8016,470,47,5,2024-09-17T04:25:35.959027,completed
8017,470,33,4,2024-09-17T04:25:35.959027,completed
8018,470,23,3,2024-09-17T04:25:35.959027,completed
8019,250,13,4,2025-07-01T13:54:44.756334,completed
8020,250,196,5,2025-07-01T13:54:44.756334,completed
8021,250,30,3,2025-07-01T13:54:44.756334,completed
8022,250,86,1,2025-07-01T13:54:44.756334,completed
8023,407,108,1,2025-09-25T08:11:39.513533,completed
8024,407,3,2,2025-09-25T08:11:39.513533,completed
8025,574,184,3,2025-02-19T15:35:50.315820,completed
8026,574,54,5,2025-02-19T15:35:50.315820,cancelled
8027,574,172,2,2025-02-19T15:35:50.315820,completed
8028,574,67,3,2025-02-19T15:35:50.315820,completed
8029,574,120,2,2025-02-19T15:35:50.315820,completed
8030,916,154,2,2024-02-17T18:03:58.522694,completed
8031,585,121,4,2024-07-01T09:37:04.142737,completed
8032,585,146,5,2024-07-01T09:37:04.142737,cancelled
8033,585,24,4,2024-07-01T09:37:04.142737,pending
8034,585,65,2,2024-07-01T09:37:04.142737,pending
8035,24,24,2,2025-04-03T08:09:46.038436,pending
8036,24,127,4,2025-04-03T08:09:46.038436,completed
8037,150,37,3,2024-09-10T05:44:56.016568,pending
8038,150,80,5,2024-09-10T05:44:56.016568,cancelled
8039,150,101,4,2024-09-10T05:44:56.016568,completed
8040,150,138,3,2024-09-10T05:44:56.016568,completed
8041,150,86,1,2024-09-10T05:44:56.016568,completed
8042,753,6,4,2025-11-02T18:08:09.948837,completed
8043,753,140,1,2025-11-02T18:08:09.948837,completed
8044,765,5,1,2024-10-22T23:29:40.189236,completed
8045,765,82,3,2024-10-22T23:29:40.189236,completed
8046,765,23,2,2024-10-22T23:29:40.189236,completed
8047,765,151,1,2024-10-22T23:29:40.189236,completed
8048,668,187,2,2024-11-30T04:18:32.585812,refunded
8049,668,15,3,2024-11-30T04:18:32.585812,pending
8050,866,98,2,2025-03-15T12:46:50.967675,pending
8051,866,154,1,2025-03-15T12:46:50.967675,cancelled
8052,59,151,1,2024-08-28T07:37:02.781893,completed
8053,610,61,1,2024-09-30T10:59:24.936773,completed
8054,610,17,3,2024-09-30T10:59:24.936773,pending
8055,610,142,5,2024-09-30T10:59:24.936773,cancelled
8056,610,114,2,2024-09-30T10:59:24.936773,completed
8057,610,134,2,2024-09-30T10:59:24.936773,completed
8058,975,17,5,2024-03-13T20:48:23.431684,completed
8059,975,86,5,2024-03-13T20:48:23.431684,completed
8060,975,140,5,2024-03-13T20:48:23.431684,completed
8061,51,181,4,2024-05-04T20:42:44.558434,completed
8062,51,57,1,2024-05-04T20:42:44.558434,completed
8063,51,163,4,2024-05-04T20:42:44.558434,completed
8064,547,132,1,2024-10-28T10:27:41.085031,completed
8065,141,134,5,2024-02-16T02:30:56.320731,completed
8066,141,18,4,2024-02-16T02:30:56.320731,pending
8067,141,90,3,2024-02-16T02:30:56.320731,completed
8068,141,195,1,2024-02-16T02:30:56.320731,pending
8069,934,19,1,2024-11-05T18:24:11.310956,refunded
8070,934,23,5,2024-11-05T18:24:11.310956,cancelled
8071,691,3,4,2025-06-09T09:11:42.082796,completed
8072,691,157,2,2025-06-09T09:11:42.082796,completed
8073,634,75,1,2025-08-04T06:41:56.692433,completed
8074,634,36,2,2025-08-04T06:41:56.692433,completed
8075,634,25,5,2025-08-04T06:41:56.692433,completed
8076,634,143,4,2025-08-04T06:41:56.692433,completed
8077,634,150,3,2025-08-04T06:41:56.692433,completed
8078,776,104,4,2025-05-06T14:08:05.794816,completed
8079,707,131,4,2025-04-27T13:17:18.938466,completed
8080,891,169,5,2024-12-20T12:49:28.675603,pending
8081,891,136,2,2024-12-20T12:49:28.675603,completed
8082,242,140,1,2025-06-20T20:49:32.248234,completed
8083,242,135,4,2025-06-20T20:49:32.248234,pending
8084,242,171,2,2025-06-20T20:49:32.248234,completed
8085,242,92,4,2025-06-20T20:49:32.248234,completed
8086,163,109,4,2025-08-30T06:24:17.286519,completed
8087,163,111,5,2025-08-30T06:24:17.286519,completed
8088,717,115,4,2024-06-13T15:21:40.406635,completed
8089,717,165,4,2024-06-13T15:21:40.406635,refunded
8090,333,48,5,2024-09-04T19:27:37.051710,completed
8091,333,141,5,2024-09-04T19:27:37.051710,cancelled
8092,1,75,3,2024-03-07T18:44:06.047726,completed
8093,1,149,1,2024-03-07T18:44:06.047726,completed
8094,1,150,3,2024-03-07T18:44:06.047726,completed
8095,1,62,4,2024-03-07T18:44:06.047726,completed
8096,445,155,3,2025-06-15T02:21:21.297909,completed
8097,445,127,2,2025-06-15T02:21:21.297909,cancelled
8098,445,98,3,2025-06-15T02:21:21.297909,cancelled
8099,545,82,1,2025-07-01T16:47:52.519554,cancelled
8100,941,32,1,2024-09-24T18:12:00.154678,pending
8101,941,198,4,2024-09-24T18:12:00.154678,completed
8102,941,113,5,2024-09-24T18:12:00.154678,completed
8103,586,36,5,2025-07-10T01:30:52.003674,cancelled
8104,884,102,5,2025-01-21T06:09:48.738787,completed
8105,884,90,1,2025-01-21T06:09:48.738787,completed
8106,884,24,3,2025-01-21T06:09:48.738787,completed
8107,41,167,3,2025-11-06T13:34:18.309785,completed
8108,5,48,2,2024-09-17T20:55:18.400786,completed
8109,5,68,4,2024-09-17T20:55:18.400786,completed
8110,5,70,4,2024-09-17T20:55:18.400786,completed
8111,5,153,4,2024-09-17T20:55:18.400786,refunded
8112,5,181,2,2024-09-17T20:55:18.400786,completed
8113,793,151,1,2024-12-16T02:38:06.882202,completed
8114,793,51,2,2024-12-16T02:38:06.882202,completed
8115,14,165,5,2024-11-20T01:35:34.498147,completed
8116,641,127,3,2024-05-11T19:50:12.350893,completed
8117,773,103,5,2025-08-29T23:34:02.722243,completed
8118,186,59,4,2025-01-07T06:26:13.156267,completed
8119,186,49,1,2025-01-07T06:26:13.156267,completed
8120,17,44,2,2025-06-18T22:28:30.487770,completed
8121,17,11,2,2025-06-18T22:28:30.487770,pending
8122,17,4,2,2025-06-18T22:28:30.487770,cancelled
8123,17,128,4,2025-06-18T22:28:30.487770,completed
8124,719,116,3,2025-08-13T06:02:31.470929,refunded
8125,719,94,3,2025-08-13T06:02:31.470929,completed
8126,719,62,1,2025-08-13T06:02:31.470929,pending
8127,719,121,3,2025-08-13T06:02:31.470929,completed
8128,719,189,5,2025-08-13T06:02:31.470929,completed
8129,418,66,5,2024-01-23T22:36:26.942312,cancelled
8130,418,13,2,2024-01-23T22:36:26.942312,completed
8131,418,185,3,2024-01-23T22:36:26.942312,completed
8132,418,98,3,2024-01-23T22:36:26.942312,completed
8133,339,72,4,2025-06-05T18:53:18.847583,completed
8134,918,138,2,2024-05-27T18:20:36.073998,completed
8135,918,170,3,2024-05-27T18:20:36.073998,completed
8136,918,108,3,2024-05-27T18:20:36.073998,completed
8137,918,91,2,2024-05-27T18:20:36.073998,completed
8138,918,132,3,2024-05-27T18:20:36.073998,completed
8139,968,162,2,2025-04-12T14:43:06.439445,completed
8140,968,41,4,2025-04-12T14:43:06.439445,pending
8141,968,107,5,2025-04-12T14:43:06.439445,completed
8142,968,127,2,2025-04-12T14:43:06.439445,completed
8143,679,122,1,2025-05-27T23:37:27.297799,cancelled
8144,679,94,5,2025-05-27T23:37:27.297799,completed
8145,679,135,2,2025-05-27T23:37:27.297799,completed
8146,679,121,4,2025-05-27T23:37:27.297799,completed
8147,625,56,2,2025-11-17T19:42:31.366323,pending
8148,625,169,4,2025-11-17T19:42:31.366323,refunded
8149,625,167,3,2025-11-17T19:42:31.366323,pending
8150,625,65,1,2025-11-17T19:42:31.366323,completed
8151,625,77,3,2025-11-17T19:42:31.366323,completed
8152,62,185,2,2025-04-21T08:02:48.245545,completed
8153,62,9,4,2025-04-21T08:02:48.245545,completed
8154,62,153,1,2025-04-21T08:02:48.245545,completed
8155,202,45,2,2025-11-22T05:47:00.094928,completed
8156,202,195,4,2025-11-22T05:47:00.094928,completed
8157,202,155,4,2025-11-22T05:47:00.094928,cancelled
8158,865,81,1,2024-07-28T11:56:27.764322,completed
8159,865,70,1,2024-07-28T11:56:27.764322,completed
8160,865,163,2,2024-07-28T11:56:27.764322,completed
8161,865,89,3,2024-07-28T11:56:27.764322,completed
8162,865,171,1,2024-07-28T11:56:27.764322,completed
8163,706,77,3,2025-07-18T04:04:19.737668,completed
8164,190,25,1,2025-09-27T23:12:02.788976,completed
8165,190,80,4,2025-09-27T23:12:02.788976,completed
8166,190,54,2,2025-09-27T23:12:02.788976,pending
8167,190,88,4,2025-09-27T23:12:02.788976,completed
8168,190,59,3,2025-09-27T23:12:02.788976,completed
8169,817,29,2,2024-04-27T10:40:07.312792,completed
8170,362,8,2,2024-10-25T20:41:40.925701,pending
8171,362,71,3,2024-10-25T20:41:40.925701,completed
8172,362,43,4,2024-10-25T20:41:40.925701,pending
8173,362,103,4,2024-10-25T20:41:40.925701,cancelled
8174,362,92,3,2024-10-25T20:41:40.925701,completed
8175,53,94,5,2025-06-04T09:16:26.087505,completed
8176,53,127,3,2025-06-04T09:16:26.087505,completed
8177,53,58,3,2025-06-04T09:16:26.087505,cancelled
8178,53,136,3,2025-06-04T09:16:26.087505,completed
8179,53,50,4,2025-06-04T09:16:26.087505,refunded
8180,818,161,1,2023-12-21T13:35:45.160878,completed
8181,818,21,3,2023-12-21T13:35:45.160878,completed
8182,818,150,3,2023-12-21T13:35:45.160878,completed
8183,818,60,2,2023-12-21T13:35:45.160878,completed
8184,818,83,1,2023-12-21T13:35:45.160878,cancelled
8185,428,122,5,2025-11-14T22:42:04.217639,pending
8186,428,48,4,2025-11-14T22:42:04.217639,completed
8187,254,65,1,2024-03-10T15:04:37.048528,completed
8188,254,99,4,2024-03-10T15:04:37.048528,completed
8189,254,25,4,2024-03-10T15:04:37.048528,completed
8190,254,36,2,2024-03-10T15:04:37.048528,completed
8191,264,45,4,2025-07-31T08:59:29.587379,completed
8192,264,31,2,2024-10-19T21:30:55.437673,completed
8193,264,131,5,2024-10-19T21:30:55.437673,cancelled
8194,264,168,4,2024-10-19T21:30:55.437673,completed
8195,264,114,1,2024-10-19T21:30:55.437673,completed
8196,264,101,4,2024-10-19T21:30:55.437673,completed
8197,810,159,3,2024-02-29T15:06:40.944721,cancelled
8198,810,154,4,2024-02-29T15:06:40.944721,completed
8199,964,80,3,2024-07-25T18:26:59.019508,completed
8200,338,152,4,2025-03-22T09:07:28.547896,completed
8201,338,139,1,2025-03-22T09:07:28.547896,cancelled
8202,338,37,2,2025-03-22T09:07:28.547896,completed
8203,338,33,2,2025-03-22T09:07:28.547896,pending
8204,338,174,5,2025-03-22T09:07:28.547896,cancelled
8205,544,79,5,2024-03-04T15:36:03.536000,completed
8206,959,169,3,2024-05-04T12:01:27.942465,completed
8207,59,95,2,2024-12-28T11:36:57.674522,completed
8208,59,156,3,2024-12-28T11:36:57.674522,completed
8209,696,142,2,2024-03-12T06:25:45.505759,completed
8210,696,45,3,2024-03-12T06:25:45.505759,completed
8211,371,114,2,2024-10-05T18:54:52.847505,completed
8212,371,97,1,2024-10-05T18:54:52.847505,completed
8213,371,120,3,2024-10-05T18:54:52.847505,completed
8214,25,161,1,2025-01-12T11:06:35.154442,completed
8215,25,67,2,2025-01-12T11:06:35.154442,completed
8216,25,50,2,2025-01-12T11:06:35.154442,completed
8217,630,58,2,2024-10-23T20:13:30.054000,completed
8218,630,22,5,2024-10-23T20:13:30.054000,completed
8219,630,10,1,2024-10-23T20:13:30.054000,completed
8220,110,5,5,2025-09-29T00:14:57.555364,completed
8221,110,105,4,2025-09-29T00:14:57.555364,completed
8222,110,38,4,2025-09-29T00:14:57.555364,cancelled
8223,983,17,2,2024-10-19T13:50:26.712726,completed
8224,983,116,4,2024-10-19T13:50:26.712726,completed
8225,983,55,5,2024-10-19T13:50:26.712726,completed
8226,55,126,1,2024-12-04T23:47:12.425854,completed
8227,55,59,2,2024-12-04T23:47:12.425854,completed
8228,55,159,1,2024-12-04T23:47:12.425854,completed
8229,55,40,4,2024-12-04T23:47:12.425854,completed
8230,55,41,4,2024-12-04T23:47:12.425854,completed
8231,496,198,1,2025-08-26T19:19:58.109925,completed
8232,579,175,3,2024-09-29T14:10:38.869194,completed
8233,579,116,5,2024-09-29T14:10:38.869194,completed
8234,579,125,1,2024-09-29T14:10:38.869194,completed
8235,579,1,2,2024-09-29T14:10:38.869194,completed
8236,579,114,3,2024-09-29T14:10:38.869194,completed
8237,11,2,4,2024-09-21T09:59:29.775871,completed
8238,11,34,5,2024-09-21T09:59:29.775871,completed
8239,507,157,3,2025-12-03T14:16:07.562382,pending
8240,507,9,2,2025-12-03T14:16:07.562382,completed
8241,507,55,5,2025-12-03T14:16:07.562382,completed
8242,507,191,4,2025-12-03T14:16:07.562382,completed
8243,507,80,1,2025-12-03T14:16:07.562382,completed
8244,620,70,4,2024-09-29T00:10:13.671260,completed
8245,620,105,3,2024-09-29T00:10:13.671260,completed
8246,550,62,5,2024-12-27T20:48:14.622767,completed
8247,550,109,1,2024-12-27T20:48:14.622767,completed
8248,250,171,1,2024-12-07T19:04:50.737659,pending
8249,250,34,3,2024-12-07T19:04:50.737659,completed
8250,250,115,2,2024-12-07T19:04:50.737659,completed
8251,250,45,1,2024-12-07T19:04:50.737659,completed
8252,250,19,3,2024-12-07T19:04:50.737659,completed
8253,3,61,5,2024-01-05T21:44:25.358784,completed
8254,174,61,5,2024-09-21T15:11:40.533426,completed
8255,174,45,1,2024-09-21T15:11:40.533426,pending
8256,174,9,4,2024-09-21T15:11:40.533426,completed
8257,742,57,5,2025-02-01T02:09:14.312560,completed
8258,742,107,1,2025-02-01T02:09:14.312560,completed
8259,742,3,4,2025-02-01T02:09:14.312560,refunded
8260,742,61,4,2025-02-01T02:09:14.312560,completed
8261,478,152,4,2025-11-22T03:36:59.492519,completed
8262,478,181,1,2025-11-22T03:36:59.492519,completed
8263,478,79,3,2025-11-22T03:36:59.492519,completed
8264,478,166,3,2025-11-22T03:36:59.492519,completed
8265,478,125,1,2025-11-22T03:36:59.492519,completed
8266,990,3,2,2023-12-23T03:08:18.648647,completed
8267,990,117,3,2023-12-23T03:08:18.648647,pending
8268,990,30,1,2023-12-23T03:08:18.648647,completed
8269,990,112,5,2023-12-23T03:08:18.648647,pending
8270,329,47,2,2024-07-11T05:48:43.404803,completed
8271,542,21,5,2024-05-29T13:42:53.696987,completed
8272,542,196,5,2024-05-29T13:42:53.696987,completed
8273,542,29,3,2024-05-29T13:42:53.696987,completed
8274,958,108,2,2025-05-02T19:11:45.495786,completed
8275,958,156,3,2025-05-02T19:11:45.495786,completed
8276,958,121,1,2025-05-02T19:11:45.495786,completed
8277,465,128,4,2025-10-23T09:04:59.176224,completed
8278,465,21,1,2025-10-23T09:04:59.176224,completed
8279,465,61,5,2025-10-23T09:04:59.176224,completed
8280,465,113,2,2025-10-23T09:04:59.176224,pending
8281,247,91,4,2024-06-04T09:03:20.707112,completed
8282,247,103,4,2024-06-04T09:03:20.707112,cancelled
8283,247,28,4,2024-06-04T09:03:20.707112,completed
8284,247,35,1,2024-06-04T09:03:20.707112,completed
8285,247,190,4,2024-06-04T09:03:20.707112,completed
8286,101,140,4,2025-06-05T10:05:08.542755,completed
8287,101,135,1,2025-06-05T10:05:08.542755,completed
8288,144,176,3,2025-05-08T01:08:22.371917,completed
8289,144,168,1,2025-05-08T01:08:22.371917,completed
8290,807,98,2,2024-02-16T11:28:01.569206,completed
8291,807,46,1,2024-02-16T11:28:01.569206,completed
8292,807,127,1,2024-02-16T11:28:01.569206,completed
8293,807,109,4,2024-02-16T11:28:01.569206,completed
8294,100,45,1,2024-08-28T14:35:58.205537,completed
8295,100,161,3,2024-08-28T14:35:58.205537,completed
8296,100,172,1,2024-08-28T14:35:58.205537,completed
8297,545,54,1,2025-12-02T13:14:14.000248,pending
8298,545,107,4,2025-12-02T13:14:14.000248,completed
8299,545,68,5,2025-12-02T13:14:14.000248,refunded
8300,545,123,4,2025-12-02T13:14:14.000248,completed
8301,925,6,5,2025-06-18T11:36:36.431938,completed
8302,925,56,2,2025-06-18T11:36:36.431938,completed
8303,925,97,3,2025-06-18T11:36:36.431938,completed
8304,925,142,4,2025-06-18T11:36:36.431938,completed
8305,943,103,2,2024-04-04T20:12:36.480987,completed
8306,943,187,1,2024-04-04T20:12:36.480987,completed
8307,591,192,5,2025-11-17T12:23:22.582559,completed
8308,591,38,2,2025-11-17T12:23:22.582559,completed
8309,60,85,1,2025-12-11T12:54:14.902634,completed
8310,60,154,3,2025-12-11T12:54:14.902634,completed
8311,60,58,2,2025-12-11T12:54:14.902634,completed
8312,60,72,1,2025-12-11T12:54:14.902634,completed
8313,175,132,3,2025-02-26T17:58:26.071442,completed
8314,175,41,5,2025-02-26T17:58:26.071442,completed
8315,90,30,4,2025-04-17T00:40:36.631496,completed
8316,90,115,4,2025-04-17T00:40:36.631496,completed
8317,90,179,4,2025-04-17T00:40:36.631496,completed
8318,90,150,5,2025-04-17T00:40:36.631496,completed
8319,90,198,5,2025-04-17T00:40:36.631496,completed
8320,292,158,3,2024-04-21T10:10:51.705384,completed
8321,292,115,2,2024-04-21T10:10:51.705384,completed
8322,292,160,1,2024-04-21T10:10:51.705384,completed
8323,292,154,5,2024-04-21T10:10:51.705384,pending
8324,292,15,3,2024-04-21T10:10:51.705384,refunded
8325,365,189,1,2025-11-02T23:25:53.480992,refunded
8326,365,25,1,2025-11-02T23:25:53.480992,completed
8327,365,142,4,2025-11-02T23:25:53.480992,completed
8328,365,159,3,2025-11-02T23:25:53.480992,completed
8329,365,137,2,2025-11-02T23:25:53.480992,completed
8330,418,25,5,2024-09-25T22:35:00.820954,completed
8331,418,44,3,2024-09-25T22:35:00.820954,pending
8332,460,191,4,2025-03-02T00:00:23.666075,completed
8333,460,193,5,2025-03-02T00:00:23.666075,completed
8334,421,125,5,2024-07-12T14:20:36.813786,completed
8335,421,144,5,2024-07-12T14:20:36.813786,pending
8336,217,177,5,2024-01-21T20:30:55.196346,completed
8337,217,182,5,2024-01-21T20:30:55.196346,refunded
8338,217,152,2,2024-01-21T20:30:55.196346,completed
8339,217,166,1,2024-01-21T20:30:55.196346,completed
8340,217,149,1,2024-01-21T20:30:55.196346,completed
8341,437,90,2,2024-06-30T22:56:29.377362,completed
8342,437,49,2,2024-06-30T22:56:29.377362,pending
8343,437,175,2,2024-06-30T22:56:29.377362,completed
8344,437,179,1,2024-06-30T22:56:29.377362,pending
8345,248,121,5,2024-09-21T10:12:51.147227,pending
8346,338,149,1,2025-11-04T03:28:03.904639,completed
8347,338,10,5,2025-11-04T03:28:03.904639,pending
8348,338,194,2,2025-11-04T03:28:03.904639,completed
8349,168,92,3,2024-04-04T23:29:24.382727,completed
8350,168,192,3,2024-04-04T23:29:24.382727,completed
8351,168,76,2,2024-04-04T23:29:24.382727,completed
8352,168,96,5,2024-04-04T23:29:24.382727,completed
8353,168,133,1,2024-04-04T23:29:24.382727,completed
8354,872,188,2,2024-02-27T17:58:35.282135,completed
8355,872,56,3,2024-02-27T17:58:35.282135,completed
8356,872,155,3,2024-02-27T17:58:35.282135,completed
8357,829,18,2,2025-01-20T18:07:28.974650,completed
8358,829,154,1,2025-01-20T18:07:28.974650,completed
8359,829,180,3,2025-01-20T18:07:28.974650,pending
8360,889,46,2,2024-04-23T09:01:12.505452,completed
8361,889,28,1,2024-04-23T09:01:12.505452,completed
8362,889,181,5,2024-04-23T09:01:12.505452,completed
8363,889,47,5,2024-04-23T09:01:12.505452,completed
8364,367,26,5,2024-12-30T02:15:37.662713,completed
8365,367,54,2,2024-12-30T02:15:37.662713,completed
8366,367,186,4,2024-12-30T02:15:37.662713,completed
8367,54,63,4,2024-07-13T00:58:20.257998,completed
8368,54,3,3,2024-07-13T00:58:20.257998,completed
8369,54,198,5,2024-07-13T00:58:20.257998,completed
8370,54,121,5,2024-07-13T00:58:20.257998,completed
8371,54,154,3,2024-07-13T00:58:20.257998,completed
8372,808,138,1,2024-03-20T13:58:58.188043,completed
8373,808,119,5,2024-03-20T13:58:58.188043,completed
8374,808,35,2,2024-03-20T13:58:58.188043,completed
8375,808,162,4,2024-03-20T13:58:58.188043,completed
8376,808,72,2,2024-03-20T13:58:58.188043,completed
8377,969,108,4,2024-05-09T14:55:58.735824,completed
8378,69,56,4,2024-02-22T20:49:06.537380,completed
8379,69,160,4,2024-02-22T20:49:06.537380,completed
8380,490,31,2,2024-03-13T09:02:35.675300,completed
8381,490,123,1,2024-03-13T09:02:35.675300,completed
8382,185,34,2,2025-05-12T17:49:59.148487,completed
8383,185,167,3,2025-05-12T17:49:59.148487,completed
8384,185,44,5,2025-05-12T17:49:59.148487,completed
8385,811,16,2,2025-07-07T08:55:06.074483,completed
8386,811,106,2,2025-07-07T08:55:06.074483,completed
8387,316,25,5,2025-11-10T23:32:35.364686,completed
8388,810,75,3,2025-04-10T05:20:07.463640,completed
8389,810,69,5,2025-04-10T05:20:07.463640,pending
8390,810,44,3,2025-04-10T05:20:07.463640,completed
8391,685,41,3,2025-08-31T09:08:23.152511,completed
8392,857,2,3,2024-12-05T21:53:17.237197,completed
8393,857,179,3,2024-12-05T21:53:17.237197,completed
8394,857,154,1,2024-12-05T21:53:17.237197,completed
8395,754,110,3,2025-04-28T14:06:18.763416,completed
8396,754,169,5,2025-04-28T14:06:18.763416,completed
8397,754,17,3,2025-04-28T14:06:18.763416,completed
8398,754,87,2,2025-04-28T14:06:18.763416,completed
8399,754,107,5,2025-04-28T14:06:18.763416,completed
8400,919,120,3,2025-01-08T01:08:58.657483,completed
8401,919,10,2,2025-01-08T01:08:58.657483,completed
8402,333,176,5,2025-06-05T12:55:22.246772,completed
8403,932,99,1,2025-08-23T00:01:59.796008,completed
8404,932,20,2,2025-08-23T00:01:59.796008,completed
8405,328,69,2,2025-01-04T06:19:37.897215,completed
8406,328,47,2,2025-01-04T06:19:37.897215,completed
8407,328,192,4,2025-01-04T06:19:37.897215,completed
8408,328,148,4,2025-01-04T06:19:37.897215,completed
8409,328,152,4,2025-01-04T06:19:37.897215,completed
8410,794,146,2,2024-06-22T01:26:28.471795,completed
8411,794,89,4,2024-06-22T01:26:28.471795,completed
8412,257,17,5,2025-02-14T02:32:18.003866,completed
8413,197,174,2,2025-10-04T06:44:14.415971,completed
8414,197,5,2,2025-10-04T06:44:14.415971,completed
8415,197,160,4,2025-10-04T06:44:14.415971,completed
8416,197,60,2,2025-10-04T06:44:14.415971,completed
8417,197,79,2,2025-10-04T06:44:14.415971,completed
8418,196,77,5,2025-02-17T19:40:17.808698,completed
8419,196,173,2,2025-02-17T19:40:17.808698,cancelled
8420,264,121,1,2024-11-12T18:47:29.579572,cancelled
8421,264,95,5,2024-11-12T18:47:29.579572,completed
8422,925,66,3,2025-03-03T10:19:17.298788,pending
8423,925,188,2,2025-03-03T10:19:17.298788,completed
8424,925,10,5,2025-03-03T10:19:17.298788,completed
8425,925,130,5,2025-03-03T10:19:17.298788,cancelled
8426,925,112,5,2025-03-03T10:19:17.298788,completed
8427,22,69,5,2024-08-07T13:50:22.115334,pending
8428,22,53,2,2024-08-07T13:50:22.115334,refunded
8429,22,88,5,2024-08-07T13:50:22.115334,completed
8430,22,6,5,2024-08-07T13:50:22.115334,pending
8431,383,70,5,2025-10-30T04:33:12.292441,completed
8432,383,123,5,2025-10-30T04:33:12.292441,pending
8433,383,162,4,2025-10-30T04:33:12.292441,completed
8434,383,3,2,2025-10-30T04:33:12.292441,completed
8435,383,64,1,2025-10-30T04:33:12.292441,pending
8436,482,85,1,2024-03-28T10:21:11.331501,pending
8437,482,12,5,2024-03-28T10:21:11.331501,completed
8438,482,67,1,2024-03-28T10:21:11.331501,completed
8439,482,118,5,2024-03-28T10:21:11.331501,completed
8440,140,131,5,2024-12-13T02:59:42.924687,completed
8441,140,117,4,2024-12-13T02:59:42.924687,completed
8442,140,55,4,2024-12-13T02:59:42.924687,completed
8443,140,71,5,2024-12-13T02:59:42.924687,completed
8444,140,73,5,2024-12-13T02:59:42.924687,completed
8445,17,180,1,2024-03-10T13:49:47.370890,pending
8446,17,28,4,2024-03-10T13:49:47.370890,completed
8447,17,118,1,2024-03-10T13:49:47.370890,pending
8448,17,165,5,2024-03-10T13:49:47.370890,completed
8449,85,7,2,2025-01-22T23:55:54.656911,completed
8450,267,27,3,2024-10-14T20:57:05.184887,completed
8451,267,87,3,2024-10-14T20:57:05.184887,completed
8452,267,101,3,2024-10-14T20:57:05.184887,completed
8453,267,123,5,2024-10-14T20:57:05.184887,completed
8454,21,99,4,2024-08-22T04:57:27.527030,completed
8455,268,186,2,2024-10-20T22:17:12.858423,cancelled
8456,268,175,3,2024-10-20T22:17:12.858423,completed
8457,268,47,4,2024-10-20T22:17:12.858423,completed
8458,268,53,3,2024-10-20T22:17:12.858423,completed
8459,268,73,3,2024-10-20T22:17:12.858423,completed
8460,932,166,3,2025-01-01T10:43:30.299333,completed
8461,419,59,2,2024-02-28T06:49:37.869181,pending
8462,419,125,3,2024-02-28T06:49:37.869181,cancelled
8463,419,88,5,2024-02-28T06:49:37.869181,completed
8464,419,80,4,2024-02-28T06:49:37.869181,pending
8465,419,12,5,2024-02-28T06:49:37.869181,completed
8466,922,115,1,2025-03-17T16:57:02.638302,pending
8467,922,32,3,2025-03-17T16:57:02.638302,completed
8468,922,77,2,2025-03-17T16:57:02.638302,completed
8469,893,110,4,2025-04-18T04:32:00.406292,pending
8470,893,191,3,2025-04-18T04:32:00.406292,completed
8471,893,45,1,2025-04-18T04:32:00.406292,completed
8472,893,194,2,2025-04-18T04:32:00.406292,completed
8473,295,63,1,2025-12-16T16:50:44.416535,completed
8474,295,195,2,2025-12-16T16:50:44.416535,completed
8475,295,192,3,2025-12-16T16:50:44.416535,completed
8476,295,105,1,2025-12-16T16:50:44.416535,completed
8477,295,144,1,2025-12-16T16:50:44.416535,pending
8478,145,141,3,2025-10-02T02:04:10.607523,completed
8479,145,148,5,2025-10-02T02:04:10.607523,completed
8480,145,97,1,2025-10-02T02:04:10.607523,completed
8481,145,154,5,2025-10-02T02:04:10.607523,pending
8482,151,118,4,2023-12-27T19:44:51.967531,completed
8483,151,90,2,2023-12-27T19:44:51.967531,completed
8484,151,135,4,2023-12-27T19:44:51.967531,completed
8485,151,97,2,2023-12-27T19:44:51.967531,completed
8486,221,78,2,2024-02-15T04:06:46.478951,completed
8487,221,175,3,2024-02-15T04:06:46.478951,completed
8488,221,73,5,2024-02-15T04:06:46.478951,completed
8489,757,60,5,2024-05-23T06:25:04.028316,completed
8490,757,27,2,2024-05-23T06:25:04.028316,completed
8491,380,174,1,2025-07-27T21:45:49.143287,completed
8492,380,108,2,2025-07-27T21:45:49.143287,pending
8493,380,23,4,2025-07-27T21:45:49.143287,completed
8494,380,123,3,2025-07-27T21:45:49.143287,completed
8495,908,45,4,2025-09-04T21:22:22.629673,completed
8496,908,173,4,2025-09-04T21:22:22.629673,completed
8497,908,106,3,2025-09-04T21:22:22.629673,completed
8498,908,35,5,2025-09-04T21:22:22.629673,completed
8499,932,155,3,2025-09-12T23:59:51.498000,completed
8500,932,126,3,2025-09-12T23:59:51.498000,completed
8501,932,127,3,2025-09-12T23:59:51.498000,pending
8502,932,68,3,2025-09-12T23:59:51.498000,completed
8503,932,198,3,2025-09-12T23:59:51.498000,pending
8504,457,65,4,2024-08-05T20:48:08.969834,completed
8505,457,8,4,2024-08-05T20:48:08.969834,completed
8506,457,193,3,2024-08-05T20:48:08.969834,completed
8507,457,62,2,2024-08-05T20:48:08.969834,completed
8508,888,108,3,2025-09-10T07:21:44.493756,completed
8509,888,120,3,2025-09-10T07:21:44.493756,completed
8510,888,91,1,2025-09-10T07:21:44.493756,completed
8511,888,21,4,2025-09-10T07:21:44.493756,completed
8512,668,16,5,2024-02-28T03:10:54.841274,completed
8513,668,160,1,2024-02-28T03:10:54.841274,completed
8514,48,72,4,2024-10-13T22:26:05.843161,completed
8515,48,190,5,2024-10-13T22:26:05.843161,completed
8516,48,9,3,2024-10-13T22:26:05.843161,completed
8517,48,105,3,2024-10-13T22:26:05.843161,completed
8518,48,96,3,2024-10-13T22:26:05.843161,completed
8519,433,63,2,2025-08-17T13:56:16.410419,pending
8520,433,88,2,2025-08-17T13:56:16.410419,cancelled
8521,433,47,4,2025-08-17T13:56:16.410419,refunded
8522,647,10,3,2024-04-21T18:52:23.348006,completed
8523,876,189,3,2024-11-21T16:43:21.846155,completed
8524,876,21,3,2024-11-21T16:43:21.846155,pending
8525,876,18,1,2024-11-21T16:43:21.846155,completed
8526,876,16,5,2024-11-21T16:43:21.846155,completed
8527,876,63,5,2024-11-21T16:43:21.846155,completed
8528,854,21,1,2025-11-17T14:47:45.977031,completed
8529,854,23,3,2025-11-17T14:47:45.977031,completed
8530,854,141,4,2025-11-17T14:47:45.977031,completed
8531,284,110,3,2025-08-20T07:01:26.559150,completed
8532,284,20,4,2025-08-20T07:01:26.559150,cancelled
8533,284,80,5,2025-08-20T07:01:26.559150,completed
8534,284,187,4,2025-08-20T07:01:26.559150,completed
8535,685,72,4,2024-11-12T15:54:36.352515,completed
8536,422,172,2,2024-04-28T23:28:47.745430,completed
8537,422,167,1,2024-04-28T23:28:47.745430,completed
8538,422,99,2,2024-04-28T23:28:47.745430,completed
8539,422,141,3,2024-04-28T23:28:47.745430,refunded
8540,601,5,5,2025-09-14T01:53:09.623405,completed
8541,601,135,2,2025-09-14T01:53:09.623405,completed
8542,601,165,2,2025-09-14T01:53:09.623405,completed
8543,185,181,1,2024-10-18T16:05:37.240601,completed
8544,185,48,4,2024-10-18T16:05:37.240601,completed
8545,185,128,5,2024-10-18T16:05:37.240601,completed
8546,185,109,2,2024-10-18T16:05:37.240601,cancelled
8547,185,74,1,2024-10-18T16:05:37.240601,completed
8548,364,56,1,2024-10-21T16:34:50.845538,completed
8549,386,79,4,2024-07-30T19:22:56.476786,completed
8550,889,55,5,2024-10-15T19:46:23.382164,pending
8551,889,142,3,2024-10-15T19:46:23.382164,completed
8552,759,87,3,2024-12-11T10:09:53.942252,pending
8553,759,43,1,2024-12-11T10:09:53.942252,completed
8554,759,67,5,2024-12-11T10:09:53.942252,completed
8555,759,117,1,2024-12-11T10:09:53.942252,completed
8556,759,77,2,2024-12-11T10:09:53.942252,cancelled
8557,232,124,5,2025-02-02T10:04:45.941216,cancelled
8558,232,166,4,2025-02-02T10:04:45.941216,completed
8559,232,58,4,2025-02-02T10:04:45.941216,completed
8560,232,92,1,2025-02-02T10:04:45.941216,completed
8561,232,22,2,2025-02-02T10:04:45.941216,cancelled
8562,79,173,5,2024-02-10T19:59:42.002813,completed
8563,79,49,3,2024-02-10T19:59:42.002813,cancelled
8564,79,3,4,2024-02-10T19:59:42.002813,completed
8565,79,37,5,2024-02-10T19:59:42.002813,pending
8566,79,91,3,2024-02-10T19:59:42.002813,completed
8567,637,199,1,2025-02-12T05:05:23.767696,completed
8568,637,138,5,2025-02-12T05:05:23.767696,completed
8569,637,94,5,2025-02-12T05:05:23.767696,pending
8570,637,164,1,2025-02-12T05:05:23.767696,pending
8571,637,43,5,2025-02-12T05:05:23.767696,completed
8572,908,44,5,2025-10-02T06:28:19.891852,refunded
8573,339,133,4,2025-01-07T20:30:41.772189,completed
8574,339,29,5,2025-01-07T20:30:41.772189,completed
8575,339,97,5,2025-01-07T20:30:41.772189,completed
8576,875,151,2,2025-05-07T18:56:14.753359,completed
8577,781,24,1,2025-02-23T21:55:19.207559,refunded
8578,781,141,5,2025-02-23T21:55:19.207559,completed
8579,781,184,3,2025-02-23T21:55:19.207559,pending
8580,781,196,2,2025-02-23T21:55:19.207559,completed
8581,781,11,5,2025-02-23T21:55:19.207559,refunded
8582,178,41,5,2025-02-17T04:21:40.632383,pending
8583,178,27,5,2025-02-17T04:21:40.632383,completed
8584,178,177,2,2025-02-17T04:21:40.632383,refunded
8585,868,151,1,2025-02-20T10:59:51.666194,completed
8586,528,40,3,2024-10-02T06:26:35.471356,completed
8587,528,121,1,2024-10-02T06:26:35.471356,completed
8588,528,50,4,2024-10-02T06:26:35.471356,completed
8589,256,86,3,2025-12-04T09:04:11.056766,completed
8590,870,17,3,2024-04-20T17:02:38.307319,completed
8591,195,79,3,2024-01-24T13:02:00.751707,completed
8592,452,23,5,2025-06-30T17:57:41.094549,refunded
8593,452,172,4,2025-06-30T17:57:41.094549,completed
8594,452,183,5,2025-06-30T17:57:41.094549,completed
8595,452,26,3,2025-06-30T17:57:41.094549,completed
8596,452,13,4,2025-06-30T17:57:41.094549,completed
8597,725,61,3,2025-04-03T15:31:20.094560,completed
8598,725,192,5,2025-04-03T15:31:20.094560,completed
8599,725,79,2,2025-04-03T15:31:20.094560,completed
8600,725,84,1,2025-04-03T15:31:20.094560,completed
8601,962,154,4,2023-12-30T10:04:13.797878,completed
8602,962,69,1,2023-12-30T10:04:13.797878,cancelled
8603,962,88,1,2023-12-30T10:04:13.797878,completed
8604,962,40,1,2023-12-30T10:04:13.797878,cancelled
8605,962,15,4,2023-12-30T10:04:13.797878,refunded
8606,390,24,5,2024-02-15T02:11:19.930176,completed
8607,390,5,2,2024-02-15T02:11:19.930176,completed
8608,390,16,2,2024-02-15T02:11:19.930176,pending
8609,390,193,1,2024-02-15T02:11:19.930176,completed
8610,390,180,2,2024-02-15T02:11:19.930176,completed
8611,516,39,1,2025-12-13T22:21:11.661369,completed
8612,516,176,4,2025-12-13T22:21:11.661369,completed
8613,654,44,5,2024-08-31T04:43:27.890641,completed
8614,654,167,2,2024-08-31T04:43:27.890641,completed
8615,654,98,2,2024-08-31T04:43:27.890641,completed
8616,654,159,4,2024-08-31T04:43:27.890641,completed
8617,955,191,1,2025-07-23T22:19:14.845071,completed
8618,583,36,3,2025-05-12T01:46:29.572085,completed
8619,583,170,2,2025-05-12T01:46:29.572085,completed
8620,467,181,2,2024-03-13T21:25:49.160534,completed
8621,32,166,4,2024-05-30T23:16:17.389410,cancelled
8622,274,87,3,2025-12-08T11:56:41.049883,pending
8623,274,158,5,2025-12-08T11:56:41.049883,completed
8624,274,127,1,2025-12-08T11:56:41.049883,completed
8625,274,189,3,2025-12-08T11:56:41.049883,completed
8626,274,33,3,2025-12-08T11:56:41.049883,completed
8627,735,85,5,2024-05-11T00:04:29.011408,pending
8628,823,181,2,2025-10-23T15:54:15.857880,cancelled
8629,971,103,5,2025-07-29T00:47:34.324976,completed
8630,971,5,2,2025-07-29T00:47:34.324976,completed
8631,971,98,4,2025-07-29T00:47:34.324976,completed
8632,971,12,3,2025-07-29T00:47:34.324976,pending
8633,971,74,3,2025-07-29T00:47:34.324976,completed
8634,824,178,5,2024-06-14T18:41:49.852662,completed
8635,824,156,1,2024-06-14T18:41:49.852662,completed
8636,824,88,5,2024-06-14T18:41:49.852662,completed
8637,824,11,4,2024-06-14T18:41:49.852662,completed
8638,705,53,4,2024-11-28T10:09:16.241978,completed
8639,705,10,3,2024-11-28T10:09:16.241978,completed
8640,705,25,2,2024-11-28T10:09:16.241978,completed
8641,573,136,4,2025-09-09T21:03:30.845259,completed
8642,573,131,5,2025-09-09T21:03:30.845259,completed
8643,573,114,2,2025-09-09T21:03:30.845259,completed
8644,573,187,4,2025-09-09T21:03:30.845259,completed
8645,54,166,1,2024-08-17T14:00:19.422960,pending
8646,54,33,1,2024-08-17T14:00:19.422960,completed
8647,54,36,2,2024-08-17T14:00:19.422960,completed
8648,54,152,1,2024-08-17T14:00:19.422960,cancelled
8649,494,71,5,2025-02-15T10:52:35.486608,completed
8650,494,171,2,2025-02-15T10:52:35.486608,completed
8651,494,193,2,2025-02-15T10:52:35.486608,completed
8652,494,115,3,2025-02-15T10:52:35.486608,pending
8653,494,21,5,2025-02-15T10:52:35.486608,completed
8654,784,187,2,2025-06-23T22:58:25.893890,cancelled
8655,784,63,5,2025-06-23T22:58:25.893890,completed
8656,784,144,1,2025-06-23T22:58:25.893890,completed
8657,772,67,4,2024-01-23T02:48:33.944568,pending
8658,749,93,2,2025-05-07T10:16:13.397798,completed
8659,132,62,4,2025-08-21T17:55:31.002252,completed
8660,132,151,1,2025-08-21T17:55:31.002252,pending
8661,132,92,3,2025-08-21T17:55:31.002252,completed
8662,132,24,2,2025-08-21T17:55:31.002252,completed
8663,132,189,4,2025-08-21T17:55:31.002252,completed
8664,828,66,5,2024-06-15T05:08:26.030098,completed
8665,828,131,4,2024-06-15T05:08:26.030098,pending
8666,828,195,3,2024-06-15T05:08:26.030098,completed
8667,828,133,2,2024-06-15T05:08:26.030098,completed
8668,828,104,2,2024-06-15T05:08:26.030098,completed
8669,680,170,5,2025-04-25T05:38:20.193720,cancelled
8670,680,48,1,2025-04-25T05:38:20.193720,completed
8671,680,41,2,2025-04-25T05:38:20.193720,completed
8672,680,135,2,2025-04-25T05:38:20.193720,completed
8673,680,43,5,2025-04-25T05:38:20.193720,completed
8674,438,187,4,2025-03-04T05:45:59.938883,completed
8675,438,77,5,2025-03-04T05:45:59.938883,completed
8676,438,175,4,2025-03-04T05:45:59.938883,completed
8677,438,109,5,2025-03-04T05:45:59.938883,completed
8678,438,125,3,2025-03-04T05:45:59.938883,completed
8679,589,148,2,2025-06-20T14:42:59.099544,completed
8680,589,122,3,2025-06-20T14:42:59.099544,completed
8681,589,86,1,2025-06-20T14:42:59.099544,cancelled
8682,331,176,5,2024-09-17T08:56:03.870221,completed
8683,331,182,5,2024-09-17T08:56:03.870221,completed
8684,331,85,4,2024-09-17T08:56:03.870221,completed
8685,726,71,3,2025-07-10T04:22:58.718194,refunded
8686,726,23,4,2025-07-10T04:22:58.718194,completed
8687,726,176,2,2025-07-10T04:22:58.718194,completed
8688,726,17,3,2025-07-10T04:22:58.718194,completed
8689,860,158,5,2024-12-22T18:13:45.764721,completed
8690,264,58,4,2024-08-26T14:03:15.123943,completed
8691,264,69,3,2024-08-26T14:03:15.123943,completed
8692,264,157,3,2024-08-26T14:03:15.123943,completed
8693,447,29,4,2024-10-23T13:12:29.988223,completed
8694,447,157,4,2024-10-23T13:12:29.988223,completed
8695,447,104,1,2024-10-23T13:12:29.988223,cancelled
8696,52,53,1,2025-11-26T19:43:30.969165,pending
8697,52,90,4,2025-11-26T19:43:30.969165,completed
8698,52,189,1,2025-11-26T19:43:30.969165,completed
8699,52,130,3,2025-11-26T19:43:30.969165,completed
8700,52,48,2,2025-11-26T19:43:30.969165,completed
8701,288,33,3,2025-09-14T16:37:30.829642,completed
8702,288,135,2,2025-09-14T16:37:30.829642,completed
8703,679,43,1,2025-04-30T17:36:01.690599,completed
8704,679,123,5,2025-04-30T17:36:01.690599,completed
8705,679,98,4,2025-04-30T17:36:01.690599,completed
8706,679,106,1,2025-04-30T17:36:01.690599,cancelled
8707,679,142,5,2025-04-30T17:36:01.690599,refunded
8708,282,53,2,2025-10-20T20:20:21.045929,cancelled
8709,567,19,3,2025-01-24T08:46:34.451049,pending
8710,450,96,4,2025-08-18T21:02:52.052338,completed
8711,450,135,4,2025-08-18T21:02:52.052338,completed
8712,355,67,1,2024-04-10T19:38:54.569208,completed
8713,355,70,5,2024-04-10T19:38:54.569208,completed
8714,355,107,4,2024-04-10T19:38:54.569208,completed
8715,912,125,2,2025-09-02T07:13:53.663715,completed
8716,912,69,1,2025-09-02T07:13:53.663715,completed
8717,912,192,2,2025-09-02T07:13:53.663715,completed
8718,912,104,3,2025-09-02T07:13:53.663715,completed
8719,65,154,2,2025-12-19T20:02:58.047275,completed
8720,841,105,2,2024-05-28T01:33:49.519713,pending
8721,841,114,3,2024-05-28T01:33:49.519713,completed
8722,841,190,2,2024-05-28T01:33:49.519713,refunded
8723,901,83,2,2025-03-26T16:42:09.592449,completed
8724,901,185,1,2025-03-26T16:42:09.592449,completed
8725,901,167,4,2025-03-26T16:42:09.592449,completed
8726,328,36,4,2024-04-05T05:33:20.702578,completed
8727,328,23,5,2024-04-05T05:33:20.702578,completed
8728,328,41,4,2024-04-05T05:33:20.702578,completed
8729,328,99,3,2024-04-05T05:33:20.702578,completed
8730,328,47,4,2024-04-05T05:33:20.702578,completed
8731,575,199,5,2024-08-12T06:36:59.311622,completed
8732,575,6,1,2024-08-12T06:36:59.311622,completed
8733,575,124,1,2024-08-12T06:36:59.311622,completed
8734,575,88,3,2024-08-12T06:36:59.311622,completed
8735,575,22,2,2024-08-12T06:36:59.311622,completed
8736,705,77,5,2025-11-21T23:48:37.242409,completed
8737,705,25,3,2025-11-21T23:48:37.242409,completed
8738,705,79,1,2025-11-21T23:48:37.242409,completed
8739,283,139,2,2024-08-26T18:57:07.606882,completed
8740,283,46,3,2024-08-26T18:57:07.606882,completed
8741,283,134,4,2024-08-26T18:57:07.606882,completed
8742,283,195,4,2024-08-26T18:57:07.606882,completed
8743,283,173,4,2024-08-26T18:57:07.606882,completed
8744,597,124,1,2024-11-04T20:34:07.498678,completed
8745,311,68,3,2024-07-06T21:03:47.676219,completed
8746,311,167,4,2024-07-06T21:03:47.676219,completed
8747,311,182,4,2024-07-06T21:03:47.676219,completed
8748,311,54,4,2024-07-06T21:03:47.676219,pending
8749,311,164,2,2024-07-06T21:03:47.676219,cancelled
8750,744,150,3,2025-08-20T21:28:00.229006,completed
8751,880,125,4,2025-05-15T16:40:14.034927,cancelled
8752,711,77,3,2024-05-03T13:00:38.247641,completed
8753,711,29,5,2024-05-03T13:00:38.247641,completed
8754,128,170,1,2025-01-31T07:11:55.231324,completed
8755,973,165,4,2025-09-22T10:19:52.765760,pending
8756,973,65,3,2025-09-22T10:19:52.765760,completed
8757,973,119,3,2025-09-22T10:19:52.765760,completed
8758,74,178,2,2025-03-24T16:11:16.764620,completed
8759,74,138,3,2025-03-24T16:11:16.764620,completed
8760,74,124,5,2025-03-24T16:11:16.764620,completed
8761,261,58,3,2025-08-27T18:32:28.807045,completed
8762,990,80,3,2025-10-10T17:41:23.437738,pending
8763,990,25,3,2025-10-10T17:41:23.437738,completed
8764,990,101,5,2025-10-10T17:41:23.437738,completed
8765,990,137,2,2025-10-10T17:41:23.437738,completed
8766,149,94,5,2025-08-19T07:41:52.010350,completed
8767,149,96,3,2025-08-19T07:41:52.010350,completed
8768,149,90,5,2025-08-19T07:41:52.010350,completed
8769,149,142,4,2025-08-19T07:41:52.010350,completed
8770,149,5,5,2025-08-19T07:41:52.010350,completed
8771,419,12,3,2025-08-19T18:11:51.723071,completed
8772,419,40,1,2025-08-19T18:11:51.723071,completed
8773,419,136,4,2025-08-19T18:11:51.723071,completed
8774,419,198,2,2025-08-19T18:11:51.723071,completed
8775,671,114,1,2025-09-14T17:52:46.085123,completed
8776,671,1,3,2025-09-14T17:52:46.085123,completed
8777,671,77,5,2025-09-14T17:52:46.085123,refunded
8778,456,66,4,2025-10-06T22:33:25.024140,completed
8779,501,75,5,2025-10-11T17:47:51.802238,completed
8780,501,32,3,2025-10-11T17:47:51.802238,completed
8781,43,183,4,2024-03-07T14:12:38.473208,completed
8782,43,56,4,2024-03-07T14:12:38.473208,completed
8783,43,128,5,2024-03-07T14:12:38.473208,pending
8784,43,73,1,2024-03-07T14:12:38.473208,completed
8785,43,96,4,2024-03-07T14:12:38.473208,completed
8786,695,169,1,2025-05-17T15:08:56.809359,completed
8787,449,99,4,2024-05-02T00:54:50.282509,completed
8788,662,148,5,2024-05-06T04:21:38.930606,completed
8789,662,9,5,2024-05-06T04:21:38.930606,completed
8790,662,126,5,2024-05-06T04:21:38.930606,completed
8791,697,102,2,2025-08-04T10:30:11.692338,completed
8792,818,149,5,2024-03-18T17:03:03.632716,completed
8793,818,200,5,2024-03-18T17:03:03.632716,completed
8794,818,61,4,2024-03-18T17:03:03.632716,completed
8795,362,110,2,2025-01-19T20:48:16.738966,completed
8796,362,125,3,2025-01-19T20:48:16.738966,completed
8797,609,12,2,2024-06-08T08:18:55.819256,completed
8798,609,126,5,2024-06-08T08:18:55.819256,completed
8799,609,15,1,2024-06-08T08:18:55.819256,cancelled
8800,609,117,2,2024-06-08T08:18:55.819256,pending
8801,840,193,2,2025-03-01T22:40:28.257938,completed
8802,77,49,4,2024-09-07T11:08:11.327627,cancelled
8803,77,13,3,2024-09-07T11:08:11.327627,completed
8804,77,155,3,2024-09-07T11:08:11.327627,refunded
8805,233,104,4,2024-03-01T06:59:14.420022,completed
8806,233,173,5,2024-03-01T06:59:14.420022,completed
8807,233,58,1,2024-03-01T06:59:14.420022,cancelled
8808,233,81,3,2024-03-01T06:59:14.420022,completed
8809,23,181,1,2024-05-20T19:41:06.129017,completed
8810,23,197,4,2024-05-20T19:41:06.129017,completed
8811,234,199,3,2025-07-07T06:52:42.257084,completed
8812,234,161,2,2025-07-07T06:52:42.257084,completed
8813,234,112,1,2025-07-07T06:52:42.257084,completed
8814,998,47,2,2024-06-21T19:12:49.448655,pending
8815,998,172,4,2024-06-21T19:12:49.448655,pending
8816,998,107,3,2024-06-21T19:12:49.448655,completed
8817,820,37,5,2024-06-08T16:47:12.491659,pending
8818,536,110,2,2024-08-06T06:45:49.795486,completed
8819,536,150,2,2024-08-06T06:45:49.795486,completed
8820,536,27,2,2024-08-06T06:45:49.795486,completed
8821,536,23,2,2024-08-06T06:45:49.795486,completed
8822,163,22,5,2024-05-27T22:04:17.007450,completed
8823,163,28,2,2024-05-27T22:04:17.007450,pending
8824,163,150,5,2024-05-27T22:04:17.007450,pending
8825,163,126,4,2024-05-27T22:04:17.007450,refunded
8826,777,116,3,2024-01-28T11:00:17.175263,completed
8827,777,68,3,2024-01-28T11:00:17.175263,completed
8828,777,162,2,2024-01-28T11:00:17.175263,completed
8829,839,72,1,2024-06-14T23:41:06.570351,completed
8830,839,74,5,2024-06-14T23:41:06.570351,completed
8831,839,20,3,2024-06-14T23:41:06.570351,completed
8832,392,49,3,2025-10-04T13:09:31.720790,completed
8833,392,131,2,2025-10-04T13:09:31.720790,completed
8834,392,5,5,2025-10-04T13:09:31.720790,completed
8835,392,176,5,2025-10-04T13:09:31.720790,completed
8836,858,132,5,2025-07-28T01:06:46.731658,completed
8837,858,78,3,2025-07-28T01:06:46.731658,pending
8838,858,200,1,2025-07-28T01:06:46.731658,completed
8839,858,26,2,2025-07-28T01:06:46.731658,completed
8840,969,67,5,2025-03-01T15:20:26.206558,completed
8841,249,69,1,2025-01-04T18:11:25.311313,completed
8842,249,16,2,2025-01-04T18:11:25.311313,completed
8843,249,25,4,2025-01-04T18:11:25.311313,completed
8844,2,124,4,2025-06-11T05:19:08.173644,completed
8845,2,200,5,2025-06-11T05:19:08.173644,completed
8846,2,102,4,2025-06-11T05:19:08.173644,completed
8847,2,75,4,2025-06-11T05:19:08.173644,completed
8848,2,120,5,2025-06-11T05:19:08.173644,completed
8849,477,37,1,2025-07-09T04:37:49.672262,completed
8850,477,190,4,2025-07-09T04:37:49.672262,completed
8851,477,155,1,2025-07-09T04:37:49.672262,completed
8852,477,96,2,2025-07-09T04:37:49.672262,cancelled
8853,511,11,5,2025-03-19T03:09:37.582729,completed
8854,511,73,5,2025-03-19T03:09:37.582729,completed
8855,51,27,5,2025-04-09T04:56:28.595140,completed
8856,51,129,2,2025-04-09T04:56:28.595140,pending
8857,51,100,2,2025-04-09T04:56:28.595140,completed
8858,305,103,4,2024-10-29T01:35:22.038472,completed
8859,305,66,1,2024-10-29T01:35:22.038472,completed
8860,305,158,1,2024-10-29T01:35:22.038472,completed
8861,331,156,1,2025-04-17T05:36:23.969077,completed
8862,331,175,3,2025-04-17T05:36:23.969077,completed
8863,583,145,4,2024-09-10T15:29:08.343716,completed
8864,235,34,1,2025-07-18T18:06:55.880298,completed
8865,235,87,5,2025-07-18T18:06:55.880298,completed
8866,235,170,1,2025-07-18T18:06:55.880298,completed
8867,71,144,2,2025-01-17T05:19:43.764656,completed
8868,71,147,5,2025-01-17T05:19:43.764656,completed
8869,71,26,4,2025-01-17T05:19:43.764656,completed
8870,12,71,2,2024-03-29T00:11:38.771982,completed
8871,12,45,2,2024-03-29T00:11:38.771982,completed
8872,12,31,4,2024-03-29T00:11:38.771982,completed
8873,12,86,3,2024-03-29T00:11:38.771982,cancelled
8874,412,36,2,2024-07-10T16:51:32.552887,completed
8875,586,141,5,2025-06-05T17:51:25.844998,completed
8876,812,132,5,2025-02-03T18:30:23.143442,completed
8877,812,3,3,2025-02-03T18:30:23.143442,completed
8878,812,37,5,2025-02-03T18:30:23.143442,pending
8879,197,164,4,2025-06-20T06:21:28.631323,completed
8880,197,22,3,2025-06-20T06:21:28.631323,pending
8881,197,2,4,2025-06-20T06:21:28.631323,completed
8882,197,105,3,2025-06-20T06:21:28.631323,completed
8883,197,93,2,2025-06-20T06:21:28.631323,completed
8884,723,32,1,2025-03-07T03:27:21.651764,completed
8885,723,7,1,2025-03-07T03:27:21.651764,completed
8886,723,42,5,2025-03-07T03:27:21.651764,completed
8887,89,85,4,2024-04-27T09:29:53.661738,completed
8888,89,95,1,2024-04-27T09:29:53.661738,cancelled
8889,89,132,3,2024-04-27T09:29:53.661738,pending
8890,89,163,5,2024-04-27T09:29:53.661738,completed
8891,89,150,4,2024-04-27T09:29:53.661738,cancelled
8892,84,180,3,2024-03-08T13:18:27.550246,completed
8893,84,7,4,2024-03-08T13:18:27.550246,cancelled
8894,84,50,5,2024-03-08T13:18:27.550246,completed
8895,84,9,2,2024-03-08T13:18:27.550246,completed
8896,956,2,3,2024-12-08T02:25:28.925383,completed
8897,956,85,2,2024-12-08T02:25:28.925383,completed
8898,956,24,5,2024-12-08T02:25:28.925383,completed
8899,956,101,2,2024-12-08T02:25:28.925383,completed
8900,395,67,4,2025-07-10T02:11:23.315435,completed
8901,395,30,4,2025-07-10T02:11:23.315435,pending
8902,395,194,1,2025-07-10T02:11:23.315435,completed
8903,395,143,2,2025-07-10T02:11:23.315435,completed
8904,395,117,5,2025-07-10T02:11:23.315435,completed
8905,466,21,4,2024-05-06T09:50:44.876866,completed
8906,466,164,1,2024-05-06T09:50:44.876866,completed
8907,182,149,4,2025-04-09T09:07:08.194120,completed
8908,182,108,4,2025-04-09T09:07:08.194120,pending
8909,182,192,3,2025-04-09T09:07:08.194120,refunded
8910,349,200,1,2025-06-28T10:17:48.299563,completed
8911,288,12,2,2024-02-26T20:14:04.381897,pending
8912,288,151,5,2024-02-26T20:14:04.381897,completed
8913,288,78,3,2024-02-26T20:14:04.381897,completed
8914,288,180,3,2024-02-26T20:14:04.381897,pending
8915,288,113,2,2024-02-26T20:14:04.381897,completed
8916,466,200,3,2024-10-08T11:23:41.241779,pending
8917,466,150,4,2024-10-08T11:23:41.241779,pending
8918,466,93,1,2024-10-08T11:23:41.241779,completed
8919,466,149,4,2024-10-08T11:23:41.241779,cancelled
8920,466,184,5,2024-10-08T11:23:41.241779,completed
8921,315,93,3,2024-02-05T23:15:30.002383,completed
8922,315,75,4,2024-02-05T23:15:30.002383,completed
8923,315,173,5,2024-02-05T23:15:30.002383,completed
8924,315,191,2,2024-02-05T23:15:30.002383,completed
8925,700,54,1,2025-09-21T19:54:32.163952,completed
8926,700,76,5,2025-09-21T19:54:32.163952,completed
8927,700,130,5,2025-09-21T19:54:32.163952,completed
8928,700,87,4,2025-09-21T19:54:32.163952,completed
8929,700,69,3,2025-09-21T19:54:32.163952,completed
8930,12,98,5,2024-05-26T13:53:37.320680,completed
8931,12,186,4,2024-05-26T13:53:37.320680,completed
8932,12,152,5,2024-05-26T13:53:37.320680,completed
8933,12,187,4,2024-05-26T13:53:37.320680,completed
8934,488,160,4,2025-03-19T02:04:03.821266,pending
8935,912,113,1,2024-05-09T06:41:30.817362,completed
8936,912,153,2,2024-05-09T06:41:30.817362,completed
8937,912,96,4,2024-05-09T06:41:30.817362,completed
8938,912,120,2,2024-05-09T06:41:30.817362,completed
8939,604,191,4,2024-10-29T04:06:07.777407,completed
8940,604,195,1,2024-10-29T04:06:07.777407,completed
8941,449,92,2,2024-01-10T23:19:40.948280,completed
8942,449,32,4,2024-01-10T23:19:40.948280,completed
8943,677,105,5,2025-05-09T17:43:50.868693,cancelled
8944,669,74,2,2024-03-18T08:27:12.389369,completed
8945,669,52,2,2024-03-18T08:27:12.389369,completed
8946,147,158,2,2025-04-13T18:30:56.653944,completed
8947,147,151,4,2025-04-13T18:30:56.653944,completed
8948,411,97,5,2025-05-20T02:42:38.515919,refunded
8949,265,175,4,2025-12-01T21:18:28.186276,completed
8950,265,1,2,2025-12-01T21:18:28.186276,completed
8951,449,101,3,2025-05-19T22:03:39.491266,completed
8952,449,83,5,2025-05-19T22:03:39.491266,completed
8953,449,200,4,2025-05-19T22:03:39.491266,completed
8954,449,36,1,2025-05-19T22:03:39.491266,completed
8955,449,154,4,2025-05-19T22:03:39.491266,pending
8956,272,136,3,2024-04-30T14:56:50.491844,completed
8957,272,143,3,2024-04-30T14:56:50.491844,completed
8958,272,87,1,2024-04-30T14:56:50.491844,cancelled
8959,647,3,3,2024-03-26T19:28:21.386781,cancelled
8960,647,66,5,2024-03-26T19:28:21.386781,pending
8961,647,43,3,2024-03-26T19:28:21.386781,completed
8962,647,93,4,2024-03-26T19:28:21.386781,completed
8963,647,90,3,2024-03-26T19:28:21.386781,refunded
8964,374,8,4,2024-04-24T08:01:16.373912,completed
8965,374,123,4,2024-04-24T08:01:16.373912,completed
8966,374,143,1,2024-04-24T08:01:16.373912,completed
8967,44,185,2,2024-04-23T15:58:57.097329,completed
8968,44,152,2,2024-04-23T15:58:57.097329,pending
8969,940,9,3,2025-09-02T13:45:48.399079,completed
8970,940,24,4,2025-09-02T13:45:48.399079,cancelled
8971,940,160,5,2025-09-02T13:45:48.399079,completed
8972,940,184,2,2025-09-02T13:45:48.399079,completed
8973,484,135,4,2024-07-05T10:46:03.100906,completed
8974,484,199,1,2024-07-05T10:46:03.100906,completed
8975,484,124,2,2024-07-05T10:46:03.100906,pending
8976,484,41,5,2024-07-05T10:46:03.100906,completed
8977,484,133,4,2024-07-05T10:46:03.100906,completed
8978,838,122,5,2025-05-06T18:27:45.456632,completed
8979,308,110,1,2025-01-07T14:27:36.876150,completed
8980,779,139,5,2025-07-21T10:09:11.477584,completed
8981,779,143,1,2025-07-21T10:09:11.477584,completed
8982,81,46,5,2025-05-31T05:44:41.527232,completed
8983,347,39,1,2025-08-04T04:32:52.767356,completed
8984,164,22,4,2024-02-03T17:56:41.678272,completed
8985,376,18,5,2025-04-26T01:52:11.490320,completed
8986,376,102,2,2025-04-26T01:52:11.490320,completed
8987,376,71,1,2025-04-26T01:52:11.490320,completed
8988,910,104,4,2024-06-17T09:03:01.266357,completed
8989,910,107,1,2024-06-17T09:03:01.266357,completed
8990,910,34,3,2024-06-17T09:03:01.266357,completed
8991,698,115,2,2025-06-08T18:26:06.594695,pending
8992,698,65,4,2025-06-08T18:26:06.594695,completed
8993,698,71,5,2025-06-08T18:26:06.594695,cancelled
8994,698,44,3,2025-06-08T18:26:06.594695,completed
8995,698,14,5,2025-06-08T18:26:06.594695,cancelled
8996,825,52,5,2024-11-01T21:17:16.955303,cancelled
8997,825,4,5,2024-11-01T21:17:16.955303,cancelled
8998,146,177,2,2024-08-02T07:54:58.115828,completed
8999,146,143,1,2024-08-02T07:54:58.115828,completed
9000,815,67,3,2023-12-31T11:27:20.376953,completed
9001,609,59,4,2025-10-02T05:07:27.724338,completed
9002,609,35,3,2025-10-02T05:07:27.724338,completed
9003,545,129,5,2024-03-02T21:44:04.901137,completed
9004,545,181,1,2024-03-02T21:44:04.901137,completed
9005,545,26,1,2024-03-02T21:44:04.901137,completed
9006,580,128,2,2025-07-20T16:26:48.458272,completed
9007,580,156,2,2025-07-20T16:26:48.458272,completed
9008,580,124,5,2025-07-20T16:26:48.458272,completed
9009,580,172,1,2025-07-20T16:26:48.458272,pending
9010,159,186,2,2024-07-19T22:10:47.723788,completed
9011,159,185,5,2024-07-19T22:10:47.723788,completed
9012,159,91,1,2024-07-19T22:10:47.723788,pending
9013,159,33,5,2024-07-19T22:10:47.723788,completed
9014,159,61,2,2024-07-19T22:10:47.723788,completed
9015,600,130,1,2024-04-21T19:27:01.632492,completed
9016,600,42,3,2024-04-21T19:27:01.632492,cancelled
9017,600,152,1,2024-04-21T19:27:01.632492,completed
9018,863,155,4,2025-06-28T16:20:14.200630,completed
9019,863,166,5,2025-06-28T16:20:14.200630,completed
9020,20,86,1,2025-01-27T17:12:51.370340,refunded
9021,20,118,3,2025-01-27T17:12:51.370340,cancelled
9022,20,78,3,2025-01-27T17:12:51.370340,completed
9023,20,179,4,2025-01-27T17:12:51.370340,pending
9024,597,41,5,2025-09-04T01:13:24.316864,completed
9025,597,99,5,2025-09-04T01:13:24.316864,completed
9026,597,34,1,2025-09-04T01:13:24.316864,completed
9027,597,89,5,2025-09-04T01:13:24.316864,cancelled
9028,992,187,4,2024-04-12T09:23:22.083651,completed
9029,992,116,4,2024-04-12T09:23:22.083651,completed
9030,992,61,3,2024-04-12T09:23:22.083651,completed
9031,992,195,3,2024-04-12T09:23:22.083651,completed
9032,905,78,5,2025-12-09T15:38:47.843772,completed
9033,905,160,5,2025-12-09T15:38:47.843772,refunded
9034,905,119,4,2025-12-09T15:38:47.843772,completed
9035,113,104,3,2024-01-12T10:59:43.760709,completed
9036,113,193,5,2024-01-12T10:59:43.760709,pending
9037,113,183,1,2024-01-12T10:59:43.760709,pending
9038,629,13,1,2025-05-10T06:17:42.553167,completed
9039,629,196,2,2025-05-10T06:17:42.553167,completed
9040,629,58,5,2025-05-10T06:17:42.553167,pending
9041,629,70,1,2025-05-10T06:17:42.553167,completed
9042,629,137,1,2025-05-10T06:17:42.553167,completed
9043,10,17,2,2024-06-16T15:49:11.844512,completed
9044,10,108,2,2024-06-16T15:49:11.844512,completed
9045,10,179,2,2024-06-16T15:49:11.844512,completed
9046,10,91,2,2024-06-16T15:49:11.844512,completed
9047,10,124,3,2024-06-16T15:49:11.844512,completed
9048,945,57,4,2025-08-23T04:49:01.115489,completed
9049,237,153,1,2024-09-14T15:47:25.761250,completed
9050,275,26,3,2025-05-13T14:34:44.696167,completed
9051,248,182,1,2024-08-01T16:17:56.018746,completed
9052,189,102,1,2024-10-16T10:21:34.723537,completed
9053,189,80,3,2024-10-16T10:21:34.723537,completed
9054,993,3,1,2025-05-16T09:59:20.759157,completed
9055,129,58,3,2025-11-05T02:56:03.626947,completed
9056,129,56,3,2025-11-05T02:56:03.626947,completed
9057,129,85,5,2025-11-05T02:56:03.626947,completed
9058,129,157,2,2025-11-05T02:56:03.626947,pending
9059,129,136,3,2025-11-05T02:56:03.626947,completed
9060,701,178,3,2024-03-16T03:42:32.322646,completed
9061,701,124,5,2024-03-16T03:42:32.322646,completed
9062,701,123,2,2024-03-16T03:42:32.322646,completed
9063,701,22,2,2024-03-16T03:42:32.322646,completed
9064,477,104,1,2025-06-10T11:05:25.028772,completed
9065,477,84,2,2025-06-10T11:05:25.028772,completed
9066,577,148,1,2024-10-26T23:35:02.159609,completed
9067,652,111,3,2024-02-06T12:28:20.512677,pending
9068,417,166,3,2024-08-22T15:40:34.026878,completed
9069,463,126,3,2025-12-12T21:33:01.082589,completed
9070,463,64,1,2025-12-12T21:33:01.082589,completed
9071,463,189,3,2025-12-12T21:33:01.082589,completed
9072,463,181,2,2025-12-12T21:33:01.082589,completed
9073,463,84,5,2025-12-12T21:33:01.082589,completed
9074,148,189,4,2023-12-26T20:06:05.951432,completed
9075,373,147,2,2025-07-29T07:23:15.745901,completed
9076,373,58,2,2025-07-29T07:23:15.745901,completed
9077,373,160,4,2025-07-29T07:23:15.745901,completed
9078,284,55,5,2024-07-16T03:19:45.765476,pending
9079,284,190,3,2024-07-16T03:19:45.765476,completed
9080,284,200,4,2024-07-16T03:19:45.765476,completed
9081,228,117,5,2024-08-02T14:43:16.071791,completed
9082,228,51,2,2024-08-02T14:43:16.071791,completed
9083,228,64,4,2024-08-02T14:43:16.071791,completed
9084,349,162,2,2024-09-02T17:58:46.014895,completed
9085,349,174,2,2024-09-02T17:58:46.014895,completed
9086,104,40,4,2025-03-18T13:44:42.165750,cancelled
9087,104,76,1,2025-03-18T13:44:42.165750,completed
9088,552,49,2,2025-03-17T20:59:10.537195,completed
9089,552,183,2,2025-03-17T20:59:10.537195,completed
9090,552,118,3,2025-03-17T20:59:10.537195,cancelled
9091,410,33,2,2024-02-06T09:27:24.227414,pending
9092,335,8,4,2024-05-09T13:53:46.244340,completed
9093,375,84,1,2024-01-18T09:14:50.947990,pending
9094,375,137,3,2024-01-18T09:14:50.947990,completed
9095,375,128,1,2024-01-18T09:14:50.947990,completed
9096,156,88,1,2024-08-04T03:49:52.435340,completed
9097,156,101,5,2024-08-04T03:49:52.435340,completed
9098,156,79,3,2024-08-04T03:49:52.435340,pending
9099,135,60,4,2025-03-29T17:48:27.623693,completed
9100,135,131,1,2025-03-29T17:48:27.623693,completed
9101,135,10,2,2025-03-29T17:48:27.623693,pending
9102,751,6,2,2024-07-27T03:36:47.477505,completed
9103,751,90,3,2024-07-27T03:36:47.477505,completed
9104,751,184,3,2024-07-27T03:36:47.477505,cancelled
9105,998,158,4,2024-08-14T04:44:49.369749,completed
9106,709,194,1,2024-02-27T03:05:24.633942,pending
9107,709,81,4,2024-02-27T03:05:24.633942,completed
9108,709,92,2,2024-02-27T03:05:24.633942,completed
9109,709,128,5,2024-02-27T03:05:24.633942,completed
9110,135,105,4,2025-03-27T15:50:47.871877,completed
9111,135,63,4,2025-03-27T15:50:47.871877,completed
9112,135,5,1,2025-03-27T15:50:47.871877,completed
9113,894,169,3,2024-01-30T17:01:27.221282,completed
9114,894,94,1,2024-01-30T17:01:27.221282,completed
9115,894,184,1,2024-01-30T17:01:27.221282,completed
9116,894,111,3,2024-01-30T17:01:27.221282,completed
9117,894,61,3,2024-01-30T17:01:27.221282,completed
9118,676,129,4,2025-10-15T04:06:17.165783,completed
9119,676,92,4,2025-10-15T04:06:17.165783,pending
9120,676,171,3,2025-10-15T04:06:17.165783,completed
9121,676,167,2,2025-10-15T04:06:17.165783,completed
9122,433,130,1,2024-04-29T18:19:31.240165,completed
9123,608,28,1,2025-09-09T05:11:38.134290,completed
9124,292,188,5,2025-04-21T11:12:32.337281,completed
9125,292,25,5,2025-04-21T11:12:32.337281,completed
9126,292,13,5,2025-04-21T11:12:32.337281,completed
9127,292,56,5,2025-04-21T11:12:32.337281,completed
9128,288,169,5,2025-08-12T06:17:02.751489,completed
9129,288,30,4,2025-08-12T06:17:02.751489,cancelled
9130,288,99,4,2025-08-12T06:17:02.751489,completed
9131,288,63,3,2025-08-12T06:17:02.751489,completed
9132,837,108,3,2024-02-10T12:25:50.838192,completed
9133,837,153,5,2024-02-10T12:25:50.838192,completed
9134,837,12,4,2024-02-10T12:25:50.838192,completed
9135,550,98,2,2025-04-03T15:33:46.513680,completed
9136,550,123,1,2025-04-03T15:33:46.513680,completed
9137,160,41,5,2024-08-09T11:06:35.229760,completed
9138,160,1,3,2024-08-09T11:06:35.229760,completed
9139,160,186,2,2024-08-09T11:06:35.229760,completed
9140,160,164,3,2024-08-09T11:06:35.229760,completed
9141,19,133,1,2024-08-10T08:28:45.766454,cancelled
9142,19,58,2,2024-08-10T08:28:45.766454,completed
9143,19,187,4,2024-08-10T08:28:45.766454,completed
9144,19,186,5,2024-08-10T08:28:45.766454,completed
9145,599,96,3,2024-07-03T02:34:42.497744,completed
9146,599,27,2,2024-07-03T02:34:42.497744,completed
9147,599,165,1,2024-07-03T02:34:42.497744,completed
9148,599,66,4,2024-07-03T02:34:42.497744,completed
9149,599,89,1,2024-07-03T02:34:42.497744,cancelled
9150,389,132,1,2025-06-20T07:56:48.047566,pending
9151,389,186,3,2025-06-20T07:56:48.047566,completed
9152,389,107,1,2025-06-20T07:56:48.047566,completed
9153,389,116,3,2025-06-20T07:56:48.047566,completed
9154,389,96,1,2025-06-20T07:56:48.047566,completed
9155,623,103,2,2025-02-26T13:59:51.210505,cancelled
9156,623,54,1,2025-02-26T13:59:51.210505,completed
9157,623,78,4,2025-02-26T13:59:51.210505,completed
9158,955,5,1,2024-04-27T02:14:49.828579,completed
9159,955,185,5,2024-04-27T02:14:49.828579,pending
9160,355,85,4,2025-03-28T04:44:34.975369,completed
9161,355,195,4,2025-03-28T04:44:34.975369,completed
9162,355,55,1,2025-03-28T04:44:34.975369,completed
9163,355,62,1,2025-03-28T04:44:34.975369,completed
9164,705,124,1,2024-04-26T09:57:45.630838,completed
9165,705,28,5,2024-04-26T09:57:45.630838,completed
9166,705,152,2,2024-04-26T09:57:45.630838,completed
9167,705,42,1,2024-04-26T09:57:45.630838,completed
9168,705,107,1,2024-04-26T09:57:45.630838,completed
9169,384,87,1,2024-12-05T18:50:42.734661,refunded
9170,384,83,3,2024-12-05T18:50:42.734661,completed
9171,384,7,1,2024-12-05T18:50:42.734661,completed
9172,763,171,5,2025-05-23T09:49:22.097739,completed
9173,564,146,4,2024-11-01T02:03:04.133437,completed
9174,564,127,2,2024-11-01T02:03:04.133437,completed
9175,490,80,1,2025-04-18T23:02:15.746166,completed
9176,490,97,1,2025-04-18T23:02:15.746166,completed
9177,813,64,1,2025-12-19T16:19:22.182688,completed
9178,813,135,5,2025-12-19T16:19:22.182688,completed
9179,813,57,2,2025-12-19T16:19:22.182688,completed
9180,630,159,4,2025-03-03T04:43:40.137927,completed
9181,630,58,3,2025-03-03T04:43:40.137927,completed
9182,630,5,5,2025-03-03T04:43:40.137927,completed
9183,660,81,4,2025-07-09T08:05:44.555977,completed
9184,660,70,5,2025-07-09T08:05:44.555977,completed
9185,660,106,2,2025-07-09T08:05:44.555977,completed
9186,660,194,5,2025-07-09T08:05:44.555977,completed
9187,387,38,2,2025-02-09T05:00:42.929941,completed
9188,387,87,3,2025-02-09T05:00:42.929941,completed
9189,58,43,2,2024-06-08T16:19:18.060316,completed
9190,133,74,3,2025-01-16T09:41:45.034046,completed
9191,133,10,4,2025-01-16T09:41:45.034046,completed
9192,869,48,3,2024-02-27T01:53:41.956648,completed
9193,378,145,5,2024-06-20T14:26:53.908948,pending
9194,378,189,2,2024-06-20T14:26:53.908948,completed
9195,378,12,5,2024-06-20T14:26:53.908948,pending
9196,378,68,1,2024-06-20T14:26:53.908948,completed
9197,378,27,4,2024-06-20T14:26:53.908948,completed
9198,45,30,4,2025-08-21T17:24:30.298488,completed
9199,45,47,3,2025-08-21T17:24:30.298488,completed
9200,45,56,4,2025-08-21T17:24:30.298488,completed
9201,45,149,1,2025-08-21T17:24:30.298488,completed
9202,45,33,4,2025-08-21T17:24:30.298488,completed
9203,427,84,2,2025-03-21T13:53:35.890219,completed
9204,627,142,3,2025-01-19T16:42:05.993178,completed
9205,627,73,2,2025-01-19T16:42:05.993178,completed
9206,627,78,3,2025-01-19T16:42:05.993178,completed
9207,153,138,2,2025-06-24T02:09:35.484598,completed
9208,153,140,2,2025-06-24T02:09:35.484598,pending
9209,153,101,2,2025-06-24T02:09:35.484598,completed
9210,308,11,1,2025-03-09T16:25:57.150469,cancelled
9211,308,58,1,2025-03-09T16:25:57.150469,completed
9212,308,19,4,2025-03-09T16:25:57.150469,completed
9213,647,32,5,2024-01-01T19:28:41.394540,completed
9214,647,68,4,2024-01-01T19:28:41.394540,completed
9215,647,155,3,2024-01-01T19:28:41.394540,completed
9216,647,196,1,2024-01-01T19:28:41.394540,pending
9217,647,64,5,2024-01-01T19:28:41.394540,pending
9218,128,149,5,2025-03-18T15:44:53.763245,completed
9219,323,169,3,2024-06-06T07:39:14.275283,completed
9220,323,174,4,2024-06-06T07:39:14.275283,completed
9221,323,154,2,2024-06-06T07:39:14.275283,completed
9222,323,37,1,2024-06-06T07:39:14.275283,completed
9223,81,24,1,2025-07-22T22:35:52.070282,completed
9224,81,51,1,2025-07-22T22:35:52.070282,cancelled
9225,81,194,5,2025-07-22T22:35:52.070282,completed
9226,320,88,1,2024-03-22T14:00:28.279132,completed
9227,238,81,1,2025-04-11T11:09:47.565816,completed
9228,238,163,5,2025-04-11T11:09:47.565816,completed
9229,318,116,3,2025-09-08T04:21:59.289430,completed
9230,318,10,5,2025-09-08T04:21:59.289430,completed
9231,318,129,1,2025-09-08T04:21:59.289430,pending
9232,925,117,5,2024-07-22T17:58:17.071254,completed
9233,925,26,2,2024-07-22T17:58:17.071254,completed
9234,925,76,2,2024-07-22T17:58:17.071254,completed
9235,925,170,3,2024-07-22T17:58:17.071254,completed
9236,400,81,2,2024-09-22T11:13:11.743346,completed
9237,400,122,4,2024-09-22T11:13:11.743346,completed
9238,400,33,1,2024-09-22T11:13:11.743346,completed
9239,275,57,2,2025-04-25T19:31:36.678447,pending
9240,960,68,5,2024-12-29T05:38:56.268420,completed
9241,960,67,5,2024-12-29T05:38:56.268420,completed
9242,960,159,5,2024-12-29T05:38:56.268420,cancelled
9243,960,161,2,2024-12-29T05:38:56.268420,completed
9244,726,101,5,2024-05-06T03:30:09.442511,completed
9245,726,192,2,2024-05-06T03:30:09.442511,pending
9246,415,19,1,2024-10-15T12:35:56.346743,completed
9247,415,2,4,2024-10-15T12:35:56.346743,completed
9248,415,99,4,2024-10-15T12:35:56.346743,completed
9249,963,180,5,2024-05-16T04:34:48.230956,completed
9250,501,62,1,2024-07-27T00:33:48.423314,completed
9251,501,23,5,2024-07-27T00:33:48.423314,completed
9252,501,176,3,2024-07-27T00:33:48.423314,completed
9253,501,10,1,2024-07-27T00:33:48.423314,completed
9254,232,10,1,2025-01-01T21:23:41.107497,completed
9255,232,100,3,2025-01-01T21:23:41.107497,cancelled
9256,232,74,4,2025-01-01T21:23:41.107497,completed
9257,232,6,3,2025-01-01T21:23:41.107497,pending
9258,388,133,5,2025-03-06T12:39:48.988192,completed
9259,388,152,1,2025-03-06T12:39:48.988192,pending
9260,388,70,2,2025-03-06T12:39:48.988192,completed
9261,388,131,1,2025-03-06T12:39:48.988192,completed
9262,388,65,1,2025-03-06T12:39:48.988192,cancelled
9263,467,2,4,2025-11-15T13:29:45.778932,cancelled
9264,467,193,2,2025-11-15T13:29:45.778932,completed
9265,467,19,3,2025-11-15T13:29:45.778932,completed
9266,467,114,3,2025-11-15T13:29:45.778932,completed
9267,829,10,5,2024-06-25T22:31:56.418827,completed
9268,829,114,1,2024-06-25T22:31:56.418827,completed
9269,588,14,1,2024-11-30T04:48:55.312840,completed
9270,588,10,1,2024-11-30T04:48:55.312840,completed
9271,588,72,3,2024-11-30T04:48:55.312840,completed
9272,588,158,3,2024-11-30T04:48:55.312840,completed
9273,607,115,2,2024-03-04T20:11:08.944982,completed
9274,607,72,5,2024-03-04T20:11:08.944982,completed
9275,607,59,5,2024-03-04T20:11:08.944982,completed
9276,607,60,3,2024-03-04T20:11:08.944982,completed
9277,166,146,4,2025-11-19T01:32:47.615887,completed
9278,166,28,1,2025-11-19T01:32:47.615887,pending
9279,745,93,1,2025-01-08T18:30:12.162727,pending
9280,745,63,1,2025-01-08T18:30:12.162727,completed
9281,712,150,3,2024-11-03T13:37:08.889439,completed
9282,712,47,4,2024-11-03T13:37:08.889439,completed
9283,712,99,5,2024-11-03T13:37:08.889439,completed
9284,712,161,4,2024-11-03T13:37:08.889439,completed
9285,712,104,4,2024-11-03T13:37:08.889439,completed
9286,582,196,2,2025-03-12T05:09:57.908086,completed
9287,582,110,4,2025-03-12T05:09:57.908086,completed
9288,582,178,2,2025-03-12T05:09:57.908086,cancelled
9289,201,90,2,2025-06-07T09:44:25.548865,pending
9290,201,135,2,2025-06-07T09:44:25.548865,pending
9291,201,97,4,2025-06-07T09:44:25.548865,completed
9292,201,85,1,2025-06-07T09:44:25.548865,completed
9293,201,170,1,2025-06-07T09:44:25.548865,refunded
9294,982,71,2,2024-12-25T20:00:19.956017,completed
9295,982,148,4,2024-12-25T20:00:19.956017,cancelled
9296,400,9,3,2025-07-09T19:59:18.541193,completed
9297,400,111,1,2025-07-09T19:59:18.541193,completed
9298,400,2,2,2025-07-09T19:59:18.541193,pending
9299,400,94,4,2025-07-09T19:59:18.541193,completed
9300,122,100,2,2024-09-10T08:37:42.070748,completed
9301,403,143,3,2024-07-18T07:16:28.605807,completed
9302,403,157,4,2024-07-18T07:16:28.605807,completed
9303,403,49,5,2024-07-18T07:16:28.605807,completed
9304,403,95,5,2024-07-18T07:16:28.605807,completed
9305,403,193,1,2024-07-18T07:16:28.605807,cancelled
9306,679,93,2,2024-07-15T14:33:36.893325,completed
9307,679,125,2,2024-07-15T14:33:36.893325,completed
9308,679,2,2,2024-07-15T14:33:36.893325,completed
9309,861,186,5,2025-06-04T08:10:19.842077,refunded
9310,408,39,1,2024-04-27T22:42:01.741949,completed
9311,408,93,5,2024-04-27T22:42:01.741949,cancelled
9312,408,83,4,2024-04-27T22:42:01.741949,refunded
9313,408,33,1,2024-04-27T22:42:01.741949,completed
9314,408,155,1,2024-04-27T22:42:01.741949,completed
9315,816,171,1,2025-11-09T08:33:34.254434,completed
9316,335,19,2,2025-11-10T01:00:06.360758,completed
9317,335,107,3,2025-11-10T01:00:06.360758,cancelled
9318,335,150,5,2025-11-10T01:00:06.360758,completed
9319,335,118,1,2025-11-10T01:00:06.360758,completed
9320,90,1,5,2025-01-28T23:41:12.951360,completed
9321,90,13,2,2025-01-28T23:41:12.951360,completed
9322,311,147,5,2024-08-27T21:14:36.336086,pending
9323,311,160,4,2024-08-27T21:14:36.336086,completed
9324,311,14,2,2024-08-27T21:14:36.336086,completed
9325,311,196,3,2024-08-27T21:14:36.336086,completed
9326,542,127,4,2024-11-13T11:48:58.982438,cancelled
9327,251,93,1,2024-05-18T02:41:58.940609,completed
9328,251,82,2,2024-05-18T02:41:58.940609,refunded
9329,251,186,5,2024-05-18T02:41:58.940609,completed
9330,251,108,2,2024-05-18T02:41:58.940609,completed
9331,219,135,4,2025-08-11T19:28:24.494327,pending
9332,125,99,2,2024-01-05T19:18:37.332304,pending
9333,125,17,2,2024-01-05T19:18:37.332304,completed
9334,125,164,3,2024-01-05T19:18:37.332304,completed
9335,125,162,4,2024-01-05T19:18:37.332304,completed
9336,434,49,1,2025-09-10T14:20:40.324583,completed
9337,434,82,4,2025-09-10T14:20:40.324583,completed
9338,434,161,1,2025-09-10T14:20:40.324583,pending
9339,434,157,2,2025-09-10T14:20:40.324583,completed
9340,434,152,5,2025-09-10T14:20:40.324583,completed
9341,731,188,2,2024-04-18T01:55:21.639896,completed
9342,731,59,5,2024-04-18T01:55:21.639896,completed
9343,731,169,4,2024-04-18T01:55:21.639896,pending
9344,731,46,1,2024-04-18T01:55:21.639896,completed
9345,731,88,5,2024-04-18T01:55:21.639896,completed
9346,598,155,3,2025-06-27T11:13:05.322492,pending
9347,598,160,2,2025-06-27T11:13:05.322492,cancelled
9348,598,146,3,2025-06-27T11:13:05.322492,completed
9349,630,195,5,2025-02-01T14:35:46.194098,completed
9350,630,66,2,2025-02-01T14:35:46.194098,pending
9351,630,67,4,2025-02-01T14:35:46.194098,completed
9352,630,78,5,2025-02-01T14:35:46.194098,completed
9353,116,20,3,2025-10-10T21:02:54.977653,completed
9354,228,12,3,2025-01-06T00:47:20.049432,completed
9355,228,110,5,2025-01-06T00:47:20.049432,completed
9356,576,123,3,2025-03-18T21:54:44.574023,completed
9357,576,22,1,2025-03-18T21:54:44.574023,completed
9358,576,86,4,2025-03-18T21:54:44.574023,completed
9359,576,82,2,2025-03-18T21:54:44.574023,completed
9360,544,157,5,2024-09-18T13:47:34.152774,completed
9361,544,14,2,2024-09-18T13:47:34.152774,completed
9362,544,44,3,2024-09-18T13:47:34.152774,cancelled
9363,544,92,2,2024-09-18T13:47:34.152774,completed
9364,120,46,2,2024-07-06T14:55:59.128136,completed
9365,120,186,3,2024-07-06T14:55:59.128136,completed
9366,120,102,1,2024-07-06T14:55:59.128136,completed
9367,120,6,1,2024-07-06T14:55:59.128136,completed
9368,328,169,5,2025-12-09T20:05:43.594770,cancelled
9369,328,159,4,2025-12-09T20:05:43.594770,completed
9370,328,151,4,2025-12-09T20:05:43.594770,refunded
9371,816,51,3,2024-12-05T06:54:42.555155,completed
9372,816,155,1,2024-12-05T06:54:42.555155,completed
9373,816,92,2,2024-12-05T06:54:42.555155,completed
9374,816,126,4,2024-12-05T06:54:42.555155,completed
9375,816,149,1,2024-12-05T06:54:42.555155,completed
9376,491,101,1,2025-03-26T06:50:41.047002,completed
9377,491,117,5,2025-03-26T06:50:41.047002,completed
9378,985,101,4,2023-12-26T23:28:26.230322,completed
9379,985,168,2,2023-12-26T23:28:26.230322,completed
9380,985,119,5,2023-12-26T23:28:26.230322,completed
9381,871,53,1,2025-02-08T19:44:04.739032,completed
9382,871,54,5,2025-02-08T19:44:04.739032,completed
9383,408,9,5,2025-08-01T04:50:51.176199,completed
9384,408,191,5,2025-08-01T04:50:51.176199,cancelled
9385,644,164,5,2025-03-06T22:09:07.414241,completed
9386,644,144,2,2025-03-06T22:09:07.414241,completed
9387,644,36,1,2025-03-06T22:09:07.414241,pending
9388,700,135,4,2025-11-21T07:53:14.798918,completed
9389,700,52,4,2025-11-21T07:53:14.798918,refunded
9390,700,22,3,2025-11-21T07:53:14.798918,completed
9391,700,44,2,2025-11-21T07:53:14.798918,completed
9392,700,163,4,2025-11-21T07:53:14.798918,completed
9393,66,115,5,2024-07-14T22:47:22.057438,completed
9394,66,6,1,2024-07-14T22:47:22.057438,completed
9395,66,141,2,2024-07-14T22:47:22.057438,completed
9396,66,76,4,2024-07-14T22:47:22.057438,completed
9397,66,36,2,2024-07-14T22:47:22.057438,completed
9398,335,41,5,2024-05-22T00:05:15.540026,completed
9399,336,85,1,2025-03-03T22:06:26.821727,completed
9400,336,24,3,2025-03-03T22:06:26.821727,pending
9401,336,176,1,2025-03-03T22:06:26.821727,completed
9402,634,177,3,2025-08-25T04:33:07.924496,completed
9403,634,138,2,2025-08-25T04:33:07.924496,completed
9404,634,197,2,2025-08-25T04:33:07.924496,completed
9405,49,54,4,2024-11-28T12:13:02.047570,completed
9406,463,34,3,2024-08-16T15:28:00.314579,completed
9407,463,62,5,2024-08-16T15:28:00.314579,completed
9408,723,172,2,2024-06-26T20:37:19.352139,pending
9409,723,70,3,2024-06-26T20:37:19.352139,completed
9410,468,53,4,2024-03-20T23:09:44.346303,completed
9411,468,148,2,2024-03-20T23:09:44.346303,pending
9412,468,30,5,2024-03-20T23:09:44.346303,completed
9413,621,107,4,2025-01-25T07:22:40.936154,completed
9414,433,157,3,2024-05-16T01:43:45.980949,completed
9415,433,99,2,2024-05-16T01:43:45.980949,pending
9416,433,143,3,2024-05-16T01:43:45.980949,completed
9417,433,121,3,2024-05-16T01:43:45.980949,completed
9418,20,26,5,2024-01-17T10:31:47.464257,completed
9419,20,112,1,2024-01-17T10:31:47.464257,completed
9420,20,101,3,2024-01-17T10:31:47.464257,completed
9421,20,68,3,2024-01-17T10:31:47.464257,completed
9422,103,187,4,2025-02-25T07:56:26.972934,completed
9423,103,168,2,2025-02-25T07:56:26.972934,completed
9424,103,25,4,2025-02-25T07:56:26.972934,pending
9425,175,1,1,2025-02-22T23:34:41.175094,completed
9426,175,151,3,2025-02-22T23:34:41.175094,pending
9427,175,34,5,2025-02-22T23:34:41.175094,cancelled
9428,175,76,4,2025-02-22T23:34:41.175094,completed
9429,175,25,4,2025-02-22T23:34:41.175094,completed
9430,737,32,2,2024-07-08T01:48:32.136200,completed
9431,737,85,3,2024-07-08T01:48:32.136200,completed
9432,251,35,5,2025-01-26T01:27:00.819586,cancelled
9433,251,170,3,2025-01-26T01:27:00.819586,completed
9434,562,117,4,2025-11-13T13:35:58.386289,completed
9435,562,166,2,2025-11-13T13:35:58.386289,completed
9436,278,180,3,2024-05-24T00:04:32.955153,completed
9437,415,88,2,2024-07-08T15:53:10.379870,completed
9438,415,192,1,2024-07-08T15:53:10.379870,completed
9439,90,85,2,2024-07-15T23:43:53.994308,pending
9440,328,176,5,2025-06-05T23:55:26.512916,completed
9441,328,112,2,2025-06-05T23:55:26.512916,completed
9442,328,47,2,2025-06-05T23:55:26.512916,completed
9443,328,119,4,2025-06-05T23:55:26.512916,completed
9444,328,115,5,2025-06-05T23:55:26.512916,completed
9445,244,66,3,2025-04-05T03:32:11.795969,pending
9446,547,2,1,2025-04-21T03:34:43.017542,pending
9447,547,181,4,2025-04-21T03:34:43.017542,completed
9448,547,195,3,2025-04-21T03:34:43.017542,pending
9449,547,152,2,2025-04-21T03:34:43.017542,completed
9450,547,121,2,2025-04-21T03:34:43.017542,completed
9451,720,178,3,2025-01-01T03:01:48.567248,completed
9452,720,197,2,2025-01-01T03:01:48.567248,completed
9453,720,76,3,2025-01-01T03:01:48.567248,completed
9454,454,114,5,2024-11-01T17:03:32.308550,refunded
9455,454,127,1,2024-11-01T17:03:32.308550,completed
9456,454,154,2,2024-11-01T17:03:32.308550,completed
9457,607,58,3,2024-11-13T15:26:48.761421,completed
9458,607,5,2,2024-11-13T15:26:48.761421,completed
9459,607,182,3,2024-11-13T15:26:48.761421,completed
9460,607,79,1,2024-11-13T15:26:48.761421,completed
9461,607,195,4,2024-11-13T15:26:48.761421,completed
9462,584,136,1,2025-01-17T14:21:00.407297,completed
9463,584,147,1,2025-01-17T14:21:00.407297,pending
9464,584,119,2,2025-01-17T14:21:00.407297,completed
9465,796,52,5,2025-02-16T04:19:16.016188,completed
9466,796,98,4,2025-02-16T04:19:16.016188,completed
9467,938,51,1,2024-11-18T18:21:54.212035,completed
9468,938,70,5,2024-11-18T18:21:54.212035,completed
9469,938,118,5,2024-11-18T18:21:54.212035,completed
9470,938,111,2,2024-11-18T18:21:54.212035,completed
9471,938,175,4,2024-11-18T18:21:54.212035,completed
9472,925,190,1,2024-10-14T09:48:07.078793,completed
9473,749,155,5,2024-03-07T17:40:57.070124,completed
9474,749,194,1,2024-03-07T17:40:57.070124,completed
9475,749,164,3,2024-03-07T17:40:57.070124,completed
9476,749,123,1,2024-03-07T17:40:57.070124,cancelled
9477,749,148,2,2024-03-07T17:40:57.070124,completed
9478,694,192,3,2025-05-15T11:41:42.010618,pending
9479,694,139,2,2025-05-15T11:41:42.010618,completed
9480,694,133,5,2025-05-15T11:41:42.010618,pending
9481,694,174,5,2025-05-15T11:41:42.010618,completed
9482,668,140,3,2025-09-05T14:34:05.704217,completed
9483,993,120,5,2024-01-06T04:46:48.351071,completed
9484,993,102,1,2024-01-06T04:46:48.351071,completed
9485,993,179,4,2024-01-06T04:46:48.351071,completed
9486,993,63,5,2024-01-06T04:46:48.351071,completed
9487,993,14,5,2024-01-06T04:46:48.351071,pending
9488,966,71,3,2025-09-11T13:30:48.441685,pending
9489,966,81,3,2025-09-11T13:30:48.441685,completed
9490,966,119,1,2025-09-11T13:30:48.441685,completed
9491,596,191,2,2025-09-05T14:11:13.939049,completed
9492,596,110,3,2025-09-05T14:11:13.939049,completed
9493,238,197,5,2025-02-19T17:22:19.968506,completed
9494,238,116,4,2025-02-19T17:22:19.968506,completed
9495,238,91,3,2025-02-19T17:22:19.968506,completed
9496,594,54,5,2024-02-21T00:57:42.994116,completed
9497,594,157,4,2024-02-21T00:57:42.994116,pending
9498,594,133,5,2024-02-21T00:57:42.994116,cancelled
9499,594,85,3,2024-02-21T00:57:42.994116,completed
9500,594,161,3,2024-02-21T00:57:42.994116,completed
9501,775,173,3,2024-06-28T12:01:57.360728,completed
9502,775,128,5,2024-06-28T12:01:57.360728,completed
9503,489,80,4,2024-11-06T14:06:26.497145,pending
9504,489,56,2,2024-11-06T14:06:26.497145,completed
9505,489,79,4,2024-11-06T14:06:26.497145,completed
9506,489,174,1,2024-11-06T14:06:26.497145,pending
9507,489,10,4,2024-11-06T14:06:26.497145,completed
9508,398,176,2,2024-02-18T20:55:38.659541,completed
9509,27,126,5,2024-01-09T04:05:44.256015,completed
9510,398,41,5,2025-06-27T04:11:32.653522,completed
9511,398,39,1,2025-06-27T04:11:32.653522,completed
9512,398,49,2,2025-06-27T04:11:32.653522,completed
9513,398,51,5,2025-06-27T04:11:32.653522,completed
9514,398,184,2,2025-06-27T04:11:32.653522,cancelled
9515,342,187,2,2025-07-26T04:15:04.162233,completed
9516,784,175,3,2024-06-28T09:21:45.900685,completed
9517,784,101,4,2024-06-28T09:21:45.900685,completed
9518,712,31,4,2025-11-14T22:10:13.792470,completed
9519,712,73,5,2025-11-14T22:10:13.792470,completed
9520,712,160,2,2025-11-14T22:10:13.792470,completed
9521,132,69,4,2025-05-26T20:12:28.030454,completed
9522,132,124,4,2025-05-26T20:12:28.030454,completed
9523,338,150,2,2025-11-10T11:47:01.339661,completed
9524,322,89,1,2024-03-04T21:57:49.459857,cancelled
9525,322,178,2,2024-03-04T21:57:49.459857,completed
9526,322,116,4,2024-03-04T21:57:49.459857,completed
9527,258,50,4,2024-10-02T10:23:23.978271,refunded
9528,272,145,4,2025-08-17T17:04:18.341119,completed
9529,272,71,2,2025-08-17T17:04:18.341119,completed
9530,272,121,5,2025-08-17T17:04:18.341119,completed
9531,679,24,1,2024-10-21T21:28:14.373684,pending
9532,679,163,3,2024-10-21T21:28:14.373684,completed
9533,679,38,4,2024-10-21T21:28:14.373684,completed
9534,679,123,2,2024-10-21T21:28:14.373684,completed
9535,679,174,2,2024-10-21T21:28:14.373684,cancelled
9536,555,168,1,2025-06-04T15:50:15.296495,completed
9537,555,182,3,2025-06-04T15:50:15.296495,completed
9538,571,64,3,2023-12-20T23:37:26.490999,completed
9539,571,172,3,2023-12-20T23:37:26.490999,pending
9540,571,2,3,2023-12-20T23:37:26.490999,completed
9541,53,105,3,2024-08-24T08:45:38.292250,completed
9542,53,55,4,2024-08-24T08:45:38.292250,completed
9543,787,156,2,2025-01-20T11:10:21.005853,completed
9544,787,173,2,2025-01-20T11:10:21.005853,completed
9545,787,80,5,2025-01-20T11:10:21.005853,completed
9546,787,56,4,2025-01-20T11:10:21.005853,completed
9547,787,60,5,2025-01-20T11:10:21.005853,completed
9548,760,103,4,2024-12-23T23:20:59.852094,completed
9549,760,145,2,2024-12-23T23:20:59.852094,cancelled
9550,435,5,5,2025-11-09T06:54:52.340491,completed
9551,435,48,3,2025-11-09T06:54:52.340491,completed
9552,435,176,4,2025-11-09T06:54:52.340491,completed
9553,435,39,5,2025-11-09T06:54:52.340491,completed
9554,435,16,4,2025-11-09T06:54:52.340491,completed
9555,739,88,1,2025-05-05T05:17:15.771021,completed
9556,58,150,3,2024-09-26T17:07:34.092587,completed
9557,58,54,1,2024-09-26T17:07:34.092587,completed
9558,614,42,1,2025-04-17T15:51:16.015148,completed
9559,614,30,2,2025-04-17T15:51:16.015148,completed
9560,614,98,2,2025-04-17T15:51:16.015148,completed
9561,614,47,1,2025-04-17T15:51:16.015148,completed
9562,162,97,1,2024-06-28T10:13:49.072064,pending
9563,162,167,2,2024-06-28T10:13:49.072064,completed
9564,162,157,1,2024-06-28T10:13:49.072064,completed
9565,162,38,4,2024-06-28T10:13:49.072064,completed
9566,162,29,1,2024-06-28T10:13:49.072064,pending
9567,129,131,4,2025-09-28T17:59:44.633670,completed
9568,129,60,3,2025-09-28T17:59:44.633670,completed
9569,799,81,3,2025-05-02T22:20:14.847112,completed
9570,332,189,2,2024-05-18T06:20:31.804132,pending
9571,332,139,2,2024-05-18T06:20:31.804132,completed
9572,332,138,2,2024-05-18T06:20:31.804132,completed
9573,332,114,5,2024-05-18T06:20:31.804132,pending
9574,766,21,2,2025-05-11T02:45:15.429240,completed
9575,591,14,4,2025-11-28T06:16:38.219404,completed
9576,591,75,5,2025-11-28T06:16:38.219404,completed
9577,591,67,3,2025-11-28T06:16:38.219404,completed
9578,591,107,1,2025-11-28T06:16:38.219404,pending
9579,591,181,4,2025-11-28T06:16:38.219404,pending
9580,842,166,4,2024-09-14T17:13:19.787804,pending
9581,974,113,3,2025-09-29T07:33:18.438868,cancelled
9582,974,40,3,2025-09-29T07:33:18.438868,completed
9583,974,178,4,2025-09-29T07:33:18.438868,completed
9584,564,178,5,2025-12-08T06:54:53.235213,cancelled
9585,564,65,3,2025-12-08T06:54:53.235213,completed
9586,564,121,1,2025-12-08T06:54:53.235213,pending
9587,564,127,5,2025-12-08T06:54:53.235213,completed
9588,326,120,4,2025-02-13T07:49:27.882646,completed
9589,326,118,5,2025-02-13T07:49:27.882646,completed
9590,326,199,5,2025-02-13T07:49:27.882646,completed
9591,326,14,2,2025-02-13T07:49:27.882646,completed
9592,159,134,5,2024-08-16T07:12:27.532295,completed
9593,159,16,2,2024-08-16T07:12:27.532295,pending
9594,159,154,1,2024-08-16T07:12:27.532295,completed
9595,159,35,4,2024-08-16T07:12:27.532295,completed
9596,449,1,3,2025-09-25T22:03:39.435550,completed
9597,505,166,5,2025-12-14T17:22:36.924944,cancelled
9598,35,100,4,2024-07-11T04:40:14.415423,completed
9599,35,187,1,2024-07-11T04:40:14.415423,completed
9600,35,184,1,2024-07-11T04:40:14.415423,completed
9601,987,97,3,2025-06-27T17:21:46.473627,completed
9602,987,79,2,2025-06-27T17:21:46.473627,completed
9603,987,121,5,2025-06-27T17:21:46.473627,completed
9604,987,148,1,2025-06-27T17:21:46.473627,pending
9605,780,35,3,2024-01-02T02:25:30.124380,completed
9606,780,143,3,2024-01-02T02:25:30.124380,completed
9607,780,176,3,2024-01-02T02:25:30.124380,completed
9608,409,22,5,2024-08-21T17:56:57.216689,completed
9609,632,175,4,2024-10-14T16:25:28.174493,completed
9610,632,67,1,2024-10-14T16:25:28.174493,completed
9611,632,143,5,2024-10-14T16:25:28.174493,completed
9612,632,6,4,2024-10-14T16:25:28.174493,completed
9613,632,134,1,2024-10-14T16:25:28.174493,completed
9614,41,120,1,2025-09-06T20:59:30.293565,completed
9615,41,167,3,2025-09-06T20:59:30.293565,completed
9616,41,27,2,2025-09-06T20:59:30.293565,completed
9617,41,186,5,2025-09-06T20:59:30.293565,completed
9618,750,153,2,2025-02-14T03:38:35.844055,completed
9619,750,98,3,2025-02-14T03:38:35.844055,completed
9620,750,116,1,2025-02-14T03:38:35.844055,completed
9621,750,180,1,2025-02-14T03:38:35.844055,completed
9622,949,1,4,2025-11-12T17:28:06.592883,completed
9623,949,14,3,2025-11-12T17:28:06.592883,completed
9624,949,174,2,2025-11-12T17:28:06.592883,completed
9625,949,121,1,2025-11-12T17:28:06.592883,completed
9626,949,28,3,2025-11-12T17:28:06.592883,completed
9627,168,181,5,2024-12-08T20:15:39.909068,completed
9628,168,175,1,2024-12-08T20:15:39.909068,completed
9629,691,159,3,2024-08-04T00:41:09.819753,cancelled
9630,691,121,5,2024-08-04T00:41:09.819753,completed
9631,664,173,3,2024-03-29T02:00:03.583158,completed
9632,664,178,5,2024-03-29T02:00:03.583158,completed
9633,664,168,5,2024-03-29T02:00:03.583158,pending
9634,664,170,4,2024-03-29T02:00:03.583158,completed
9635,261,89,4,2025-05-23T23:59:22.694012,completed
9636,261,39,5,2025-05-23T23:59:22.694012,completed
9637,265,15,1,2025-10-09T06:08:30.885123,completed
9638,265,73,1,2025-10-09T06:08:30.885123,completed
9639,737,113,1,2025-10-09T06:50:46.805749,cancelled
9640,737,75,3,2025-10-09T06:50:46.805749,completed
9641,920,62,5,2025-07-23T23:22:32.851516,completed
9642,920,118,4,2025-07-23T23:22:32.851516,completed
9643,816,190,5,2024-11-02T10:30:24.791812,completed
9644,816,147,5,2024-11-02T10:30:24.791812,completed
9645,816,198,4,2024-11-02T10:30:24.791812,completed
9646,816,176,1,2024-11-02T10:30:24.791812,pending
9647,328,128,4,2024-11-29T11:05:30.218198,completed
9648,328,197,1,2024-11-29T11:05:30.218198,completed
9649,328,23,5,2024-11-29T11:05:30.218198,completed
9650,741,133,3,2025-05-17T11:31:05.086275,completed
9651,741,131,1,2025-05-17T11:31:05.086275,completed
9652,741,21,2,2025-05-17T11:31:05.086275,cancelled
9653,741,71,3,2025-05-17T11:31:05.086275,completed
9654,176,189,3,2025-02-22T08:13:41.779382,completed
9655,176,12,3,2025-02-22T08:13:41.779382,completed
9656,176,173,5,2025-02-22T08:13:41.779382,completed
9657,572,54,2,2025-10-08T00:28:29.941539,completed
9658,572,47,4,2025-10-08T00:28:29.941539,completed
9659,572,67,1,2025-10-08T00:28:29.941539,completed
9660,572,96,1,2025-10-08T00:28:29.941539,completed
9661,986,180,5,2025-07-28T10:53:16.532555,completed
9662,710,137,3,2024-03-20T19:08:40.714131,completed
9663,435,157,5,2025-11-20T10:51:07.983055,completed
9664,435,142,2,2025-11-20T10:51:07.983055,completed
9665,435,172,3,2025-11-20T10:51:07.983055,pending
9666,435,187,4,2025-11-20T10:51:07.983055,completed
9667,435,83,2,2025-11-20T10:51:07.983055,completed
9668,675,186,3,2025-08-28T19:49:01.121994,completed
9669,675,178,5,2025-08-28T19:49:01.121994,completed
9670,675,51,1,2025-08-28T19:49:01.121994,pending
9671,675,167,2,2025-08-28T19:49:01.121994,completed
9672,429,40,4,2024-08-18T07:48:30.065261,completed
9673,429,89,2,2024-08-18T07:48:30.065261,completed
9674,429,158,3,2024-08-18T07:48:30.065261,completed
9675,847,148,4,2025-12-06T01:31:47.262526,cancelled
9676,847,133,5,2025-12-06T01:31:47.262526,pending
9677,736,37,3,2025-05-02T11:47:18.288612,completed
9678,736,17,5,2025-05-02T11:47:18.288612,completed
9679,736,195,3,2025-05-02T11:47:18.288612,completed
9680,736,73,3,2025-05-02T11:47:18.288612,completed
9681,736,121,2,2025-05-02T11:47:18.288612,cancelled
9682,982,124,5,2024-06-13T18:51:49.656473,cancelled
9683,699,47,1,2024-08-13T10:07:54.669216,completed
9684,699,21,4,2024-08-13T10:07:54.669216,completed
9685,699,68,1,2024-08-13T10:07:54.669216,pending
9686,699,111,3,2024-08-13T10:07:54.669216,pending
9687,637,109,4,2025-05-19T11:09:33.024457,completed
9688,637,115,5,2025-05-19T11:09:33.024457,completed
9689,634,151,4,2024-12-13T05:58:21.065648,completed
9690,634,139,3,2024-12-13T05:58:21.065648,completed
9691,634,135,3,2024-12-13T05:58:21.065648,pending
9692,634,119,3,2024-12-13T05:58:21.065648,cancelled
9693,242,2,2,2025-06-16T20:07:57.844969,completed
9694,242,30,5,2025-06-16T20:07:57.844969,refunded
9695,242,157,2,2025-06-16T20:07:57.844969,completed
9696,912,177,3,2025-06-24T21:00:34.282480,cancelled
9697,446,179,3,2025-09-19T18:48:47.292625,completed
9698,446,117,1,2025-09-19T18:48:47.292625,refunded
9699,596,65,2,2024-07-27T17:09:27.092665,completed
9700,596,97,1,2024-07-27T17:09:27.092665,completed
9701,861,136,4,2025-12-15T02:32:51.379814,completed
9702,861,74,4,2025-12-15T02:32:51.379814,completed
9703,861,76,3,2025-12-15T02:32:51.379814,completed
9704,944,93,4,2024-02-11T01:30:15.702689,completed
9705,412,181,2,2024-10-16T08:56:45.595079,pending
9706,412,34,1,2024-10-16T08:56:45.595079,cancelled
9707,831,8,5,2025-06-25T02:22:44.049979,completed
9708,831,169,1,2025-06-25T02:22:44.049979,pending
9709,831,108,2,2025-06-25T02:22:44.049979,completed
9710,831,86,1,2025-06-25T02:22:44.049979,completed
9711,134,163,1,2025-01-01T19:48:27.839375,completed
9712,134,77,4,2025-01-01T19:48:27.839375,cancelled
9713,134,62,2,2025-01-01T19:48:27.839375,pending
9714,134,64,4,2025-01-01T19:48:27.839375,completed
9715,424,73,4,2024-07-17T23:25:13.271617,pending
9716,424,77,3,2024-07-17T23:25:13.271617,completed
9717,883,27,2,2024-06-16T13:04:08.264749,completed
9718,215,179,5,2025-06-19T19:46:53.379287,cancelled
9719,215,4,5,2025-06-19T19:46:53.379287,completed
9720,215,126,1,2025-06-19T19:46:53.379287,cancelled
9721,215,140,4,2025-06-19T19:46:53.379287,completed
9722,215,48,3,2025-06-19T19:46:53.379287,completed
9723,883,85,3,2025-09-08T18:12:37.492256,completed
9724,883,132,3,2025-09-08T18:12:37.492256,completed
9725,883,103,1,2025-09-08T18:12:37.492256,completed
9726,883,97,5,2025-09-08T18:12:37.492256,completed
9727,883,60,2,2025-09-08T18:12:37.492256,completed
9728,78,170,5,2025-09-15T03:06:08.523499,completed
9729,78,134,5,2025-09-15T03:06:08.523499,completed
9730,948,158,5,2025-04-24T05:24:25.206806,cancelled
9731,948,70,5,2025-04-24T05:24:25.206806,completed
9732,948,100,3,2025-04-24T05:24:25.206806,completed
9733,514,178,3,2024-05-12T00:29:07.804018,completed
9734,514,137,1,2024-05-12T00:29:07.804018,completed
9735,46,21,2,2024-12-29T01:28:11.950510,pending
9736,46,172,2,2024-12-29T01:28:11.950510,pending
9737,554,118,2,2024-05-30T04:32:08.822399,completed
9738,554,24,1,2024-05-30T04:32:08.822399,completed
9739,554,188,4,2024-05-30T04:32:08.822399,cancelled
9740,554,194,5,2024-05-30T04:32:08.822399,completed
9741,554,43,3,2024-05-30T04:32:08.822399,completed
9742,454,140,5,2025-05-29T23:00:01.425150,completed
9743,454,100,3,2025-05-29T23:00:01.425150,completed
9744,454,35,2,2025-05-29T23:00:01.425150,completed
9745,454,110,4,2025-05-29T23:00:01.425150,refunded
9746,740,39,5,2024-02-20T17:32:20.731963,refunded
9747,740,2,4,2024-02-20T17:32:20.731963,completed
9748,232,113,1,2025-07-05T06:08:34.238562,completed
9749,232,21,5,2025-07-05T06:08:34.238562,completed
9750,232,191,2,2025-07-05T06:08:34.238562,completed
9751,649,194,3,2025-09-01T23:12:38.355064,completed
9752,649,163,3,2025-09-01T23:12:38.355064,pending
9753,649,181,2,2025-09-01T23:12:38.355064,completed
9754,666,116,1,2024-04-02T03:57:45.183244,completed
9755,666,128,3,2024-04-02T03:57:45.183244,completed
9756,544,181,2,2025-01-25T04:17:05.397824,completed
9757,544,150,2,2025-01-25T04:17:05.397824,completed
9758,544,121,2,2025-01-25T04:17:05.397824,completed
9759,686,44,3,2024-09-21T14:38:04.202021,pending
9760,686,141,4,2024-09-21T14:38:04.202021,cancelled
9761,24,182,1,2024-08-20T12:50:36.030412,completed
9762,24,42,2,2024-08-20T12:50:36.030412,completed
9763,24,66,3,2024-08-20T12:50:36.030412,completed
9764,421,155,5,2025-11-26T04:51:39.500407,completed
9765,421,186,4,2025-11-26T04:51:39.500407,completed
9766,421,180,3,2025-11-26T04:51:39.500407,completed
9767,421,176,4,2025-11-26T04:51:39.500407,completed
9768,421,58,5,2025-11-26T04:51:39.500407,completed
9769,978,93,5,2025-03-10T19:47:00.428415,completed
9770,804,103,2,2024-05-21T04:13:24.856093,completed
9771,804,166,3,2024-05-21T04:13:24.856093,completed
9772,804,118,1,2024-05-21T04:13:24.856093,completed
9773,989,132,4,2025-06-27T10:45:27.962209,completed
9774,989,172,2,2025-06-27T10:45:27.962209,completed
9775,989,68,2,2025-06-27T10:45:27.962209,completed
9776,73,73,5,2025-04-03T10:14:08.910438,completed
9777,73,140,5,2025-04-03T10:14:08.910438,completed
9778,707,8,2,2024-12-22T21:36:43.191327,completed
9779,707,3,5,2024-12-22T21:36:43.191327,completed
9780,707,169,3,2024-12-22T21:36:43.191327,completed
9781,707,109,5,2024-12-22T21:36:43.191327,completed
9782,286,108,1,2024-09-15T09:38:00.930380,completed
9783,286,71,1,2024-09-15T09:38:00.930380,completed
9784,609,53,2,2025-10-13T03:56:30.888428,cancelled
9785,609,16,1,2025-10-13T03:56:30.888428,completed
9786,609,22,2,2025-10-13T03:56:30.888428,completed
9787,30,62,5,2025-10-11T01:59:38.794876,completed
9788,888,37,3,2024-12-12T16:21:14.691267,completed
9789,888,140,5,2024-12-12T16:21:14.691267,completed
9790,888,58,5,2024-12-12T16:21:14.691267,completed
9791,888,64,1,2024-12-12T16:21:14.691267,completed
9792,690,30,3,2024-09-01T19:37:44.771694,pending
9793,212,72,4,2024-09-20T15:24:39.846306,completed
9794,212,51,4,2024-09-20T15:24:39.846306,completed
9795,212,84,5,2024-09-20T15:24:39.846306,completed
9796,212,104,1,2024-09-20T15:24:39.846306,refunded
9797,949,94,5,2024-12-01T19:31:50.048155,completed
9798,949,156,5,2024-12-01T19:31:50.048155,completed
9799,949,111,3,2024-12-01T19:31:50.048155,completed
9800,949,169,4,2024-12-01T19:31:50.048155,completed
9801,352,146,2,2025-10-02T04:39:34.014358,completed
9802,352,95,4,2025-10-02T04:39:34.014358,completed
9803,352,7,1,2025-10-02T04:39:34.014358,completed
9804,352,88,3,2025-10-02T04:39:34.014358,completed
9805,352,83,3,2025-10-02T04:39:34.014358,pending
9806,573,160,2,2024-09-28T20:31:30.781663,completed
9807,573,89,2,2024-09-28T20:31:30.781663,completed
9808,679,37,5,2024-10-19T01:29:36.096869,completed
9809,679,16,5,2024-10-19T01:29:36.096869,completed
9810,679,117,1,2024-10-19T01:29:36.096869,completed
9811,321,18,5,2024-01-27T15:26:37.271326,completed
9812,190,77,3,2024-05-10T21:08:53.616412,completed
9813,728,82,2,2024-10-24T13:07:20.211224,completed
9814,728,39,2,2024-10-24T13:07:20.211224,completed
9815,728,16,4,2024-10-24T13:07:20.211224,completed
9816,903,119,5,2024-06-23T06:59:00.596913,completed
9817,903,52,5,2024-06-23T06:59:00.596913,completed
9818,903,7,1,2024-06-23T06:59:00.596913,completed
9819,747,175,1,2025-04-30T16:12:14.291379,completed
9820,747,62,3,2025-04-30T16:12:14.291379,pending
9821,747,45,3,2025-04-30T16:12:14.291379,completed
9822,720,150,4,2024-05-23T06:51:55.041783,completed
9823,720,52,1,2024-05-23T06:51:55.041783,completed
9824,93,184,5,2025-02-27T16:18:52.741457,cancelled
9825,93,23,3,2025-02-27T16:18:52.741457,completed
9826,676,91,5,2024-10-10T07:19:59.766403,completed
9827,676,123,5,2024-10-10T07:19:59.766403,completed
9828,28,123,1,2025-07-13T08:47:13.533202,completed
9829,28,156,2,2025-07-13T08:47:13.533202,cancelled
9830,28,65,3,2025-07-13T08:47:13.533202,completed
9831,9,142,5,2024-09-21T17:13:10.632442,completed
9832,990,53,3,2025-06-12T14:07:22.890024,completed
9833,748,68,3,2024-06-16T15:01:15.634742,completed
9834,748,129,2,2024-06-16T15:01:15.634742,completed
9835,786,111,5,2024-03-06T14:40:54.978578,completed
9836,786,178,2,2024-03-06T14:40:54.978578,completed
9837,786,46,3,2024-03-06T14:40:54.978578,pending
9838,786,119,1,2024-03-06T14:40:54.978578,completed
9839,786,110,2,2024-03-06T14:40:54.978578,completed
9840,170,23,1,2024-02-11T11:55:34.125260,refunded
9841,170,179,1,2024-02-11T11:55:34.125260,completed
9842,170,182,5,2024-02-11T11:55:34.125260,pending
9843,170,53,5,2024-02-11T11:55:34.125260,completed
9844,170,129,5,2024-02-11T11:55:34.125260,completed
9845,617,143,5,2025-11-23T09:38:39.210355,completed
9846,729,149,4,2024-05-12T05:59:20.041927,completed
9847,310,41,5,2024-09-16T19:07:27.144475,completed
9848,310,49,5,2024-09-16T19:07:27.144475,pending
9849,310,30,1,2024-09-16T19:07:27.144475,completed
9850,72,50,4,2025-04-30T09:37:28.300839,cancelled
9851,72,83,2,2025-04-30T09:37:28.300839,completed
9852,983,60,4,2024-02-23T19:07:16.744069,pending
9853,983,195,4,2024-02-23T19:07:16.744069,completed
9854,308,124,1,2025-05-25T13:21:19.657569,completed
9855,671,177,5,2025-06-15T12:51:50.757969,completed
9856,671,141,1,2025-06-15T12:51:50.757969,pending
9857,813,75,1,2024-01-24T21:01:42.399706,completed
9858,813,10,2,2024-01-24T21:01:42.399706,completed
9859,813,83,1,2024-01-24T21:01:42.399706,completed
9860,813,8,2,2024-01-24T21:01:42.399706,completed
9861,819,152,1,2025-09-25T19:27:53.218593,cancelled
9862,819,95,1,2025-09-25T19:27:53.218593,completed
9863,819,111,5,2025-09-25T19:27:53.218593,completed
9864,401,15,4,2025-08-24T05:36:50.604508,completed
9865,401,184,2,2025-08-24T05:36:50.604508,completed
9866,401,127,4,2025-08-24T05:36:50.604508,completed
9867,78,194,4,2025-09-28T02:02:55.758396,completed
9868,78,192,2,2025-09-28T02:02:55.758396,completed
9869,78,54,5,2025-09-28T02:02:55.758396,completed
9870,78,31,1,2025-09-28T02:02:55.758396,completed
9871,874,81,4,2024-07-28T03:39:09.654289,refunded
9872,995,49,5,2025-09-13T19:48:04.619493,completed
9873,881,16,4,2024-11-21T16:28:21.107562,pending
9874,881,109,1,2024-11-21T16:28:21.107562,completed
9875,609,72,5,2025-09-28T06:08:09.779521,completed
9876,609,104,2,2025-09-28T06:08:09.779521,refunded
9877,609,153,2,2025-09-28T06:08:09.779521,completed
9878,609,102,4,2025-09-28T06:08:09.779521,completed
9879,609,176,4,2025-09-28T06:08:09.779521,completed
9880,698,134,5,2024-04-25T08:42:50.457329,completed
9881,698,3,1,2024-04-25T08:42:50.457329,completed
9882,698,7,1,2024-04-25T08:42:50.457329,completed
9883,203,47,3,2024-10-17T23:35:28.498467,completed
9884,203,56,1,2024-10-17T23:35:28.498467,completed
9885,416,137,3,2024-03-29T05:20:22.978212,completed
9886,416,200,5,2024-03-29T05:20:22.978212,completed
9887,416,126,5,2024-03-29T05:20:22.978212,completed
9888,897,63,3,2024-06-16T21:59:44.477276,completed
9889,897,120,1,2024-06-16T21:59:44.477276,pending
9890,505,37,3,2024-10-02T14:19:21.706726,cancelled
9891,505,135,2,2024-10-02T14:19:21.706726,completed
9892,564,191,3,2025-01-17T01:52:58.032459,refunded
9893,564,71,1,2025-01-17T01:52:58.032459,completed
9894,564,92,1,2025-01-17T01:52:58.032459,pending
9895,978,7,2,2025-05-12T19:32:07.427289,completed
9896,978,55,2,2025-05-12T19:32:07.427289,completed
9897,978,80,5,2025-05-12T19:32:07.427289,completed
9898,978,133,2,2025-05-12T19:32:07.427289,completed
9899,501,102,2,2024-12-27T01:58:57.816506,completed
9900,501,145,2,2024-12-27T01:58:57.816506,completed
9901,34,178,3,2025-10-09T15:23:53.239431,completed
9902,34,61,5,2025-10-09T15:23:53.239431,completed
9903,34,106,4,2025-10-09T15:23:53.239431,pending
9904,281,111,1,2025-01-28T19:52:52.546634,completed
9905,281,189,4,2025-01-28T19:52:52.546634,completed
9906,281,123,2,2025-01-28T19:52:52.546634,completed
9907,281,183,2,2025-01-28T19:52:52.546634,completed
9908,281,69,3,2025-01-28T19:52:52.546634,completed
9909,173,114,3,2025-09-28T11:58:09.013828,completed
9910,173,124,3,2025-09-28T11:58:09.013828,completed
9911,173,103,1,2025-09-28T11:58:09.013828,completed
9912,173,10,3,2025-09-28T11:58:09.013828,completed
9913,173,32,1,2025-09-28T11:58:09.013828,completed
9914,183,29,4,2024-12-11T16:51:04.601517,pending
9915,183,181,1,2024-12-11T16:51:04.601517,completed
9916,183,80,4,2024-12-11T16:51:04.601517,completed
9917,183,183,3,2024-12-11T16:51:04.601517,completed
9918,183,55,1,2024-12-11T16:51:04.601517,pending
9919,899,20,2,2024-12-17T04:33:55.486912,completed
9920,899,23,1,2024-12-17T04:33:55.486912,completed
9921,899,133,3,2024-12-17T04:33:55.486912,completed
9922,899,156,3,2024-12-17T04:33:55.486912,completed
9923,360,45,5,2025-07-15T07:39:34.831312,cancelled
9924,360,190,4,2025-07-15T07:39:34.831312,completed
9925,360,102,3,2025-07-15T07:39:34.831312,cancelled
9926,966,128,1,2025-11-25T17:28:24.658206,refunded
9927,966,116,1,2025-11-25T17:28:24.658206,completed
9928,899,162,3,2025-09-08T04:51:52.860371,refunded
9929,899,176,5,2025-09-08T04:51:52.860371,completed
9930,899,81,4,2025-09-08T04:51:52.860371,completed
9931,30,60,1,2025-03-12T22:22:35.686273,pending
9932,95,106,2,2025-05-03T16:42:20.803187,cancelled
9933,95,165,5,2025-05-03T16:42:20.803187,completed
9934,95,36,5,2025-05-03T16:42:20.803187,completed
9935,95,39,3,2025-05-03T16:42:20.803187,completed
9936,95,128,1,2025-05-03T16:42:20.803187,completed
9937,745,191,2,2025-04-08T19:19:02.677608,completed
9938,745,54,1,2025-04-08T19:19:02.677608,cancelled
9939,745,100,3,2025-04-08T19:19:02.677608,pending
9940,745,136,4,2025-04-08T19:19:02.677608,completed
9941,809,50,5,2025-11-07T06:59:13.525460,completed
9942,809,67,4,2025-11-07T06:59:13.525460,completed
9943,809,8,3,2025-11-07T06:59:13.525460,completed
9944,809,200,1,2025-11-07T06:59:13.525460,completed
9945,809,184,4,2025-11-07T06:59:13.525460,pending
9946,810,193,2,2025-08-25T01:06:54.070362,completed
9947,810,199,5,2025-08-25T01:06:54.070362,completed
9948,810,5,5,2025-08-25T01:06:54.070362,completed
9949,893,119,4,2025-05-24T16:16:39.489985,completed
9950,893,9,4,2025-05-24T16:16:39.489985,cancelled
9951,893,4,3,2025-05-24T16:16:39.489985,completed
9952,893,177,5,2025-05-24T16:16:39.489985,completed
9953,727,79,2,2024-03-30T23:59:03.948290,completed
9954,364,73,4,2024-09-04T15:21:40.911507,completed
9955,364,157,3,2024-09-04T15:21:40.911507,completed
9956,364,192,1,2024-09-04T15:21:40.911507,refunded
9957,770,179,4,2024-05-07T22:14:11.570075,completed
9958,770,91,5,2024-05-07T22:14:11.570075,completed
9959,770,112,1,2024-05-07T22:14:11.570075,completed
9960,770,34,1,2024-05-07T22:14:11.570075,completed
9961,458,70,4,2025-06-20T17:41:16.484581,completed
9962,458,79,3,2025-06-20T17:41:16.484581,completed
9963,327,48,4,2025-07-17T23:44:05.149017,completed
9964,327,60,5,2025-07-17T23:44:05.149017,completed
9965,327,81,2,2025-07-17T23:44:05.149017,completed
9966,327,173,5,2025-07-17T23:44:05.149017,completed
9967,327,31,1,2025-07-17T23:44:05.149017,completed
9968,700,14,1,2025-09-22T10:30:33.108459,completed
9969,477,27,3,2025-09-15T21:20:39.703890,completed
9970,477,33,3,2025-09-15T21:20:39.703890,completed
9971,477,175,1,2025-09-15T21:20:39.703890,completed
9972,477,183,2,2025-09-15T21:20:39.703890,completed
9973,477,160,3,2025-09-15T21:20:39.703890,pending
9974,797,78,3,2025-11-22T21:21:22.887665,completed
9975,797,144,2,2025-11-22T21:21:22.887665,completed
9976,797,73,3,2025-11-22T21:21:22.887665,completed
9977,797,24,5,2025-11-22T21:21:22.887665,completed
9978,797,179,2,2025-11-22T21:21:22.887665,completed
9979,691,121,4,2025-07-15T15:34:32.181536,completed
9980,691,183,5,2025-07-15T15:34:32.181536,completed
9981,691,92,2,2025-07-15T15:34:32.181536,completed
9982,691,104,2,2025-07-15T15:34:32.181536,completed
9983,691,169,3,2025-07-15T15:34:32.181536,completed
9984,653,183,3,2024-12-02T19:11:56.718703,completed
9985,653,121,2,2024-12-02T19:11:56.718703,pending
9986,653,25,1,2024-12-02T19:11:56.718703,pending
9987,653,22,4,2024-12-02T19:11:56.718703,cancelled
9988,692,153,4,2024-11-25T03:41:32.014488,completed
9989,692,72,1,2024-11-25T03:41:32.014488,completed
9990,692,19,4,2024-11-25T03:41:32.014488,completed
9991,692,185,3,2024-11-25T03:41:32.014488,cancelled
9992,692,1,3,2024-11-25T03:41:32.014488,completed
9993,730,27,5,2025-01-31T05:49:00.926555,pending
9994,247,195,5,2024-07-13T11:57:35.960811,completed
9995,820,45,3,2024-07-01T15:00:01.497997,pending
9996,820,188,4,2024-07-01T15:00:01.497997,completed
9997,820,197,5,2024-07-01T15:00:01.497997,cancelled
9998,879,182,4,2024-04-08T17:40:01.485342,refunded
9999,879,48,4,2024-04-08T17:40:01.485342,refunded
10000,879,62,5,2024-04-08T17:40:01.485342,completed
10001,995,118,5,2025-11-19T23:08:02.920820,completed
10002,995,2,1,2025-11-19T23:08:02.920820,completed
10003,995,15,3,2025-11-19T23:08:02.920820,completed
10004,995,121,3,2025-11-19T23:08:02.920820,cancelled
10005,161,193,5,2024-12-05T14:10:27.256336,pending
10006,564,194,4,2024-11-26T06:15:05.198863,completed
10007,564,43,5,2024-11-26T06:15:05.198863,completed
10008,419,106,5,2024-02-17T18:18:28.304217,completed
10009,419,187,2,2024-02-17T18:18:28.304217,completed
10010,419,5,2,2024-02-17T18:18:28.304217,pending
10011,419,38,3,2024-02-17T18:18:28.304217,completed
10012,420,104,5,2025-02-28T21:03:19.389216,completed
10013,420,195,1,2025-02-28T21:03:19.389216,completed
10014,420,172,1,2025-02-28T21:03:19.389216,pending
10015,194,3,1,2024-09-02T03:35:26.200589,completed
10016,194,194,2,2024-09-02T03:35:26.200589,completed
10017,194,192,1,2024-09-02T03:35:26.200589,completed
10018,194,152,5,2024-09-02T03:35:26.200589,completed
10019,427,193,1,2024-07-25T15:56:52.625454,completed
10020,427,149,1,2024-07-25T15:56:52.625454,completed
10021,427,58,5,2024-07-25T15:56:52.625454,completed
10022,427,43,5,2024-07-25T15:56:52.625454,completed
10023,159,126,4,2024-02-14T11:39:57.603167,pending
10024,159,185,2,2024-02-14T11:39:57.603167,completed
10025,159,78,3,2024-02-14T11:39:57.603167,completed
10026,159,139,4,2024-02-14T11:39:57.603167,completed
10027,690,88,4,2025-06-24T00:10:05.988484,completed
10028,690,102,4,2025-06-24T00:10:05.988484,completed
10029,690,82,3,2025-06-24T00:10:05.988484,completed
10030,613,42,3,2025-07-02T21:10:10.851948,completed
10031,613,129,5,2025-07-02T21:10:10.851948,completed
10032,613,27,1,2025-07-02T21:10:10.851948,completed
10033,613,115,3,2025-07-02T21:10:10.851948,completed
10034,613,151,2,2025-07-02T21:10:10.851948,completed
10035,448,102,2,2025-04-10T00:43:33.316237,completed
10036,448,157,2,2025-04-10T00:43:33.316237,pending
10037,399,89,4,2024-05-20T20:35:30.637659,completed
10038,399,44,1,2024-05-20T20:35:30.637659,completed
10039,399,96,1,2024-05-20T20:35:30.637659,refunded
10040,473,199,4,2025-03-19T07:09:20.824184,completed
10041,473,195,1,2025-03-19T07:09:20.824184,completed
10042,473,11,3,2025-03-19T07:09:20.824184,completed
10043,153,120,4,2024-02-01T10:51:35.142094,completed
10044,153,103,2,2024-02-01T10:51:35.142094,completed
10045,153,191,5,2024-02-01T10:51:35.142094,completed
10046,779,152,2,2024-01-13T13:18:29.876477,completed
10047,779,7,4,2024-01-13T13:18:29.876477,completed
10048,779,16,2,2024-01-13T13:18:29.876477,completed
10049,779,185,4,2024-01-13T13:18:29.876477,completed
10050,779,92,2,2024-01-13T13:18:29.876477,refunded
10051,133,137,4,2025-05-28T03:48:57.647285,completed
10052,133,91,5,2025-05-28T03:48:57.647285,completed
10053,144,128,2,2025-02-10T00:47:13.471905,completed
10054,144,173,5,2025-02-10T00:47:13.471905,completed
10055,37,59,4,2024-07-10T20:19:55.939179,pending
10056,37,184,1,2024-07-10T20:19:55.939179,completed
10057,710,80,1,2024-01-14T09:58:35.699792,completed
10058,710,37,4,2024-01-14T09:58:35.699792,completed
10059,710,168,2,2024-01-14T09:58:35.699792,completed
10060,710,54,2,2024-01-14T09:58:35.699792,completed
10061,710,65,5,2024-01-14T09:58:35.699792,pending
10062,527,137,3,2024-10-14T17:50:04.312145,completed
10063,527,72,1,2024-10-14T17:50:04.312145,completed
10064,662,141,4,2024-10-06T23:46:09.151860,completed
10065,662,161,1,2024-10-06T23:46:09.151860,completed
10066,662,4,3,2024-10-06T23:46:09.151860,completed
10067,662,69,1,2024-10-06T23:46:09.151860,completed
10068,432,169,4,2025-06-03T06:07:21.446115,completed
10069,432,99,3,2025-06-03T06:07:21.446115,completed
10070,432,139,2,2025-06-03T06:07:21.446115,completed
10071,432,5,4,2025-06-03T06:07:21.446115,completed
10072,432,168,5,2025-06-03T06:07:21.446115,completed
10073,475,172,3,2024-04-08T12:42:50.861041,completed
10074,475,41,2,2024-04-08T12:42:50.861041,completed
10075,475,112,4,2024-04-08T12:42:50.861041,completed
10076,475,75,5,2024-04-08T12:42:50.861041,completed
10077,475,8,5,2024-04-08T12:42:50.861041,completed
10078,210,186,5,2025-06-17T01:20:23.699566,completed
10079,210,34,5,2025-06-17T01:20:23.699566,completed
10080,210,135,5,2025-06-17T01:20:23.699566,completed
10081,933,120,2,2025-05-31T14:38:25.283491,completed
10082,933,174,3,2025-05-31T14:38:25.283491,completed
10083,933,173,2,2025-05-31T14:38:25.283491,completed
10084,933,133,5,2025-05-31T14:38:25.283491,completed
10085,933,56,5,2025-05-31T14:38:25.283491,pending
10086,431,93,1,2024-08-27T19:08:13.949949,completed
10087,431,200,1,2024-08-27T19:08:13.949949,completed
10088,431,21,4,2024-08-27T19:08:13.949949,pending
10089,755,104,4,2025-01-07T16:37:11.740932,completed
10090,755,164,2,2025-01-07T16:37:11.740932,refunded
10091,755,172,4,2025-01-07T16:37:11.740932,completed
10092,755,197,1,2025-01-07T16:37:11.740932,pending
10093,755,10,5,2025-01-07T16:37:11.740932,completed
10094,545,64,3,2025-11-20T04:15:47.019845,completed
10095,545,37,1,2025-11-20T04:15:47.019845,pending
10096,545,144,1,2025-11-20T04:15:47.019845,completed
10097,545,150,3,2025-11-20T04:15:47.019845,completed
10098,151,98,3,2024-08-20T14:02:49.486714,completed
10099,151,44,4,2024-08-20T14:02:49.486714,completed
10100,151,40,4,2024-08-20T14:02:49.486714,completed
10101,151,27,5,2024-08-20T14:02:49.486714,completed
10102,425,153,3,2025-04-14T00:52:31.402349,completed
10103,425,155,5,2025-04-14T00:52:31.402349,completed
10104,206,145,4,2024-09-12T21:44:14.677901,completed
10105,206,90,3,2024-09-12T21:44:14.677901,completed
10106,206,83,4,2024-09-12T21:44:14.677901,completed
10107,206,191,4,2024-09-12T21:44:14.677901,completed
10108,206,74,1,2024-09-12T21:44:14.677901,completed
10109,873,5,2,2024-08-26T17:44:14.847942,completed
10110,968,53,2,2024-04-30T15:32:16.696737,completed
10111,968,98,2,2024-04-30T15:32:16.696737,completed
10112,968,172,4,2024-04-30T15:32:16.696737,completed
10113,968,97,4,2024-04-30T15:32:16.696737,completed
10114,722,44,2,2024-05-15T06:01:04.613384,completed
10115,722,187,5,2024-05-15T06:01:04.613384,completed
10116,578,154,4,2025-04-28T08:38:57.963262,completed
10117,578,17,1,2025-04-28T08:38:57.963262,completed
10118,595,9,5,2025-11-07T16:24:42.705318,completed
10119,562,111,4,2024-10-29T22:25:19.477198,completed
10120,562,102,2,2024-10-29T22:25:19.477198,completed
10121,562,185,3,2024-10-29T22:25:19.477198,cancelled
10122,562,187,4,2024-10-29T22:25:19.477198,completed
10123,562,6,5,2024-10-29T22:25:19.477198,pending
10124,644,171,5,2024-01-13T05:49:49.088244,completed
10125,644,121,3,2024-01-13T05:49:49.088244,completed
10126,287,124,4,2025-05-03T06:11:10.493611,completed
10127,806,172,1,2025-10-19T15:57:43.181802,cancelled
10128,806,6,3,2025-10-19T15:57:43.181802,cancelled
10129,806,154,3,2025-10-19T15:57:43.181802,completed
10130,806,51,5,2025-10-19T15:57:43.181802,completed
10131,806,127,3,2025-10-19T15:57:43.181802,completed
10132,503,184,4,2025-06-30T01:51:53.372421,completed
10133,503,70,5,2025-06-30T01:51:53.372421,pending
10134,262,55,4,2025-09-10T09:38:53.419783,completed
10135,262,177,1,2025-09-10T09:38:53.419783,completed
10136,262,60,3,2025-09-10T09:38:53.419783,completed
10137,262,139,5,2025-09-10T09:38:53.419783,completed
10138,340,112,2,2024-01-16T20:13:00.145118,completed
10139,340,89,3,2024-01-16T20:13:00.145118,completed
10140,340,23,4,2024-01-16T20:13:00.145118,completed
10141,340,142,5,2024-01-16T20:13:00.145118,cancelled
10142,553,61,3,2024-11-25T15:41:08.063549,completed
10143,553,114,4,2024-11-25T15:41:08.063549,completed
10144,553,71,5,2024-11-25T15:41:08.063549,completed
10145,553,63,1,2024-11-25T15:41:08.063549,completed
10146,553,68,3,2024-11-25T15:41:08.063549,completed
10147,246,131,5,2025-09-05T20:21:40.191525,completed
10148,849,72,2,2025-02-09T18:33:16.768064,completed
10149,849,101,2,2025-02-09T18:33:16.768064,completed
10150,849,156,2,2025-02-09T18:33:16.768064,completed
10151,849,164,5,2025-02-09T18:33:16.768064,completed
10152,338,29,1,2024-02-16T10:07:29.608320,completed
10153,338,48,4,2024-02-16T10:07:29.608320,completed
10154,241,116,1,2024-02-02T17:23:05.516418,completed
10155,241,17,3,2024-02-02T17:23:05.516418,completed
10156,241,2,3,2024-02-02T17:23:05.516418,completed
10157,241,134,1,2024-02-02T17:23:05.516418,cancelled
10158,241,140,5,2024-02-02T17:23:05.516418,pending
10159,218,104,4,2024-06-17T06:58:09.356039,completed
10160,218,67,5,2024-06-17T06:58:09.356039,completed
10161,218,113,1,2024-06-17T06:58:09.356039,completed
10162,218,71,2,2024-06-17T06:58:09.356039,completed
10163,832,12,5,2024-08-01T16:33:16.801533,pending
10164,832,194,4,2024-08-01T16:33:16.801533,completed
10165,832,61,3,2024-08-01T16:33:16.801533,completed
10166,419,183,1,2025-12-12T19:54:45.539125,completed
10167,419,180,3,2025-12-12T19:54:45.539125,completed
10168,419,18,5,2025-12-12T19:54:45.539125,completed
10169,419,164,2,2025-12-12T19:54:45.539125,completed
10170,419,145,2,2025-12-12T19:54:45.539125,pending
10171,426,1,3,2025-04-20T05:00:46.198402,completed
10172,426,26,1,2025-04-20T05:00:46.198402,completed
10173,426,58,1,2025-04-20T05:00:46.198402,completed
10174,426,132,3,2025-04-20T05:00:46.198402,completed
10175,494,133,1,2025-08-14T04:57:55.039075,refunded
10176,494,3,1,2025-08-14T04:57:55.039075,completed
10177,877,91,5,2024-02-15T18:36:50.501619,completed
10178,877,120,3,2024-02-15T18:36:50.501619,completed
10179,877,25,4,2024-02-15T18:36:50.501619,completed
10180,670,154,3,2025-03-03T05:45:22.517258,completed
10181,790,30,3,2025-07-02T01:03:09.663105,completed
10182,790,49,3,2025-07-02T01:03:09.663105,completed
10183,790,103,5,2025-07-02T01:03:09.663105,completed
10184,790,161,5,2025-07-02T01:03:09.663105,completed
10185,790,186,5,2025-07-02T01:03:09.663105,completed
10186,449,129,4,2024-12-21T13:09:48.018143,completed
10187,505,124,1,2025-02-25T01:49:51.841248,completed
10188,658,157,2,2024-10-07T11:35:21.610955,completed
10189,658,38,5,2024-10-07T11:35:21.610955,cancelled
10190,658,153,3,2024-10-07T11:35:21.610955,completed
10191,941,154,4,2024-08-06T13:53:50.860265,completed
10192,986,57,2,2024-02-17T15:22:29.610576,completed
10193,986,54,3,2024-02-17T15:22:29.610576,completed
10194,986,36,2,2024-02-17T15:22:29.610576,completed
10195,986,20,3,2024-02-17T15:22:29.610576,completed
10196,986,196,1,2024-02-17T15:22:29.610576,cancelled
10197,847,123,1,2025-01-23T23:18:24.202457,cancelled
10198,847,174,4,2025-01-23T23:18:24.202457,completed
10199,535,90,3,2025-05-02T18:04:17.871899,completed
10200,535,99,4,2025-05-02T18:04:17.871899,completed
10201,535,40,1,2025-05-02T18:04:17.871899,completed
10202,535,184,2,2025-05-02T18:04:17.871899,cancelled
10203,535,115,2,2025-05-02T18:04:17.871899,completed
10204,666,16,5,2024-08-09T10:40:49.633125,refunded
10205,666,100,3,2024-08-09T10:40:49.633125,cancelled
10206,440,126,2,2024-05-26T00:38:10.551921,completed
10207,440,173,5,2024-05-26T00:38:10.551921,completed
10208,440,24,1,2024-05-26T00:38:10.551921,completed
10209,921,171,2,2025-11-22T10:06:38.119157,pending
10210,728,174,5,2025-07-18T05:45:52.316652,cancelled
10211,728,158,2,2025-07-18T05:45:52.316652,completed
10212,333,150,4,2024-07-10T01:22:25.366482,completed
10213,333,191,2,2024-07-10T01:22:25.366482,completed
10214,333,131,2,2024-07-10T01:22:25.366482,completed
10215,810,170,4,2024-10-27T09:54:06.923623,completed
10216,810,88,5,2024-10-27T09:54:06.923623,completed
10217,810,154,1,2024-10-27T09:54:06.923623,pending
10218,903,181,4,2024-08-04T19:50:08.035254,pending
10219,903,100,1,2024-08-04T19:50:08.035254,cancelled
10220,903,163,3,2024-08-04T19:50:08.035254,completed
10221,903,28,2,2024-08-04T19:50:08.035254,completed
10222,903,147,2,2024-08-04T19:50:08.035254,completed
10223,863,109,5,2024-07-31T18:36:01.562151,completed
10224,863,2,3,2024-07-31T18:36:01.562151,completed
10225,965,197,4,2024-11-12T16:42:57.029018,pending
10226,965,4,5,2024-11-12T16:42:57.029018,completed
10227,965,65,5,2024-11-12T16:42:57.029018,completed
10228,965,66,1,2024-11-12T16:42:57.029018,completed
10229,965,192,5,2024-11-12T16:42:57.029018,pending
10230,280,145,5,2025-10-25T09:52:04.931593,pending
10231,280,84,1,2025-10-25T09:52:04.931593,pending
10232,280,68,1,2025-10-25T09:52:04.931593,completed
10233,280,72,3,2025-10-25T09:52:04.931593,pending
10234,934,9,3,2024-12-28T00:32:10.910166,completed
10235,934,106,4,2024-12-28T00:32:10.910166,completed
10236,934,34,2,2024-12-28T00:32:10.910166,completed
10237,934,178,5,2024-12-28T00:32:10.910166,cancelled
10238,934,117,3,2024-12-28T00:32:10.910166,completed
10239,42,67,1,2025-07-01T02:48:52.686960,completed
10240,42,37,5,2025-07-01T02:48:52.686960,completed
10241,42,156,3,2025-07-01T02:48:52.686960,completed
10242,42,71,4,2025-07-01T02:48:52.686960,cancelled
10243,667,111,5,2024-10-14T05:56:21.288605,completed
10244,667,46,4,2024-10-14T05:56:21.288605,completed
10245,667,81,5,2024-10-14T05:56:21.288605,completed
10246,667,49,5,2024-10-14T05:56:21.288605,pending
10247,200,25,4,2024-12-10T14:07:49.641403,cancelled
10248,991,127,4,2023-12-20T23:46:17.208033,completed
10249,991,36,3,2023-12-20T23:46:17.208033,completed
10250,991,135,4,2023-12-20T23:46:17.208033,pending
10251,328,4,5,2025-05-30T07:00:30.701537,pending
10252,328,35,4,2025-05-30T07:00:30.701537,completed
10253,328,176,4,2025-05-30T07:00:30.701537,completed
10254,328,100,5,2025-05-30T07:00:30.701537,completed
10255,328,34,1,2025-05-30T07:00:30.701537,completed
10256,316,134,5,2025-06-08T10:41:11.185218,cancelled
10257,316,33,4,2025-06-08T10:41:11.185218,completed
10258,316,70,1,2025-06-08T10:41:11.185218,completed
10259,316,103,3,2025-06-08T10:41:11.185218,completed
10260,316,141,4,2025-06-08T10:41:11.185218,completed
10261,842,12,3,2024-10-16T14:50:51.918371,pending
10262,842,41,4,2024-10-16T14:50:51.918371,cancelled
10263,842,17,2,2024-10-16T14:50:51.918371,completed
10264,961,83,3,2025-04-24T06:08:04.053733,completed
10265,961,38,2,2025-04-24T06:08:04.053733,completed
10266,350,9,5,2025-09-08T01:31:13.231675,pending
10267,350,1,3,2025-09-08T01:31:13.231675,completed
10268,350,134,1,2025-09-08T01:31:13.231675,completed
10269,350,83,1,2025-09-08T01:31:13.231675,completed
10270,870,87,2,2025-08-21T02:08:50.891135,completed
10271,369,85,1,2025-01-23T22:16:53.719903,completed
10272,369,51,1,2025-01-23T22:16:53.719903,completed
10273,381,5,2,2024-04-06T12:26:02.513979,completed
10274,381,85,2,2024-04-06T12:26:02.513979,completed
10275,381,157,2,2024-04-06T12:26:02.513979,completed
10276,381,160,1,2024-04-06T12:26:02.513979,completed
10277,88,149,3,2025-03-13T13:00:15.437612,pending
10278,88,70,2,2025-03-13T13:00:15.437612,completed
10279,812,179,3,2025-06-13T18:36:13.995750,pending
10280,812,165,5,2025-06-13T18:36:13.995750,cancelled
10281,812,20,4,2025-06-13T18:36:13.995750,completed
10282,272,175,4,2025-05-24T01:25:20.849393,pending
10283,272,163,4,2025-05-24T01:25:20.849393,completed
10284,558,177,1,2024-09-15T09:23:56.984624,completed
10285,558,78,1,2024-09-15T09:23:56.984624,cancelled
10286,438,38,5,2024-08-27T13:40:13.674688,cancelled
10287,438,59,5,2024-08-27T13:40:13.674688,completed
10288,438,24,1,2024-08-27T13:40:13.674688,completed
10289,438,56,1,2024-08-27T13:40:13.674688,pending
10290,438,126,5,2024-08-27T13:40:13.674688,completed
10291,883,42,4,2025-03-03T12:37:33.851026,completed
10292,883,105,5,2025-03-03T12:37:33.851026,completed
10293,883,89,4,2025-03-03T12:37:33.851026,pending
10294,696,93,4,2024-09-19T19:45:55.192312,refunded
10295,696,130,3,2024-09-19T19:45:55.192312,pending
10296,696,122,4,2024-09-19T19:45:55.192312,completed
10297,720,129,2,2025-01-08T17:31:12.848957,completed
10298,720,134,4,2025-01-08T17:31:12.848957,pending
10299,720,137,2,2025-01-08T17:31:12.848957,completed
10300,303,33,3,2025-03-16T23:38:56.897493,completed
10301,303,164,1,2025-03-16T23:38:56.897493,completed
10302,478,174,1,2024-07-09T17:23:21.173027,completed
10303,478,143,2,2024-07-09T17:23:21.173027,completed
10304,478,194,3,2024-07-09T17:23:21.173027,completed
10305,478,48,5,2024-07-09T17:23:21.173027,completed
10306,478,142,4,2024-07-09T17:23:21.173027,completed
10307,269,102,4,2024-04-18T19:08:22.322657,completed
10308,269,122,5,2024-04-18T19:08:22.322657,completed
10309,269,112,5,2024-04-18T19:08:22.322657,cancelled
10310,269,98,3,2024-04-18T19:08:22.322657,completed
10311,714,115,1,2024-06-07T21:47:15.646016,completed
10312,714,21,3,2024-06-07T21:47:15.646016,completed
10313,714,186,2,2024-06-07T21:47:15.646016,completed
10314,714,171,4,2024-06-07T21:47:15.646016,completed
10315,714,34,5,2024-06-07T21:47:15.646016,completed
10316,381,102,1,2024-06-07T02:16:24.070894,completed
10317,381,33,1,2024-06-07T02:16:24.070894,completed
10318,303,66,3,2025-06-06T04:38:33.912287,completed
10319,651,4,4,2025-02-12T10:13:23.822294,completed
10320,945,92,5,2024-05-04T18:27:29.784794,completed
10321,945,37,3,2024-05-04T18:27:29.784794,completed
10322,945,152,4,2024-05-04T18:27:29.784794,completed
10323,954,55,5,2024-10-24T19:16:35.988302,completed
10324,954,18,4,2024-10-24T19:16:35.988302,completed
10325,126,59,5,2024-07-16T16:44:58.696398,cancelled
10326,126,63,2,2024-07-16T16:44:58.696398,completed
10327,126,71,5,2024-07-16T16:44:58.696398,completed
10328,95,193,1,2024-01-02T14:52:35.775932,completed
10329,811,58,5,2024-07-11T04:40:54.626830,completed
10330,811,76,3,2024-07-11T04:40:54.626830,completed
10331,811,78,5,2024-07-11T04:40:54.626830,completed
10332,834,184,5,2024-12-06T10:30:53.317476,completed
10333,834,106,1,2024-12-06T10:30:53.317476,pending
10334,834,161,4,2024-12-06T10:30:53.317476,completed
10335,834,18,1,2024-12-06T10:30:53.317476,cancelled
10336,834,188,2,2024-12-06T10:30:53.317476,completed
10337,587,40,4,2024-06-14T16:48:27.733275,completed
10338,587,128,2,2024-06-14T16:48:27.733275,completed
10339,587,156,4,2024-06-14T16:48:27.733275,cancelled
10340,587,66,5,2024-06-14T16:48:27.733275,pending
10341,587,56,2,2024-06-14T16:48:27.733275,completed
10342,165,48,5,2025-01-14T18:36:30.944634,completed
10343,165,59,5,2025-01-14T18:36:30.944634,completed
10344,901,4,1,2024-04-26T14:05:38.915434,refunded
10345,901,75,5,2024-04-26T14:05:38.915434,completed
10346,901,116,4,2024-04-26T14:05:38.915434,completed
10347,901,53,3,2024-04-26T14:05:38.915434,completed
10348,741,66,2,2024-04-12T14:01:48.673502,completed
10349,741,2,4,2024-04-12T14:01:48.673502,pending
10350,741,118,3,2024-04-12T14:01:48.673502,completed
10351,741,5,1,2024-04-12T14:01:48.673502,completed
10352,461,184,2,2024-06-23T00:48:07.220072,completed
10353,461,36,2,2024-06-23T00:48:07.220072,completed
10354,461,42,5,2024-06-23T00:48:07.220072,completed
10355,461,141,5,2024-06-23T00:48:07.220072,pending
10356,218,107,3,2024-09-04T22:34:46.505488,completed
10357,218,138,2,2024-09-04T22:34:46.505488,completed
10358,218,43,2,2024-09-04T22:34:46.505488,completed
10359,218,124,2,2024-09-04T22:34:46.505488,pending
10360,218,143,3,2024-09-04T22:34:46.505488,completed
10361,369,111,1,2024-05-26T22:27:48.731556,cancelled
10362,369,146,4,2024-05-26T22:27:48.731556,completed
10363,369,43,4,2024-05-26T22:27:48.731556,completed
10364,369,170,3,2024-05-26T22:27:48.731556,completed
10365,369,195,2,2024-05-26T22:27:48.731556,completed
10366,208,168,3,2024-02-23T09:41:31.661675,completed
10367,208,68,3,2024-02-23T09:41:31.661675,completed
10368,208,53,5,2024-02-23T09:41:31.661675,completed
10369,990,169,2,2024-09-29T18:35:20.514674,cancelled
10370,990,80,2,2024-09-29T18:35:20.514674,completed
10371,990,111,4,2024-09-29T18:35:20.514674,completed
10372,990,90,4,2024-09-29T18:35:20.514674,completed
10373,990,26,1,2024-09-29T18:35:20.514674,completed
10374,725,79,5,2024-01-13T11:47:18.099272,completed
10375,961,97,5,2024-12-08T21:40:47.552407,completed
10376,961,65,4,2024-12-08T21:40:47.552407,completed
10377,594,93,3,2024-11-14T10:36:54.029169,completed
10378,594,189,3,2024-11-14T10:36:54.029169,completed
10379,594,142,5,2024-11-14T10:36:54.029169,completed
10380,588,27,4,2024-06-15T22:01:47.845766,completed
10381,588,54,4,2024-06-15T22:01:47.845766,completed
10382,509,126,4,2025-01-26T23:58:12.148331,completed
10383,509,103,4,2025-01-26T23:58:12.148331,completed
10384,375,54,2,2025-08-24T02:17:00.612853,pending
10385,375,93,3,2025-08-24T02:17:00.612853,completed
10386,375,144,3,2025-08-24T02:17:00.612853,refunded
10387,375,109,1,2025-08-24T02:17:00.612853,completed
10388,375,19,2,2025-08-24T02:17:00.612853,completed
10389,569,141,5,2024-06-22T23:59:18.802731,completed
10390,184,126,5,2025-06-08T13:23:53.745849,completed
10391,184,34,4,2025-06-08T13:23:53.745849,pending
10392,184,50,1,2025-06-08T13:23:53.745849,completed
10393,184,52,1,2025-06-08T13:23:53.745849,completed
10394,77,58,5,2024-12-20T10:29:21.361906,completed
10395,316,1,2,2024-04-21T10:02:55.256247,completed
10396,316,79,3,2024-04-21T10:02:55.256247,completed
10397,316,73,2,2024-04-21T10:02:55.256247,completed
10398,316,47,3,2024-04-21T10:02:55.256247,refunded
10399,316,192,5,2024-04-21T10:02:55.256247,completed
10400,3,101,4,2024-11-17T11:11:40.059120,completed
10401,3,25,1,2024-11-17T11:11:40.059120,completed
10402,3,99,5,2024-11-17T11:11:40.059120,completed
10403,3,199,1,2024-11-17T11:11:40.059120,completed
10404,3,65,4,2024-11-17T11:11:40.059120,completed
10405,678,98,4,2025-09-12T14:59:51.382025,completed
10406,587,119,4,2025-08-16T12:02:55.971854,completed
10407,587,171,1,2025-08-16T12:02:55.971854,completed
10408,587,60,4,2025-08-16T12:02:55.971854,completed
10409,587,100,2,2025-08-16T12:02:55.971854,completed
10410,470,111,2,2023-12-22T21:24:10.836175,completed
10411,470,79,1,2023-12-22T21:24:10.836175,completed
10412,818,146,3,2024-08-16T01:02:21.101683,cancelled
10413,818,145,5,2024-08-16T01:02:21.101683,refunded
10414,818,113,1,2024-08-16T01:02:21.101683,completed
10415,818,41,3,2024-08-16T01:02:21.101683,completed
10416,699,159,4,2024-06-29T15:58:00.548628,completed
10417,699,51,1,2024-06-29T15:58:00.548628,completed
10418,699,41,3,2024-06-29T15:58:00.548628,completed
10419,699,197,5,2024-06-29T15:58:00.548628,completed
10420,989,174,2,2024-03-05T06:25:26.236647,completed
10421,989,128,4,2024-03-05T06:25:26.236647,completed
10422,989,53,5,2024-03-05T06:25:26.236647,completed
10423,989,161,3,2024-03-05T06:25:26.236647,completed
10424,566,165,1,2025-10-30T07:26:17.850221,completed
10425,566,176,5,2025-10-30T07:26:17.850221,completed
10426,566,141,5,2025-10-30T07:26:17.850221,completed
10427,566,108,3,2025-10-30T07:26:17.850221,completed
10428,566,194,4,2025-10-30T07:26:17.850221,pending
10429,838,76,3,2025-06-18T02:34:23.393502,completed
10430,838,55,4,2025-06-18T02:34:23.393502,completed
10431,838,179,4,2025-06-18T02:34:23.393502,completed
10432,838,50,4,2025-06-18T02:34:23.393502,completed
10433,838,106,4,2025-06-18T02:34:23.393502,completed
10434,907,153,3,2025-04-24T23:22:04.826634,completed
10435,907,101,4,2025-04-24T23:22:04.826634,completed
10436,907,68,3,2025-04-24T23:22:04.826634,pending
10437,649,114,3,2025-10-20T07:16:18.629384,completed
10438,649,191,2,2025-10-20T07:16:18.629384,completed
10439,649,21,4,2025-10-20T07:16:18.629384,cancelled
10440,885,166,2,2024-06-02T23:37:11.366859,completed
10441,885,10,3,2024-06-02T23:37:11.366859,completed
10442,885,184,4,2024-06-02T23:37:11.366859,completed
10443,663,144,3,2024-12-23T12:13:10.939795,completed
10444,766,157,5,2025-04-05T05:00:01.603200,completed
10445,766,102,1,2025-04-05T05:00:01.603200,completed
10446,766,81,3,2025-04-05T05:00:01.603200,completed
10447,766,59,1,2025-04-05T05:00:01.603200,completed
10448,766,165,4,2025-04-05T05:00:01.603200,completed
10449,384,137,2,2025-08-24T07:26:29.260040,completed
10450,384,56,3,2025-08-24T07:26:29.260040,cancelled
10451,595,48,5,2025-12-14T15:57:19.933444,completed
10452,595,185,4,2025-12-14T15:57:19.933444,completed
10453,311,11,4,2025-01-16T09:53:25.459697,completed
10454,311,179,2,2025-01-16T09:53:25.459697,completed
10455,311,71,3,2025-01-16T09:53:25.459697,completed
10456,311,200,1,2025-01-16T09:53:25.459697,completed
10457,311,8,4,2025-01-16T09:53:25.459697,completed
10458,831,8,1,2025-06-19T03:22:06.975515,pending
10459,831,81,2,2025-06-19T03:22:06.975515,completed
10460,831,27,5,2025-06-19T03:22:06.975515,completed
10461,546,162,2,2025-05-15T01:11:53.649721,pending
10462,546,149,4,2025-05-15T01:11:53.649721,completed
10463,546,111,4,2025-05-15T01:11:53.649721,completed
10464,546,53,4,2025-05-15T01:11:53.649721,pending
10465,764,64,2,2025-09-08T17:20:08.276541,pending
10466,975,125,5,2024-10-18T02:06:16.430021,completed
10467,975,51,3,2024-10-18T02:06:16.430021,completed
10468,609,14,5,2025-10-27T03:08:36.729775,completed
10469,609,182,1,2025-10-27T03:08:36.729775,completed
10470,91,46,4,2025-09-12T11:12:09.822881,completed
10471,495,29,4,2024-12-04T21:28:32.740326,completed
10472,495,175,5,2024-12-04T21:28:32.740326,completed
10473,495,153,4,2024-12-04T21:28:32.740326,completed
10474,495,84,4,2024-12-04T21:28:32.740326,completed
10475,495,30,2,2024-12-04T21:28:32.740326,refunded
10476,884,110,1,2024-02-28T17:11:31.085238,completed
10477,221,115,3,2024-02-24T19:34:59.205123,completed
10478,221,168,4,2024-02-24T19:34:59.205123,completed
10479,221,96,2,2024-02-24T19:34:59.205123,pending
10480,24,172,2,2024-05-17T15:21:46.365873,completed
10481,24,194,2,2024-05-17T15:21:46.365873,completed
10482,24,197,1,2024-05-17T15:21:46.365873,completed
10483,882,121,4,2024-09-13T15:28:38.688319,completed
10484,882,86,5,2024-09-13T15:28:38.688319,completed
10485,882,111,1,2024-09-13T15:28:38.688319,cancelled
10486,882,194,5,2024-09-13T15:28:38.688319,completed
10487,882,16,4,2024-09-13T15:28:38.688319,cancelled
10488,884,146,2,2024-12-24T04:35:52.482025,completed
10489,884,29,4,2024-12-24T04:35:52.482025,completed
10490,613,134,2,2024-05-06T04:52:01.363122,cancelled
10491,613,77,2,2024-05-06T04:52:01.363122,completed
10492,613,173,5,2024-05-06T04:52:01.363122,completed
10493,613,27,3,2024-05-06T04:52:01.363122,cancelled
10494,613,180,5,2024-05-06T04:52:01.363122,completed
10495,12,149,4,2024-04-02T04:52:32.065525,pending
10496,12,17,3,2024-04-02T04:52:32.065525,completed
10497,12,195,1,2024-04-02T04:52:32.065525,pending
10498,12,12,3,2024-04-02T04:52:32.065525,completed
10499,37,136,3,2024-12-30T11:58:06.818429,completed
10500,37,53,3,2024-12-30T11:58:06.818429,completed
10501,37,195,2,2024-12-30T11:58:06.818429,pending
10502,37,138,2,2024-12-30T11:58:06.818429,completed
10503,862,119,3,2024-05-11T19:48:18.424523,completed
10504,862,55,1,2024-05-11T19:48:18.424523,pending
10505,862,111,3,2024-05-11T19:48:18.424523,completed
10506,491,132,5,2025-10-08T21:23:44.939910,completed
10507,491,15,1,2025-10-08T21:23:44.939910,pending
10508,568,63,1,2025-11-28T20:58:15.771609,completed
10509,568,170,5,2025-11-28T20:58:15.771609,completed
10510,568,100,5,2025-11-28T20:58:15.771609,completed
10511,568,66,3,2025-11-28T20:58:15.771609,cancelled
10512,568,190,3,2025-11-28T20:58:15.771609,pending
10513,565,169,2,2025-07-07T04:52:25.965414,completed
10514,565,147,2,2025-07-07T04:52:25.965414,refunded
10515,565,81,1,2025-07-07T04:52:25.965414,completed
10516,565,191,3,2025-07-07T04:52:25.965414,completed
10517,565,151,3,2025-07-07T04:52:25.965414,completed
10518,635,200,2,2025-01-14T09:31:26.022626,completed
10519,635,14,1,2025-01-14T09:31:26.022626,pending
10520,635,32,5,2025-01-14T09:31:26.022626,cancelled
10521,635,191,5,2025-01-14T09:31:26.022626,completed
10522,635,93,2,2025-01-14T09:31:26.022626,completed
10523,983,43,3,2024-02-16T07:33:18.865242,cancelled
10524,983,63,2,2024-02-16T07:33:18.865242,completed
10525,983,92,5,2024-02-16T07:33:18.865242,completed
10526,983,103,1,2024-02-16T07:33:18.865242,pending
10527,983,91,3,2024-02-16T07:33:18.865242,pending
10528,862,47,4,2024-05-22T08:59:43.777549,completed
10529,168,31,2,2025-03-19T07:20:23.074167,pending
10530,644,92,1,2025-01-09T01:49:57.536574,completed
10531,644,56,2,2025-01-09T01:49:57.536574,completed
10532,644,24,5,2025-01-09T01:49:57.536574,completed
10533,644,143,1,2025-01-09T01:49:57.536574,completed
10534,644,84,4,2025-01-09T01:49:57.536574,cancelled
10535,130,78,5,2025-01-16T22:03:12.735083,pending
10536,801,146,2,2025-03-30T18:29:29.263307,cancelled
10537,58,77,4,2025-05-10T17:30:05.092480,completed
10538,58,136,5,2025-05-10T17:30:05.092480,completed
10539,58,74,4,2025-05-10T17:30:05.092480,completed
10540,907,151,2,2024-12-12T02:55:17.484721,completed
10541,907,135,3,2024-12-12T02:55:17.484721,completed
10542,336,135,3,2025-03-04T22:15:38.472112,pending
10543,336,27,5,2025-03-04T22:15:38.472112,completed
10544,149,196,2,2024-08-28T00:46:52.032129,completed
10545,149,132,3,2024-08-28T00:46:52.032129,pending
10546,601,26,2,2025-03-19T18:09:26.688133,pending
10547,601,130,3,2025-03-19T18:09:26.688133,completed
10548,601,88,4,2025-03-19T18:09:26.688133,completed
10549,803,170,1,2025-03-17T18:06:07.039101,completed
10550,803,186,5,2025-03-17T18:06:07.039101,completed
10551,803,21,4,2025-03-17T18:06:07.039101,completed
10552,803,87,5,2025-03-17T18:06:07.039101,completed
10553,803,152,3,2025-03-17T18:06:07.039101,completed
10554,514,100,1,2025-08-02T19:01:08.803625,pending
10555,514,27,3,2025-08-02T19:01:08.803625,completed
10556,514,173,3,2025-08-02T19:01:08.803625,completed
10557,514,87,1,2025-08-02T19:01:08.803625,pending
10558,866,189,5,2025-01-05T15:11:37.509748,completed
10559,866,8,3,2025-01-05T15:11:37.509748,completed
10560,866,131,3,2025-01-05T15:11:37.509748,completed
10561,940,7,5,2025-05-19T13:54:07.373391,cancelled
10562,940,114,3,2025-05-19T13:54:07.373391,completed
10563,940,106,5,2025-05-19T13:54:07.373391,completed
10564,793,95,5,2025-04-28T18:51:51.358907,completed
10565,793,86,1,2025-04-28T18:51:51.358907,completed
10566,729,170,4,2025-12-01T01:03:28.148241,completed
10567,729,40,3,2025-12-01T01:03:28.148241,completed
10568,787,161,3,2025-10-20T13:24:16.703521,completed
10569,787,128,2,2025-10-20T13:24:16.703521,completed
10570,787,127,1,2025-10-20T13:24:16.703521,completed
10571,787,70,5,2025-10-20T13:24:16.703521,completed
10572,872,189,4,2025-11-29T08:01:43.534929,completed
10573,872,151,5,2025-11-29T08:01:43.534929,completed
10574,872,64,4,2025-11-29T08:01:43.534929,completed
10575,292,94,5,2025-01-28T15:11:34.069142,pending
10576,292,154,5,2025-01-28T15:11:34.069142,completed
10577,292,73,4,2025-01-28T15:11:34.069142,completed
10578,272,112,4,2024-09-19T22:56:10.692009,completed
10579,695,88,2,2024-09-09T15:42:13.166748,completed
10580,695,108,5,2024-09-09T15:42:13.166748,completed
10581,695,169,1,2024-09-09T15:42:13.166748,cancelled
10582,695,126,4,2024-09-09T15:42:13.166748,completed
10583,695,31,3,2024-09-09T15:42:13.166748,completed
10584,811,97,3,2025-01-02T22:35:09.724094,completed
10585,159,126,4,2025-09-28T22:54:48.986305,completed
10586,159,38,2,2025-09-28T22:54:48.986305,pending
10587,965,95,2,2025-09-13T01:38:12.629483,completed
10588,965,29,4,2025-09-13T01:38:12.629483,cancelled
10589,965,178,1,2025-09-13T01:38:12.629483,completed
10590,290,87,3,2024-09-21T04:25:07.290522,completed
10591,290,143,5,2024-09-21T04:25:07.290522,cancelled
10592,290,62,3,2024-09-21T04:25:07.290522,cancelled
10593,821,32,5,2024-08-29T01:55:57.030638,cancelled
10594,821,109,2,2024-08-29T01:55:57.030638,completed
10595,814,180,1,2025-03-18T10:52:42.754381,completed
10596,814,196,5,2025-03-18T10:52:42.754381,completed
10597,814,107,1,2025-03-18T10:52:42.754381,completed
10598,814,131,5,2025-03-18T10:52:42.754381,completed
10599,515,195,2,2024-05-26T02:18:53.874569,completed
10600,515,184,1,2024-05-26T02:18:53.874569,completed
10601,515,14,3,2024-05-26T02:18:53.874569,completed
10602,515,76,5,2024-05-26T02:18:53.874569,completed
10603,163,161,5,2024-05-19T02:02:40.499398,completed
10604,238,101,4,2025-09-04T15:23:17.605057,pending
10605,238,143,5,2025-09-04T15:23:17.605057,completed
10606,249,172,4,2025-02-22T04:11:00.599660,completed
10607,590,130,1,2024-08-04T03:52:56.155774,refunded
10608,590,140,1,2024-08-04T03:52:56.155774,completed
10609,590,90,5,2024-08-04T03:52:56.155774,completed
10610,590,166,1,2024-08-04T03:52:56.155774,completed
10611,590,174,3,2024-08-04T03:52:56.155774,pending
10612,178,42,4,2025-06-29T17:19:34.278245,completed
10613,34,182,2,2025-02-10T17:41:33.833152,completed
10614,34,49,5,2025-02-10T17:41:33.833152,completed
10615,34,176,4,2025-02-10T17:41:33.833152,completed
10616,34,174,2,2025-02-10T17:41:33.833152,cancelled
10617,34,188,2,2025-02-10T17:41:33.833152,completed
10618,652,133,5,2025-01-24T01:17:21.285026,completed
10619,652,44,2,2025-01-24T01:17:21.285026,completed
10620,652,168,3,2025-01-24T01:17:21.285026,cancelled
10621,652,17,4,2025-01-24T01:17:21.285026,completed
10622,771,198,2,2025-05-27T07:38:52.282089,completed
10623,771,116,3,2025-05-27T07:38:52.282089,pending
10624,771,111,2,2025-05-27T07:38:52.282089,completed
10625,771,104,5,2025-05-27T07:38:52.282089,completed
10626,525,48,3,2024-01-19T22:25:49.737018,completed
10627,785,112,2,2024-01-30T11:29:42.527981,completed
10628,785,75,4,2024-01-30T11:29:42.527981,completed
10629,785,124,1,2024-01-30T11:29:42.527981,completed
10630,785,72,5,2024-01-30T11:29:42.527981,completed
10631,701,195,5,2024-05-12T04:15:58.499058,pending
10632,701,127,4,2024-05-12T04:15:58.499058,completed
10633,609,133,5,2025-01-13T04:43:59.481641,completed
10634,609,24,3,2025-01-13T04:43:59.481641,completed
10635,609,175,5,2025-01-13T04:43:59.481641,completed
10636,398,115,4,2025-08-10T07:12:49.699085,pending
10637,398,170,2,2025-08-10T07:12:49.699085,refunded
10638,398,23,5,2025-08-10T07:12:49.699085,completed
10639,398,79,3,2025-08-10T07:12:49.699085,completed
10640,398,66,3,2025-08-10T07:12:49.699085,completed
10641,448,80,5,2025-09-13T15:37:21.910593,completed
10642,448,168,2,2025-09-13T15:37:21.910593,completed
10643,448,37,5,2025-09-13T15:37:21.910593,completed
10644,448,51,5,2025-09-13T15:37:21.910593,cancelled
10645,825,69,4,2024-05-07T01:33:21.528939,completed
10646,825,197,5,2024-05-07T01:33:21.528939,completed
10647,825,151,1,2024-05-07T01:33:21.528939,completed
10648,825,100,5,2024-05-07T01:33:21.528939,completed
10649,143,38,2,2024-03-22T19:35:43.592790,completed
10650,143,63,5,2024-03-22T19:35:43.592790,completed
10651,143,171,2,2024-03-22T19:35:43.592790,cancelled
10652,143,198,2,2024-03-22T19:35:43.592790,completed
10653,143,167,2,2024-03-22T19:35:43.592790,completed
10654,572,14,1,2025-03-08T03:05:57.461856,completed
10655,572,100,4,2025-03-08T03:05:57.461856,completed
10656,572,173,3,2025-03-08T03:05:57.461856,completed
10657,534,127,1,2025-08-08T07:59:02.228445,cancelled
10658,534,129,3,2025-08-08T07:59:02.228445,completed
10659,534,63,4,2025-08-08T07:59:02.228445,completed
10660,936,173,4,2024-08-04T16:17:25.555060,completed
10661,936,199,3,2024-08-04T16:17:25.555060,pending
10662,936,116,4,2024-08-04T16:17:25.555060,completed
10663,576,14,3,2024-04-13T14:55:38.673235,completed
10664,871,102,4,2025-05-07T08:20:48.293911,completed
10665,871,164,3,2025-05-07T08:20:48.293911,completed
10666,964,68,4,2025-09-21T01:37:08.944246,completed
10667,964,55,4,2025-09-21T01:37:08.944246,completed
10668,964,107,4,2025-09-21T01:37:08.944246,completed
10669,964,58,3,2025-09-21T01:37:08.944246,completed
10670,964,43,2,2025-09-21T01:37:08.944246,completed
10671,299,23,5,2025-02-12T09:54:11.170283,completed
10672,299,176,3,2025-02-12T09:54:11.170283,completed
10673,103,36,3,2025-06-16T20:02:19.122160,completed
10674,103,13,5,2025-06-16T20:02:19.122160,completed
10675,103,64,5,2025-06-16T20:02:19.122160,completed
10676,967,88,4,2024-06-14T20:12:04.057561,completed
10677,104,58,5,2025-06-30T09:31:52.621490,completed
10678,104,82,5,2025-06-30T09:31:52.621490,completed
10679,270,48,5,2024-01-27T22:44:51.655509,completed
10680,270,182,4,2024-01-27T22:44:51.655509,pending
10681,421,48,5,2025-02-22T04:45:07.291615,completed
10682,421,126,1,2025-02-22T04:45:07.291615,completed
10683,132,53,1,2025-10-25T17:18:13.363030,completed
10684,132,141,1,2025-10-25T17:18:13.363030,cancelled
10685,762,158,1,2024-04-25T14:29:29.001629,completed
10686,762,20,2,2024-04-25T14:29:29.001629,completed
10687,762,189,5,2024-04-25T14:29:29.001629,completed
10688,762,126,4,2024-04-25T14:29:29.001629,cancelled
10689,762,12,3,2024-04-25T14:29:29.001629,completed
10690,786,93,3,2024-12-31T03:38:10.649807,pending
10691,786,159,4,2024-12-31T03:38:10.649807,completed
10692,786,154,2,2024-12-31T03:38:10.649807,completed
10693,786,6,5,2024-12-31T03:38:10.649807,completed
10694,981,75,2,2024-04-11T23:30:24.707276,completed
10695,516,12,1,2025-10-11T17:46:52.674387,completed
10696,516,80,4,2025-10-11T17:46:52.674387,completed
10697,760,32,4,2024-07-23T13:53:08.214854,completed
10698,760,57,5,2024-07-23T13:53:08.214854,completed
10699,760,11,2,2024-07-23T13:53:08.214854,completed
10700,563,117,1,2025-12-13T05:29:21.696307,completed
10701,563,74,4,2025-12-13T05:29:21.696307,completed
10702,563,87,2,2025-12-13T05:29:21.696307,completed
10703,563,52,2,2025-12-13T05:29:21.696307,completed
10704,563,118,2,2025-12-13T05:29:21.696307,completed
10705,255,46,4,2024-07-23T23:11:36.305096,completed
10706,360,12,4,2024-10-09T06:58:59.387596,completed
10707,360,45,4,2024-10-09T06:58:59.387596,cancelled
10708,360,57,3,2024-10-09T06:58:59.387596,completed
10709,360,52,4,2024-10-09T06:58:59.387596,completed
10710,257,84,4,2024-05-12T14:09:03.912508,completed
10711,257,85,2,2024-05-12T14:09:03.912508,pending
10712,257,87,2,2024-05-12T14:09:03.912508,completed
10713,257,39,4,2024-05-12T14:09:03.912508,completed
10714,148,186,1,2024-02-20T04:41:39.202631,pending
10715,148,81,3,2024-02-20T04:41:39.202631,cancelled
10716,148,29,4,2024-02-20T04:41:39.202631,completed
10717,148,2,1,2024-02-20T04:41:39.202631,completed
10718,3,119,1,2025-09-25T16:59:02.770357,refunded
10719,3,20,1,2025-09-25T16:59:02.770357,completed
10720,3,198,1,2025-09-25T16:59:02.770357,pending
10721,465,52,5,2024-09-06T06:13:34.925893,pending
10722,465,47,2,2024-09-06T06:13:34.925893,completed
10723,465,62,3,2024-09-06T06:13:34.925893,completed
10724,465,94,3,2024-09-06T06:13:34.925893,completed
10725,465,49,3,2024-09-06T06:13:34.925893,cancelled
10726,892,85,5,2024-05-11T22:59:34.239904,completed
10727,892,122,2,2024-05-11T22:59:34.239904,pending
10728,892,15,5,2024-05-11T22:59:34.239904,completed
10729,892,114,2,2024-05-11T22:59:34.239904,completed
10730,406,106,3,2024-01-29T08:57:51.334257,completed
10731,406,192,3,2024-01-29T08:57:51.334257,completed
10732,406,136,5,2024-01-29T08:57:51.334257,completed
10733,739,78,1,2024-02-04T19:12:21.214537,pending
10734,669,83,3,2024-06-01T04:15:43.144062,completed
10735,34,26,2,2024-05-07T14:21:59.439155,completed
10736,34,13,4,2024-05-07T14:21:59.439155,completed
10737,34,156,2,2024-05-07T14:21:59.439155,completed
10738,427,196,1,2025-08-02T12:22:56.658460,completed
10739,427,61,3,2025-08-02T12:22:56.658460,completed
10740,199,180,5,2024-07-24T18:38:48.563298,pending
10741,199,14,1,2024-07-24T18:38:48.563298,completed
10742,199,1,3,2024-07-24T18:38:48.563298,completed
10743,199,148,4,2024-07-24T18:38:48.563298,completed
10744,663,25,1,2024-11-13T12:03:08.302310,pending
10745,663,119,3,2024-11-13T12:03:08.302310,completed
10746,114,88,5,2025-01-13T03:56:02.612982,completed
10747,114,181,2,2025-01-13T03:56:02.612982,pending
10748,943,191,5,2025-04-24T14:58:10.575712,completed
10749,943,121,5,2025-04-24T14:58:10.575712,completed
10750,943,24,4,2025-04-24T14:58:10.575712,completed
10751,943,115,3,2025-04-24T14:58:10.575712,completed
10752,943,165,5,2025-04-24T14:58:10.575712,completed
10753,975,177,5,2024-03-02T20:30:41.763752,completed
10754,975,199,1,2024-03-02T20:30:41.763752,refunded
10755,703,185,1,2024-01-24T14:38:15.437226,completed
10756,703,93,5,2024-01-24T14:38:15.437226,completed
10757,703,151,2,2024-01-24T14:38:15.437226,completed
10758,667,125,5,2025-12-20T07:01:20.430610,completed
10759,911,74,5,2025-06-13T19:05:38.792660,completed
10760,911,165,3,2025-06-13T19:05:38.792660,completed
10761,911,128,1,2025-06-13T19:05:38.792660,completed
10762,911,8,3,2025-06-13T19:05:38.792660,cancelled
10763,891,39,5,2024-09-09T07:55:50.038969,completed
10764,891,190,3,2024-09-09T07:55:50.038969,completed
10765,891,86,4,2024-09-09T07:55:50.038969,pending
10766,392,2,4,2025-01-25T00:02:37.775601,completed
10767,392,148,1,2025-01-25T00:02:37.775601,completed
10768,392,67,3,2025-01-25T00:02:37.775601,completed
10769,669,116,5,2025-04-18T17:24:18.792440,completed
10770,669,29,2,2025-04-18T17:24:18.792440,completed
10771,779,162,4,2024-08-05T11:40:07.485581,completed
10772,779,169,1,2024-08-05T11:40:07.485581,completed
10773,447,6,2,2024-11-18T11:56:14.278396,completed
10774,447,190,1,2024-11-18T11:56:14.278396,completed
10775,447,31,1,2024-11-18T11:56:14.278396,completed
10776,447,7,5,2024-11-18T11:56:14.278396,completed
10777,447,156,5,2024-11-18T11:56:14.278396,completed
10778,479,13,2,2025-06-14T12:58:53.037534,refunded
10779,512,171,3,2025-05-21T01:38:30.631739,cancelled
10780,512,44,5,2025-05-21T01:38:30.631739,completed
10781,512,136,4,2025-05-21T01:38:30.631739,pending
10782,512,7,1,2025-05-21T01:38:30.631739,completed
10783,688,119,2,2024-06-11T08:22:06.224652,pending
10784,688,35,1,2024-06-11T08:22:06.224652,completed
10785,688,179,3,2024-06-11T08:22:06.224652,completed
10786,688,99,5,2024-06-11T08:22:06.224652,cancelled
10787,688,130,3,2024-06-11T08:22:06.224652,completed
10788,988,116,5,2025-07-27T11:47:42.738869,completed
10789,988,52,5,2025-07-27T11:47:42.738869,completed
10790,988,163,5,2025-07-27T11:47:42.738869,pending
10791,988,82,2,2025-07-27T11:47:42.738869,completed
10792,887,53,3,2024-08-14T17:52:02.763428,completed
10793,877,190,5,2025-09-28T09:41:59.531167,completed
10794,877,170,5,2025-09-28T09:41:59.531167,completed
10795,877,118,1,2025-09-28T09:41:59.531167,completed
10796,877,73,3,2025-09-28T09:41:59.531167,completed
10797,877,188,4,2025-09-28T09:41:59.531167,completed
10798,901,107,5,2024-03-17T08:52:54.463939,completed
10799,901,164,2,2024-03-17T08:52:54.463939,completed
10800,901,122,4,2024-03-17T08:52:54.463939,completed
10801,901,49,3,2024-03-17T08:52:54.463939,completed
10802,901,93,3,2024-03-17T08:52:54.463939,completed
10803,622,96,5,2025-01-31T19:39:04.264580,completed
10804,622,158,3,2025-01-31T19:39:04.264580,completed
10805,315,138,3,2025-12-01T06:05:56.803347,completed
10806,315,61,5,2025-12-01T06:05:56.803347,completed
10807,770,46,3,2025-03-01T12:11:10.193366,completed
10808,37,157,2,2024-03-01T17:43:39.866116,completed
10809,390,110,1,2024-10-12T23:12:22.010784,completed
10810,390,164,4,2024-10-12T23:12:22.010784,completed
10811,390,148,1,2024-10-12T23:12:22.010784,completed
10812,986,148,1,2025-03-13T08:52:32.740115,completed
10813,986,49,1,2025-03-13T08:52:32.740115,completed
10814,986,54,5,2025-03-13T08:52:32.740115,completed
10815,986,95,2,2025-03-13T08:52:32.740115,completed
10816,986,62,4,2025-03-13T08:52:32.740115,completed
10817,528,96,3,2025-10-11T21:55:58.248688,completed
10818,528,60,2,2025-10-11T21:55:58.248688,completed
10819,528,61,5,2025-10-11T21:55:58.248688,completed
10820,528,85,5,2025-10-11T21:55:58.248688,cancelled
10821,260,130,5,2024-07-02T21:53:43.344733,completed
10822,260,32,5,2024-07-02T21:53:43.344733,pending
10823,260,30,5,2024-07-02T21:53:43.344733,completed
10824,260,48,3,2024-07-02T21:53:43.344733,completed
10825,237,43,1,2024-04-10T11:47:59.067525,completed
10826,237,33,4,2024-04-10T11:47:59.067525,completed
10827,237,36,3,2024-04-10T11:47:59.067525,cancelled
10828,237,149,1,2024-04-10T11:47:59.067525,completed
10829,237,57,5,2024-04-10T11:47:59.067525,completed
10830,703,96,1,2024-10-20T12:56:40.901495,completed
10831,703,195,4,2024-10-20T12:56:40.901495,completed
10832,703,165,4,2024-10-20T12:56:40.901495,completed
10833,703,166,5,2024-10-20T12:56:40.901495,completed
10834,308,19,3,2025-05-03T21:55:22.243581,completed
10835,308,33,3,2025-05-03T21:55:22.243581,completed
10836,254,179,4,2025-11-02T21:33:47.545874,completed
10837,254,20,5,2025-11-02T21:33:47.545874,completed
10838,254,18,4,2025-11-02T21:33:47.545874,completed
10839,254,177,5,2025-11-02T21:33:47.545874,completed
10840,254,85,1,2025-11-02T21:33:47.545874,completed
10841,193,152,3,2025-10-21T01:27:13.049751,refunded
10842,193,180,2,2025-10-21T01:27:13.049751,pending
10843,193,96,3,2025-10-21T01:27:13.049751,completed
10844,193,116,5,2025-10-21T01:27:13.049751,completed
10845,549,118,3,2025-07-30T00:39:10.790558,completed
10846,549,2,4,2025-07-30T00:39:10.790558,completed
10847,549,134,3,2025-07-30T00:39:10.790558,completed
10848,549,138,5,2025-07-30T00:39:10.790558,completed
10849,280,28,1,2024-01-06T16:19:47.463145,completed
10850,280,16,2,2024-01-06T16:19:47.463145,pending
10851,280,184,5,2024-01-06T16:19:47.463145,completed
10852,638,90,5,2025-11-29T18:04:50.289415,completed
10853,638,72,1,2025-11-29T18:04:50.289415,completed
10854,538,130,5,2025-10-21T07:42:47.019572,pending
10855,630,157,2,2025-06-19T12:01:58.264354,cancelled
10856,630,160,5,2025-06-19T12:01:58.264354,completed
10857,630,165,4,2025-06-19T12:01:58.264354,refunded
10858,630,30,3,2025-06-19T12:01:58.264354,completed
10859,315,163,4,2025-12-07T10:13:15.885346,completed
10860,315,20,2,2025-12-07T10:13:15.885346,completed
10861,315,26,3,2025-12-07T10:13:15.885346,completed
10862,315,23,1,2025-12-07T10:13:15.885346,pending
10863,315,84,4,2025-12-07T10:13:15.885346,completed
10864,956,99,3,2024-09-23T22:05:04.315288,pending
10865,956,48,3,2024-09-23T22:05:04.315288,cancelled
10866,291,42,2,2025-03-14T19:40:25.009495,completed
10867,291,1,3,2025-03-14T19:40:25.009495,completed
10868,291,46,5,2025-03-14T19:40:25.009495,completed
10869,291,32,2,2025-03-14T19:40:25.009495,completed
10870,256,73,4,2024-01-02T13:28:44.172730,completed
10871,256,2,3,2024-01-02T13:28:44.172730,completed
10872,256,126,4,2024-01-02T13:28:44.172730,completed
10873,256,22,1,2024-01-02T13:28:44.172730,cancelled
10874,256,193,5,2024-01-02T13:28:44.172730,cancelled
10875,854,121,1,2025-10-04T20:26:19.152906,completed
10876,854,176,2,2025-10-04T20:26:19.152906,cancelled
10877,854,13,5,2025-10-04T20:26:19.152906,pending
10878,79,114,5,2025-09-29T18:00:40.605560,refunded
10879,367,101,2,2025-09-01T17:24:00.055040,completed
10880,77,162,1,2025-06-03T19:03:17.245983,completed
10881,77,196,1,2025-06-03T19:03:17.245983,cancelled
10882,77,189,2,2025-06-03T19:03:17.245983,completed
10883,110,87,5,2025-03-29T20:37:32.878451,completed
10884,110,103,5,2025-03-29T20:37:32.878451,completed
10885,110,18,3,2025-03-29T20:37:32.878451,completed
10886,110,99,1,2025-03-29T20:37:32.878451,completed
10887,978,70,2,2024-04-15T20:25:04.588037,completed
10888,978,32,4,2024-04-15T20:25:04.588037,completed
10889,978,50,1,2024-04-15T20:25:04.588037,completed
10890,349,18,3,2024-06-20T14:37:48.961480,completed
10891,349,85,4,2024-06-20T14:37:48.961480,completed
10892,349,111,1,2024-06-20T14:37:48.961480,completed
10893,349,179,4,2024-06-20T14:37:48.961480,completed
10894,349,195,5,2024-06-20T14:37:48.961480,completed
10895,338,189,5,2025-07-27T09:01:13.804658,completed
10896,338,78,1,2025-07-27T09:01:13.804658,pending
10897,884,165,1,2024-03-20T03:49:36.184926,completed
10898,164,150,3,2025-01-15T03:40:39.961439,completed
10899,164,156,1,2025-01-15T03:40:39.961439,completed
10900,164,70,2,2025-01-15T03:40:39.961439,pending
10901,164,129,3,2025-01-15T03:40:39.961439,completed
10902,164,29,4,2025-01-15T03:40:39.961439,cancelled
10903,596,149,3,2024-10-20T20:26:02.837563,pending
10904,596,31,4,2024-10-20T20:26:02.837563,completed
10905,6,42,1,2024-12-22T17:06:05.170316,completed
10906,310,39,1,2024-03-21T22:44:33.614408,completed
10907,519,180,5,2025-05-05T19:07:18.977914,refunded
10908,519,79,5,2025-05-05T19:07:18.977914,cancelled
10909,519,112,4,2025-05-05T19:07:18.977914,completed
10910,640,140,5,2025-03-27T05:00:41.274109,completed
10911,640,19,2,2025-03-27T05:00:41.274109,cancelled
10912,640,177,5,2025-03-27T05:00:41.274109,completed
10913,678,118,1,2024-12-19T14:49:47.690206,cancelled
10914,678,172,3,2024-12-19T14:49:47.690206,cancelled
10915,678,84,5,2024-12-19T14:49:47.690206,completed
10916,678,156,3,2024-12-19T14:49:47.690206,completed
10917,154,144,1,2025-10-28T17:42:14.283950,pending
10918,101,16,3,2024-10-09T16:17:34.742606,pending
10919,101,133,2,2024-10-09T16:17:34.742606,completed
10920,413,197,5,2025-04-09T00:55:55.385533,completed
10921,413,44,1,2025-04-09T00:55:55.385533,completed
10922,413,61,2,2025-04-09T00:55:55.385533,pending
10923,413,75,3,2025-04-09T00:55:55.385533,completed
10924,413,47,4,2025-04-09T00:55:55.385533,completed
10925,84,200,1,2024-09-24T06:44:08.320018,refunded
10926,84,41,3,2024-09-24T06:44:08.320018,completed
10927,856,41,4,2025-03-16T14:09:54.527156,completed
10928,856,62,1,2025-03-16T14:09:54.527156,pending
10929,856,138,4,2025-03-16T14:09:54.527156,completed
10930,319,159,2,2025-07-12T01:28:16.717820,completed
10931,319,188,5,2025-07-12T01:28:16.717820,completed
10932,506,182,1,2025-11-17T06:22:14.027773,refunded
10933,506,102,4,2025-11-17T06:22:14.027773,completed
10934,506,121,2,2025-11-17T06:22:14.027773,completed
10935,506,78,4,2025-11-17T06:22:14.027773,completed
10936,183,177,2,2024-01-12T05:01:43.737300,pending
10937,183,14,1,2024-01-12T05:01:43.737300,pending
10938,183,6,3,2024-01-12T05:01:43.737300,pending
10939,20,183,2,2024-05-10T07:59:40.728270,completed
10940,20,127,2,2024-05-10T07:59:40.728270,completed
10941,20,38,3,2024-05-10T07:59:40.728270,pending
10942,20,73,4,2024-05-10T07:59:40.728270,completed
10943,20,119,5,2024-05-10T07:59:40.728270,completed
10944,213,46,2,2024-07-05T21:35:18.720575,completed
10945,213,125,3,2024-07-05T21:35:18.720575,completed
10946,213,112,2,2024-07-05T21:35:18.720575,completed
10947,213,193,1,2024-07-05T21:35:18.720575,pending
10948,213,186,2,2024-07-05T21:35:18.720575,completed
10949,524,49,2,2025-02-11T11:08:45.626741,completed
10950,524,98,4,2025-02-11T11:08:45.626741,completed
10951,524,166,4,2025-02-11T11:08:45.626741,completed
10952,524,50,4,2025-02-11T11:08:45.626741,pending
10953,524,172,1,2025-02-11T11:08:45.626741,completed
10954,667,91,2,2025-11-01T01:05:14.999662,completed
10955,667,117,5,2025-11-01T01:05:14.999662,completed
10956,593,19,4,2024-02-22T00:34:22.084954,completed
10957,593,21,5,2024-02-22T00:34:22.084954,completed
10958,83,82,3,2023-12-23T18:46:55.036766,completed
10959,83,64,1,2023-12-23T18:46:55.036766,completed
10960,835,168,3,2024-08-29T03:42:01.531926,completed
10961,835,1,5,2024-08-29T03:42:01.531926,completed
10962,835,127,3,2024-08-29T03:42:01.531926,completed
10963,835,123,5,2024-08-29T03:42:01.531926,completed
10964,812,51,5,2024-06-06T05:53:15.024848,completed
10965,812,89,4,2024-06-06T05:53:15.024848,completed
10966,812,117,1,2024-06-06T05:53:15.024848,completed
10967,812,97,1,2024-06-06T05:53:15.024848,pending
10968,934,92,5,2025-04-17T13:26:28.246998,completed
10969,934,19,3,2025-04-17T13:26:28.246998,completed
10970,934,157,2,2025-04-17T13:26:28.246998,completed
10971,934,200,3,2025-04-17T13:26:28.246998,completed
10972,934,66,3,2025-04-17T13:26:28.246998,completed
10973,837,182,3,2025-03-28T04:14:37.126295,completed
10974,837,9,3,2025-03-28T04:14:37.126295,completed
10975,596,54,1,2025-10-24T19:15:47.746967,cancelled
10976,596,169,1,2025-10-24T19:15:47.746967,completed
10977,596,177,4,2025-10-24T19:15:47.746967,completed
10978,596,91,3,2025-10-24T19:15:47.746967,completed
10979,236,59,5,2025-11-11T20:17:34.180215,completed
10980,236,103,3,2025-11-11T20:17:34.180215,completed
10981,236,194,3,2025-11-11T20:17:34.180215,completed
10982,236,92,2,2025-11-11T20:17:34.180215,completed
10983,944,37,3,2024-09-02T20:28:10.658940,completed
10984,944,61,4,2024-09-02T20:28:10.658940,pending
10985,806,11,2,2024-03-24T13:09:44.141162,completed
10986,806,182,5,2024-03-24T13:09:44.141162,completed
10987,806,51,5,2024-03-24T13:09:44.141162,completed
10988,806,174,1,2024-03-24T13:09:44.141162,pending
10989,895,160,2,2024-03-26T20:36:50.227442,completed
10990,895,168,3,2024-03-26T20:36:50.227442,completed
10991,895,186,3,2024-03-26T20:36:50.227442,pending
10992,895,146,1,2024-03-26T20:36:50.227442,completed
10993,895,193,2,2024-03-26T20:36:50.227442,completed
10994,325,109,1,2025-03-23T04:11:43.730899,completed
10995,325,63,5,2025-03-23T04:11:43.730899,pending
10996,325,194,2,2025-03-23T04:11:43.730899,completed
10997,325,128,1,2025-03-23T04:11:43.730899,pending
10998,325,56,5,2025-03-23T04:11:43.730899,completed
10999,166,14,3,2024-01-25T20:30:20.610361,completed
11000,166,111,5,2024-01-25T20:30:20.610361,pending
11001,690,7,2,2024-05-15T22:42:24.414128,pending
11002,546,131,1,2024-04-05T10:14:32.683393,completed
11003,428,141,1,2024-01-24T00:09:12.981882,completed
11004,428,96,1,2024-01-24T00:09:12.981882,completed
11005,428,184,5,2024-01-24T00:09:12.981882,completed
11006,78,7,4,2025-04-05T09:21:40.503565,completed
11007,78,140,5,2025-04-05T09:21:40.503565,completed
11008,78,23,4,2025-04-05T09:21:40.503565,completed
11009,650,121,2,2024-11-23T09:07:09.527319,completed
11010,650,137,1,2024-11-23T09:07:09.527319,completed
11011,650,115,5,2024-11-23T09:07:09.527319,completed
11012,650,165,1,2024-11-23T09:07:09.527319,completed
11013,650,162,2,2024-11-23T09:07:09.527319,cancelled
11014,287,165,4,2025-08-29T09:51:17.961113,completed
11015,287,80,2,2025-08-29T09:51:17.961113,completed
11016,133,12,4,2025-02-01T04:19:45.349640,completed
11017,892,6,3,2025-03-14T16:36:27.441648,pending
11018,2,4,3,2025-06-09T20:40:10.763169,completed
11019,125,87,3,2024-06-23T13:16:50.717704,cancelled
11020,125,94,4,2024-06-23T13:16:50.717704,completed
11021,137,185,4,2024-05-08T17:48:30.245875,completed
11022,151,174,5,2024-11-23T05:13:41.798394,cancelled
11023,151,60,4,2024-11-23T05:13:41.798394,completed
11024,710,34,4,2024-03-19T03:15:37.177524,completed
11025,710,169,1,2024-03-19T03:15:37.177524,completed
11026,710,22,5,2024-03-19T03:15:37.177524,pending
11027,710,126,5,2024-03-19T03:15:37.177524,cancelled
11028,568,184,4,2025-03-10T14:00:13.461901,completed
11029,568,142,4,2025-03-10T14:00:13.461901,cancelled
11030,568,117,1,2025-03-10T14:00:13.461901,completed
11031,568,126,4,2025-03-10T14:00:13.461901,completed
11032,79,55,5,2024-02-23T12:01:18.138271,completed
11033,79,156,5,2024-02-23T12:01:18.138271,completed
11034,468,11,5,2024-08-21T10:07:09.819404,completed
11035,468,72,1,2024-08-21T10:07:09.819404,completed
11036,120,65,4,2025-10-09T02:03:06.723177,cancelled
11037,120,82,1,2025-10-09T02:03:06.723177,completed
11038,120,88,4,2025-10-09T02:03:06.723177,pending
11039,120,190,2,2025-10-09T02:03:06.723177,completed
11040,120,129,5,2025-10-09T02:03:06.723177,completed
11041,703,128,5,2025-08-04T15:49:55.280880,completed
11042,798,187,2,2024-08-18T20:51:23.243530,completed
11043,798,174,1,2024-08-18T20:51:23.243530,completed
11044,798,11,4,2024-08-18T20:51:23.243530,pending
11045,523,159,1,2025-12-17T09:28:28.041399,completed
11046,523,50,5,2025-12-17T09:28:28.041399,completed
11047,523,146,2,2025-12-17T09:28:28.041399,completed
11048,738,9,3,2025-09-27T02:49:23.559729,pending
11049,738,93,5,2025-09-27T02:49:23.559729,completed
11050,242,47,3,2025-07-29T09:45:25.315628,completed
11051,242,115,4,2025-07-29T09:45:25.315628,completed
11052,242,21,3,2025-07-29T09:45:25.315628,pending
11053,242,173,4,2025-07-29T09:45:25.315628,completed
11054,242,145,1,2025-07-29T09:45:25.315628,completed
11055,987,197,3,2024-01-06T19:08:18.526847,completed
11056,573,48,3,2025-10-30T02:36:38.663033,completed
11057,573,15,3,2025-10-30T02:36:38.663033,completed
11058,573,176,2,2025-10-30T02:36:38.663033,completed
11059,274,195,5,2025-10-18T06:14:47.817368,completed
11060,274,10,4,2025-10-18T06:14:47.817368,completed
11061,274,116,5,2025-10-18T06:14:47.817368,pending
11062,551,43,1,2025-11-12T05:47:00.242317,completed
11063,551,165,1,2025-11-12T05:47:00.242317,completed
11064,551,184,4,2025-11-12T05:47:00.242317,completed
11065,551,187,1,2025-11-12T05:47:00.242317,cancelled
11066,551,35,1,2025-11-12T05:47:00.242317,completed
11067,634,127,1,2024-10-07T17:23:59.967680,completed
11068,634,195,3,2024-10-07T17:23:59.967680,completed
11069,634,18,4,2024-10-07T17:23:59.967680,completed
11070,504,178,3,2025-07-31T17:21:53.303945,completed
11071,504,4,4,2025-07-31T17:21:53.303945,completed
11072,504,72,5,2025-07-31T17:21:53.303945,completed
11073,504,25,3,2025-07-31T17:21:53.303945,completed
11074,504,6,4,2025-07-31T17:21:53.303945,completed
11075,300,128,3,2024-01-22T00:40:01.229327,completed
11076,300,16,4,2024-01-22T00:40:01.229327,completed
11077,300,179,1,2024-01-22T00:40:01.229327,pending
11078,121,119,2,2025-01-27T11:26:57.753970,completed
11079,121,120,4,2025-01-27T11:26:57.753970,completed
11080,121,200,3,2025-01-27T11:26:57.753970,completed
11081,121,4,2,2025-01-27T11:26:57.753970,completed
11082,121,60,1,2025-01-27T11:26:57.753970,completed
11083,138,97,5,2024-04-25T16:29:00.852332,completed
11084,138,169,5,2024-04-25T16:29:00.852332,pending
11085,138,109,3,2024-04-25T16:29:00.852332,completed
11086,831,194,2,2025-11-03T04:00:03.030937,completed
11087,59,59,4,2024-05-01T20:12:37.489037,completed
11088,59,132,5,2024-05-01T20:12:37.489037,pending
11089,59,26,5,2024-05-01T20:12:37.489037,cancelled
11090,588,67,5,2023-12-30T07:00:51.271183,completed
11091,588,104,4,2023-12-30T07:00:51.271183,completed
11092,876,32,1,2025-07-15T00:58:49.923210,completed
11093,876,27,3,2025-07-15T00:58:49.923210,completed
11094,876,175,2,2025-07-15T00:58:49.923210,completed
11095,876,50,3,2025-07-15T00:58:49.923210,cancelled
11096,876,16,4,2025-07-15T00:58:49.923210,pending
11097,100,32,1,2025-08-30T19:23:46.033107,pending
11098,100,43,4,2025-08-30T19:23:46.033107,completed
11099,100,119,2,2025-08-30T19:23:46.033107,completed
11100,100,95,4,2025-08-30T19:23:46.033107,completed
11101,100,153,2,2025-08-30T19:23:46.033107,completed
11102,391,76,2,2025-09-28T10:48:57.275059,completed
11103,391,8,3,2025-09-28T10:48:57.275059,completed
11104,391,177,2,2025-09-28T10:48:57.275059,completed
11105,391,85,1,2025-09-28T10:48:57.275059,pending
11106,265,164,1,2024-06-30T10:06:04.348786,completed
11107,857,164,2,2025-11-17T06:38:56.401896,completed
11108,12,27,5,2024-10-07T12:14:27.532170,completed
11109,12,64,1,2024-10-07T12:14:27.532170,completed
11110,12,189,2,2024-10-07T12:14:27.532170,completed
11111,12,103,3,2024-10-07T12:14:27.532170,completed
11112,663,113,3,2025-12-05T14:52:52.418373,pending
11113,663,168,5,2025-12-05T14:52:52.418373,completed
11114,663,63,2,2025-12-05T14:52:52.418373,completed
11115,663,192,4,2025-12-05T14:52:52.418373,completed
11116,853,28,5,2025-11-25T14:51:08.779406,completed
11117,853,176,5,2025-11-25T14:51:08.779406,completed
11118,853,81,2,2025-11-25T14:51:08.779406,completed
11119,853,172,1,2025-11-25T14:51:08.779406,completed
11120,872,81,3,2024-01-20T09:02:59.122455,completed
11121,872,54,2,2024-01-20T09:02:59.122455,completed
11122,872,113,2,2024-01-20T09:02:59.122455,completed
11123,640,16,3,2025-02-16T07:29:44.424489,pending
11124,640,137,5,2025-02-16T07:29:44.424489,pending
11125,640,28,3,2025-02-16T07:29:44.424489,cancelled
11126,188,35,3,2024-06-25T19:24:03.387887,completed
11127,188,50,5,2024-06-25T19:24:03.387887,completed
11128,357,15,3,2024-02-19T21:24:11.464187,pending
11129,357,178,2,2024-02-19T21:24:11.464187,completed
11130,357,53,1,2024-02-19T21:24:11.464187,completed
11131,357,172,4,2024-02-19T21:24:11.464187,completed
11132,357,189,4,2024-02-19T21:24:11.464187,completed
11133,521,150,4,2024-12-22T03:24:11.491306,pending
11134,370,76,2,2025-06-05T05:32:14.291773,completed
11135,370,34,4,2025-06-05T05:32:14.291773,completed
11136,370,92,4,2025-06-05T05:32:14.291773,completed
11137,798,145,5,2024-12-23T21:10:50.665894,completed
11138,798,100,3,2024-12-23T21:10:50.665894,completed
11139,798,68,1,2024-12-23T21:10:50.665894,completed
11140,9,146,4,2024-11-03T04:21:19.325065,completed
11141,9,137,4,2024-11-03T04:21:19.325065,completed
11142,9,131,4,2024-11-03T04:21:19.325065,completed
11143,9,35,3,2024-11-03T04:21:19.325065,pending
11144,509,152,3,2025-11-23T08:27:58.440500,completed
11145,509,59,4,2025-11-23T08:27:58.440500,completed
11146,509,144,1,2025-11-23T08:27:58.440500,completed
11147,509,91,1,2025-11-23T08:27:58.440500,pending
11148,261,120,2,2024-06-27T13:38:43.630240,pending
11149,260,188,4,2024-01-15T17:10:58.969149,completed
11150,260,51,4,2024-01-15T17:10:58.969149,completed
11151,260,155,5,2024-01-15T17:10:58.969149,pending
11152,834,37,3,2025-10-08T19:15:28.861506,completed
11153,834,162,4,2025-10-08T19:15:28.861506,completed
11154,407,93,1,2024-08-17T10:36:14.280119,completed
11155,407,172,3,2024-08-17T10:36:14.280119,completed
11156,703,199,3,2025-08-26T06:41:15.468262,completed
11157,703,15,2,2025-08-26T06:41:15.468262,completed
11158,703,56,5,2025-08-26T06:41:15.468262,completed
11159,703,34,5,2025-08-26T06:41:15.468262,completed
11160,544,69,5,2024-10-31T02:05:04.658039,completed
11161,544,40,2,2024-10-31T02:05:04.658039,completed
11162,544,118,2,2024-10-31T02:05:04.658039,completed
11163,806,152,3,2024-03-28T05:21:46.171218,completed
11164,806,68,3,2024-03-28T05:21:46.171218,completed
11165,806,146,3,2024-03-28T05:21:46.171218,completed
11166,806,107,3,2024-03-28T05:21:46.171218,pending
11167,751,30,1,2024-12-31T00:21:22.768764,completed
11168,751,45,3,2024-12-31T00:21:22.768764,completed
11169,751,115,2,2024-12-31T00:21:22.768764,completed
11170,751,186,1,2024-12-31T00:21:22.768764,completed
11171,751,50,2,2024-12-31T00:21:22.768764,pending
11172,955,7,5,2024-12-14T10:37:47.665896,cancelled
11173,955,42,4,2024-12-14T10:37:47.665896,pending
11174,955,55,2,2024-12-14T10:37:47.665896,completed
11175,105,105,3,2024-12-26T12:17:17.899069,refunded
11176,105,70,3,2024-12-26T12:17:17.899069,completed
11177,105,182,4,2024-12-26T12:17:17.899069,completed
11178,105,8,3,2024-12-26T12:17:17.899069,completed
11179,168,97,1,2024-12-27T19:41:32.732246,completed
11180,168,60,2,2024-12-27T19:41:32.732246,completed
11181,168,130,2,2024-12-27T19:41:32.732246,completed
11182,168,21,5,2024-12-27T19:41:32.732246,completed
11183,168,32,4,2024-12-27T19:41:32.732246,completed
11184,299,151,5,2025-06-04T17:45:33.610465,refunded
11185,299,92,2,2025-06-04T17:45:33.610465,completed
11186,299,44,4,2025-06-04T17:45:33.610465,completed
11187,814,47,2,2024-09-24T04:46:27.086655,completed
11188,814,53,3,2024-09-24T04:46:27.086655,completed
11189,814,160,2,2024-09-24T04:46:27.086655,pending
11190,902,50,4,2024-10-26T19:34:26.525893,completed
11191,902,188,2,2024-10-26T19:34:26.525893,completed
11192,902,35,5,2024-10-26T19:34:26.525893,completed
11193,902,184,3,2024-10-26T19:34:26.525893,completed
11194,13,98,4,2025-12-07T16:04:21.466173,completed
11195,13,1,2,2025-12-07T16:04:21.466173,completed
11196,199,179,5,2025-12-03T08:48:36.589244,completed
11197,199,134,4,2025-12-03T08:48:36.589244,refunded
11198,199,99,3,2025-12-03T08:48:36.589244,completed
11199,509,93,3,2025-03-20T08:34:38.431845,completed
11200,115,92,2,2024-06-11T13:10:26.683239,completed
11201,582,50,1,2024-05-19T10:16:36.611730,completed
11202,582,17,5,2024-05-19T10:16:36.611730,refunded
11203,582,143,1,2024-05-19T10:16:36.611730,completed
11204,582,117,2,2024-05-19T10:16:36.611730,pending
11205,582,57,4,2024-05-19T10:16:36.611730,completed
11206,850,27,5,2025-04-15T08:01:33.054492,completed
11207,850,34,2,2025-04-15T08:01:33.054492,pending
11208,282,190,3,2024-01-28T06:32:37.724002,completed
11209,53,176,4,2025-04-06T16:19:11.352276,completed
11210,53,177,3,2025-04-06T16:19:11.352276,completed
11211,850,135,2,2025-09-27T10:58:35.442714,completed
11212,734,1,5,2024-03-30T18:59:01.236130,completed
11213,155,8,4,2025-02-25T01:59:08.260875,completed
11214,155,144,2,2025-02-25T01:59:08.260875,cancelled
11215,125,150,2,2025-09-27T05:13:21.328016,completed
11216,125,193,3,2025-09-27T05:13:21.328016,completed
11217,125,72,1,2025-09-27T05:13:21.328016,completed
11218,125,89,2,2025-09-27T05:13:21.328016,completed
11219,125,47,3,2025-09-27T05:13:21.328016,pending
11220,929,133,4,2025-12-14T19:04:32.372800,completed
11221,929,185,5,2025-12-14T19:04:32.372800,completed
11222,929,119,2,2025-12-14T19:04:32.372800,completed
11223,929,90,5,2025-12-14T19:04:32.372800,completed
11224,929,30,1,2025-12-14T19:04:32.372800,completed
11225,885,155,3,2025-07-26T20:47:36.320499,cancelled
11226,477,4,3,2025-09-15T02:28:01.851895,completed
11227,477,44,2,2025-09-15T02:28:01.851895,cancelled
11228,477,188,1,2025-09-15T02:28:01.851895,completed
11229,641,109,4,2025-01-30T02:27:59.002213,completed
11230,641,127,5,2025-01-30T02:27:59.002213,completed
11231,641,167,1,2025-01-30T02:27:59.002213,completed
11232,641,90,5,2025-01-30T02:27:59.002213,completed
11233,641,133,3,2025-01-30T02:27:59.002213,completed
11234,304,113,5,2023-12-27T14:38:05.435884,completed
11235,304,46,4,2023-12-27T14:38:05.435884,completed
11236,304,64,2,2023-12-27T14:38:05.435884,completed
11237,304,101,3,2023-12-27T14:38:05.435884,completed
11238,304,106,1,2023-12-27T14:38:05.435884,completed
11239,707,11,2,2024-07-12T01:46:02.602002,completed
11240,707,79,3,2024-07-12T01:46:02.602002,completed
11241,332,175,3,2025-08-18T18:17:32.256732,cancelled
11242,150,125,4,2024-07-10T08:36:12.361958,completed
11243,199,155,3,2025-06-23T04:05:49.656342,completed
11244,199,52,4,2025-06-23T04:05:49.656342,completed
11245,199,147,1,2025-06-23T04:05:49.656342,completed
11246,916,173,3,2025-10-10T05:48:29.221933,completed
11247,916,178,4,2025-10-10T05:48:29.221933,completed
11248,916,108,1,2025-10-10T05:48:29.221933,cancelled
11249,916,145,1,2025-10-10T05:48:29.221933,completed
11250,916,131,4,2025-10-10T05:48:29.221933,completed
11251,155,75,5,2024-02-17T02:57:26.377690,completed
11252,155,24,5,2024-02-17T02:57:26.377690,completed
11253,155,130,5,2024-02-17T02:57:26.377690,pending
11254,155,115,2,2024-02-17T02:57:26.377690,completed
11255,54,41,3,2025-02-14T17:44:02.039554,completed
11256,900,111,3,2024-01-01T05:07:24.015121,completed
11257,687,134,5,2024-12-26T17:12:28.759778,completed
11258,687,38,4,2024-12-26T17:12:28.759778,completed
11259,687,67,1,2024-12-26T17:12:28.759778,completed
11260,687,64,5,2024-12-26T17:12:28.759778,completed
11261,687,113,3,2024-12-26T17:12:28.759778,completed
11262,522,96,4,2024-05-20T09:15:32.965154,pending
11263,522,101,5,2024-05-20T09:15:32.965154,completed
11264,522,149,1,2024-05-20T09:15:32.965154,pending
11265,522,46,2,2024-05-20T09:15:32.965154,completed
11266,972,121,3,2024-03-18T12:28:25.322354,completed
11267,972,54,1,2024-03-18T12:28:25.322354,completed
11268,399,48,1,2025-05-30T15:29:23.932762,completed
11269,399,19,3,2025-05-30T15:29:23.932762,completed
11270,399,40,5,2025-05-30T15:29:23.932762,pending
11271,399,64,3,2025-05-30T15:29:23.932762,completed
11272,118,60,3,2024-06-25T04:56:33.400229,completed
11273,118,37,4,2024-06-25T04:56:33.400229,completed
11274,118,181,1,2024-06-25T04:56:33.400229,completed
11275,804,86,4,2025-12-16T14:41:31.033927,pending
11276,218,168,2,2025-02-21T15:19:43.458104,completed
11277,218,156,3,2025-02-21T15:19:43.458104,completed
11278,218,12,2,2025-02-21T15:19:43.458104,pending
11279,218,179,4,2025-02-21T15:19:43.458104,completed
11280,194,151,3,2025-12-13T08:41:00.598528,completed
11281,194,132,5,2025-12-13T08:41:00.598528,completed
11282,912,114,4,2024-08-12T15:18:12.069177,pending
11283,912,185,4,2024-08-12T15:18:12.069177,completed
11284,912,113,4,2024-08-12T15:18:12.069177,completed
11285,912,8,4,2024-08-12T15:18:12.069177,completed
11286,912,189,3,2024-08-12T15:18:12.069177,completed
11287,254,9,5,2024-06-17T13:34:45.327078,completed
11288,254,14,4,2024-06-17T13:34:45.327078,refunded
11289,254,72,3,2024-06-17T13:34:45.327078,completed
11290,254,188,5,2024-06-17T13:34:45.327078,completed
11291,677,62,4,2024-04-22T00:34:45.599989,completed
11292,677,129,1,2024-04-22T00:34:45.599989,cancelled
11293,677,180,4,2024-04-22T00:34:45.599989,completed
11294,677,118,3,2024-04-22T00:34:45.599989,pending
11295,757,66,4,2025-05-28T14:52:38.550522,completed
11296,757,96,5,2025-05-28T14:52:38.550522,completed
11297,757,129,5,2025-05-28T14:52:38.550522,completed
11298,315,71,2,2024-07-19T16:12:05.693541,completed
11299,371,161,3,2024-02-12T13:50:50.216889,completed
11300,371,17,5,2024-02-12T13:50:50.216889,completed
11301,482,108,3,2025-05-23T12:51:15.887327,completed
11302,482,54,2,2025-05-23T12:51:15.887327,completed
11303,165,53,2,2024-03-19T02:11:02.990009,completed
11304,165,183,5,2024-03-19T02:11:02.990009,pending
11305,537,32,5,2024-11-20T16:13:57.965652,completed
11306,537,81,1,2024-11-20T16:13:57.965652,completed
11307,842,55,2,2025-02-04T11:14:20.214610,completed
11308,7,184,3,2024-01-24T20:22:13.139740,cancelled
11309,7,70,3,2024-01-24T20:22:13.139740,completed
11310,7,131,4,2024-01-24T20:22:13.139740,completed
11311,850,29,4,2024-09-10T03:38:54.203305,completed
11312,850,188,3,2024-09-10T03:38:54.203305,completed
11313,850,119,5,2024-09-10T03:38:54.203305,completed
11314,237,22,3,2024-08-01T15:51:47.325364,completed
11315,237,26,4,2024-08-01T15:51:47.325364,completed
11316,237,103,4,2024-08-01T15:51:47.325364,completed
11317,237,176,4,2024-08-01T15:51:47.325364,cancelled
11318,237,190,4,2024-08-01T15:51:47.325364,completed
11319,395,65,5,2024-03-23T13:18:42.033614,completed
11320,395,124,1,2024-03-23T13:18:42.033614,completed
11321,395,101,3,2024-03-23T13:18:42.033614,pending
11322,395,12,2,2024-03-23T13:18:42.033614,completed
11323,319,83,4,2024-06-12T19:12:51.353018,completed
11324,319,48,3,2024-06-12T19:12:51.353018,completed
11325,319,19,5,2024-06-12T19:12:51.353018,completed
11326,542,152,5,2024-09-07T18:08:27.812815,completed
11327,542,143,2,2024-09-07T18:08:27.812815,completed
11328,307,37,4,2024-02-26T20:43:36.939692,completed
11329,307,43,5,2024-02-26T20:43:36.939692,completed
11330,307,2,1,2024-02-26T20:43:36.939692,completed
11331,622,153,4,2025-06-10T03:41:27.276072,completed
11332,622,138,2,2025-06-10T03:41:27.276072,completed
11333,443,9,4,2024-12-01T08:43:50.403304,completed
11334,443,16,4,2024-12-01T08:43:50.403304,pending
11335,443,98,4,2024-12-01T08:43:50.403304,completed
11336,39,42,3,2025-04-01T03:57:49.455038,completed
11337,39,23,2,2025-04-01T03:57:49.455038,completed
11338,714,146,2,2025-08-10T23:51:18.811826,pending
11339,714,62,1,2025-08-10T23:51:18.811826,completed
11340,115,68,3,2024-08-19T00:20:09.778409,completed
11341,115,172,3,2024-08-19T00:20:09.778409,completed
11342,115,6,4,2024-08-19T00:20:09.778409,completed
11343,115,103,2,2024-08-19T00:20:09.778409,completed
11344,115,91,3,2024-08-19T00:20:09.778409,completed
11345,403,88,1,2024-05-30T10:17:08.015627,completed
11346,422,118,5,2025-04-14T05:50:06.726587,completed
11347,422,65,1,2025-04-14T05:50:06.726587,cancelled
11348,422,89,5,2025-04-14T05:50:06.726587,pending
11349,422,117,2,2025-04-14T05:50:06.726587,completed
11350,422,182,4,2025-04-14T05:50:06.726587,completed
11351,92,85,4,2024-10-03T15:23:26.776143,cancelled
11352,92,90,5,2024-10-03T15:23:26.776143,completed
11353,898,169,5,2023-12-26T15:55:54.826741,completed
11354,898,53,5,2023-12-26T15:55:54.826741,completed
11355,907,112,5,2025-01-30T12:38:43.653101,cancelled
11356,907,171,3,2025-01-30T12:38:43.653101,cancelled
11357,907,65,4,2025-01-30T12:38:43.653101,cancelled
11358,907,18,1,2025-01-30T12:38:43.653101,completed
11359,907,119,5,2025-01-30T12:38:43.653101,refunded
11360,794,34,3,2025-09-12T11:16:17.641560,completed
11361,794,68,4,2025-09-12T11:16:17.641560,completed
11362,794,109,2,2025-09-12T11:16:17.641560,completed
11363,794,155,4,2025-09-12T11:16:17.641560,pending
11364,701,73,1,2025-06-27T11:35:05.105983,completed
11365,701,36,5,2025-06-27T11:35:05.105983,completed
11366,701,111,4,2025-06-27T11:35:05.105983,completed
11367,701,135,5,2025-06-27T11:35:05.105983,pending
11368,701,93,1,2025-06-27T11:35:05.105983,completed
11369,899,34,4,2024-10-11T01:40:01.675213,pending
11370,622,174,5,2025-03-22T19:17:36.042988,completed
11371,738,3,5,2025-06-19T12:03:40.487046,cancelled
11372,738,49,4,2025-06-19T12:03:40.487046,completed
11373,938,32,3,2024-10-18T06:31:03.935399,completed
11374,938,199,5,2024-10-18T06:31:03.935399,completed
11375,281,188,3,2025-07-27T02:14:16.815537,pending
11376,281,98,3,2025-07-27T02:14:16.815537,completed
11377,281,44,2,2025-07-27T02:14:16.815537,completed
11378,97,87,2,2024-09-23T12:39:38.485881,completed
11379,97,109,3,2024-09-23T12:39:38.485881,completed
11380,97,105,2,2024-09-23T12:39:38.485881,completed
11381,97,56,2,2024-09-23T12:39:38.485881,completed
11382,331,173,1,2025-04-16T16:04:01.055988,cancelled
11383,331,138,1,2025-04-16T16:04:01.055988,completed
11384,659,81,3,2025-02-26T02:55:58.750785,completed
11385,659,153,3,2025-02-26T02:55:58.750785,pending
11386,659,194,1,2025-02-26T02:55:58.750785,completed
11387,659,135,3,2025-02-26T02:55:58.750785,completed
11388,195,13,3,2024-04-20T18:57:39.747286,completed
11389,195,125,5,2024-04-20T18:57:39.747286,completed
11390,195,72,2,2024-04-20T18:57:39.747286,cancelled
11391,528,150,5,2025-07-08T13:20:53.329133,completed
11392,477,36,3,2025-11-06T01:23:42.170744,completed
11393,310,23,5,2025-01-14T14:30:36.118056,completed
11394,310,7,4,2025-01-14T14:30:36.118056,completed
11395,571,61,3,2024-05-04T12:04:04.330871,completed
11396,571,174,2,2024-05-04T12:04:04.330871,cancelled
11397,133,122,4,2025-09-28T02:00:01.167058,completed
11398,133,162,3,2025-09-28T02:00:01.167058,completed
11399,133,165,4,2025-09-28T02:00:01.167058,completed
11400,133,57,2,2025-09-28T02:00:01.167058,completed
11401,488,87,3,2025-01-07T20:11:08.568382,completed
11402,488,83,1,2025-01-07T20:11:08.568382,completed
11403,961,47,4,2024-04-19T07:01:56.013991,completed
11404,109,175,2,2025-01-15T20:45:19.392100,completed
11405,109,64,5,2025-01-15T20:45:19.392100,completed
11406,109,149,2,2025-01-15T20:45:19.392100,completed
11407,184,182,3,2023-12-22T02:57:13.655218,completed
11408,184,14,1,2023-12-22T02:57:13.655218,completed
11409,184,36,3,2023-12-22T02:57:13.655218,pending
11410,184,18,2,2023-12-22T02:57:13.655218,completed
11411,584,112,2,2025-06-30T23:46:49.885260,completed
11412,876,157,3,2025-01-08T20:49:14.942439,pending
11413,876,165,4,2025-01-08T20:49:14.942439,completed
11414,876,85,5,2025-01-08T20:49:14.942439,completed
11415,876,130,2,2025-01-08T20:49:14.942439,completed
11416,876,47,5,2025-01-08T20:49:14.942439,pending
11417,227,29,4,2024-04-11T15:10:31.322150,completed
11418,227,177,2,2024-04-11T15:10:31.322150,completed
11419,227,154,3,2024-04-11T15:10:31.322150,completed
11420,227,38,1,2024-04-11T15:10:31.322150,cancelled
11421,822,22,1,2024-09-18T19:02:05.316120,completed
11422,822,190,2,2024-09-18T19:02:05.316120,refunded
11423,35,168,5,2024-01-20T10:23:18.868314,completed
11424,35,185,1,2024-01-20T10:23:18.868314,completed
11425,35,173,3,2024-01-20T10:23:18.868314,completed
11426,35,84,3,2024-01-20T10:23:18.868314,pending
11427,402,75,2,2025-10-07T02:53:43.935736,completed
11428,402,65,5,2025-10-07T02:53:43.935736,pending
11429,402,54,4,2025-10-07T02:53:43.935736,completed
11430,259,41,1,2024-12-30T14:06:57.888307,completed
11431,259,177,4,2024-12-30T14:06:57.888307,completed
11432,170,102,3,2024-10-27T22:19:34.667624,completed
11433,170,184,5,2024-10-27T22:19:34.667624,completed
11434,170,129,5,2024-10-27T22:19:34.667624,cancelled
11435,170,62,4,2024-10-27T22:19:34.667624,cancelled
11436,328,28,2,2025-06-04T08:46:49.118176,completed
11437,328,15,3,2025-06-04T08:46:49.118176,completed
11438,328,155,1,2025-06-04T08:46:49.118176,completed
11439,328,56,1,2025-06-04T08:46:49.118176,pending
11440,682,55,5,2025-05-01T18:35:53.443912,completed
11441,682,163,4,2025-05-01T18:35:53.443912,completed
11442,682,36,4,2025-05-01T18:35:53.443912,cancelled
11443,682,88,3,2025-05-01T18:35:53.443912,completed
11444,379,106,3,2025-08-19T13:29:39.105182,cancelled
11445,379,31,1,2025-08-19T13:29:39.105182,completed
11446,379,123,3,2025-08-19T13:29:39.105182,pending
11447,379,43,2,2025-08-19T13:29:39.105182,completed
11448,379,142,3,2025-08-19T13:29:39.105182,pending
11449,363,136,3,2024-12-09T04:46:47.765261,completed
11450,363,73,4,2024-12-09T04:46:47.765261,completed
11451,363,198,3,2024-12-09T04:46:47.765261,completed
11452,363,17,3,2024-12-09T04:46:47.765261,completed
11453,322,132,3,2024-10-15T01:57:07.946198,completed
11454,747,102,3,2024-12-16T16:29:17.946918,completed
11455,747,146,5,2024-12-16T16:29:17.946918,completed
11456,747,173,5,2024-12-16T16:29:17.946918,completed
11457,747,99,4,2024-12-16T16:29:17.946918,completed
11458,805,181,4,2024-01-03T10:33:53.515394,completed
11459,805,57,2,2024-01-03T10:33:53.515394,completed
11460,864,189,2,2025-11-13T05:42:44.340453,completed
11461,864,70,5,2025-11-13T05:42:44.340453,completed
11462,864,133,2,2025-11-13T05:42:44.340453,completed
11463,864,66,3,2025-11-13T05:42:44.340453,completed
11464,492,163,2,2024-07-11T09:59:00.161841,completed
11465,492,95,4,2024-07-11T09:59:00.161841,completed
11466,492,185,3,2024-07-11T09:59:00.161841,completed
11467,492,51,2,2024-07-11T09:59:00.161841,cancelled
11468,492,117,3,2024-07-11T09:59:00.161841,completed
11469,190,121,4,2025-07-28T13:55:06.905475,completed
11470,190,12,5,2025-07-28T13:55:06.905475,completed
11471,190,140,1,2025-07-28T13:55:06.905475,completed
11472,190,20,2,2025-07-28T13:55:06.905475,completed
11473,190,57,2,2025-07-28T13:55:06.905475,completed
11474,688,156,2,2024-05-28T18:48:29.491290,completed
11475,688,40,3,2024-05-28T18:48:29.491290,completed
11476,734,146,5,2025-12-01T02:48:46.276198,completed
11477,734,101,4,2025-12-01T02:48:46.276198,pending
11478,734,35,5,2025-12-01T02:48:46.276198,pending
11479,203,14,3,2025-06-09T04:00:50.610557,completed
11480,203,140,4,2025-06-09T04:00:50.610557,completed
11481,203,120,5,2025-06-09T04:00:50.610557,completed
11482,203,138,4,2025-06-09T04:00:50.610557,completed
11483,203,55,3,2025-06-09T04:00:50.610557,completed
11484,442,97,5,2025-02-12T15:08:31.641143,completed
11485,442,156,1,2025-02-12T15:08:31.641143,completed
11486,442,80,5,2025-02-12T15:08:31.641143,completed
11487,442,177,2,2025-02-12T15:08:31.641143,completed
11488,518,175,3,2025-08-18T22:33:11.218179,cancelled
11489,518,191,1,2025-08-18T22:33:11.218179,completed
11490,344,47,5,2024-12-01T21:12:32.663945,completed
11491,344,86,2,2024-12-01T21:12:32.663945,completed
11492,344,163,5,2024-12-01T21:12:32.663945,completed
11493,344,110,2,2024-12-01T21:12:32.663945,completed
11494,344,43,2,2024-12-01T21:12:32.663945,completed
11495,753,125,3,2024-04-06T00:07:41.190404,completed
11496,753,63,4,2024-04-06T00:07:41.190404,cancelled
11497,840,183,3,2024-06-06T17:23:46.329408,completed
11498,840,43,2,2024-06-06T17:23:46.329408,completed
11499,840,122,2,2024-06-06T17:23:46.329408,completed
11500,840,15,3,2024-06-06T17:23:46.329408,pending
11501,840,187,4,2024-06-06T17:23:46.329408,completed
11502,108,91,1,2025-03-29T15:53:40.636914,cancelled
11503,306,187,1,2024-02-18T05:35:44.169596,refunded
11504,306,191,5,2024-02-18T05:35:44.169596,completed
11505,306,99,5,2024-02-18T05:35:44.169596,pending
11506,306,23,4,2024-02-18T05:35:44.169596,completed
11507,306,140,5,2024-02-18T05:35:44.169596,completed
11508,979,158,5,2024-12-03T19:21:08.698881,pending
11509,979,44,3,2024-12-03T19:21:08.698881,pending
11510,979,70,2,2024-12-03T19:21:08.698881,completed
11511,979,65,5,2024-12-03T19:21:08.698881,completed
11512,533,160,1,2025-10-06T08:24:20.636060,completed
11513,533,182,3,2025-10-06T08:24:20.636060,completed
11514,533,83,5,2025-10-06T08:24:20.636060,refunded
11515,533,107,2,2025-10-06T08:24:20.636060,completed
11516,241,140,2,2025-05-03T08:39:14.996955,completed
11517,125,149,4,2025-05-21T22:39:34.205600,completed
11518,125,190,1,2025-05-21T22:39:34.205600,pending
11519,125,49,2,2025-05-21T22:39:34.205600,completed
11520,125,69,4,2025-05-21T22:39:34.205600,completed
11521,804,162,5,2025-03-03T00:22:41.626065,pending
11522,804,157,1,2025-03-03T00:22:41.626065,completed
11523,898,41,1,2024-04-14T19:56:01.600789,completed
11524,898,8,1,2024-04-14T19:56:01.600789,completed
11525,376,8,2,2024-12-22T08:08:06.928642,completed
11526,376,2,1,2024-12-22T08:08:06.928642,completed
11527,222,50,2,2025-03-19T18:45:54.998286,pending
11528,405,174,3,2024-07-08T11:47:20.401514,completed
11529,405,18,5,2024-07-08T11:47:20.401514,completed
11530,82,125,2,2025-05-21T12:27:38.550269,completed
11531,82,12,5,2025-05-21T12:27:38.550269,completed
11532,437,48,5,2025-11-25T03:05:19.183972,completed
11533,437,9,1,2025-11-25T03:05:19.183972,pending
11534,437,29,2,2025-11-25T03:05:19.183972,completed
11535,437,47,4,2025-11-25T03:05:19.183972,completed
11536,328,148,1,2024-02-22T11:42:37.931994,completed
11537,328,179,1,2024-02-22T11:42:37.931994,completed
11538,328,177,1,2024-02-22T11:42:37.931994,cancelled
11539,328,4,4,2024-02-22T11:42:37.931994,pending
11540,864,194,3,2025-05-04T22:23:04.934926,pending
11541,864,45,5,2025-05-04T22:23:04.934926,completed
11542,224,200,3,2025-05-19T11:39:46.068450,completed
11543,224,124,4,2025-05-19T11:39:46.068450,completed
11544,224,30,5,2025-05-19T11:39:46.068450,completed
11545,224,96,4,2025-05-19T11:39:46.068450,refunded
11546,224,19,1,2025-05-19T11:39:46.068450,pending
11547,707,116,5,2024-07-20T14:43:04.128793,cancelled
11548,707,3,1,2024-07-20T14:43:04.128793,pending
11549,707,35,1,2024-07-20T14:43:04.128793,completed
11550,707,124,2,2024-07-20T14:43:04.128793,completed
11551,707,37,5,2024-07-20T14:43:04.128793,completed
11552,891,187,5,2025-01-08T14:10:36.199759,completed
11553,891,52,2,2025-01-08T14:10:36.199759,pending
11554,891,73,2,2025-01-08T14:10:36.199759,completed
11555,891,161,1,2025-01-08T14:10:36.199759,completed
11556,891,183,5,2025-01-08T14:10:36.199759,pending
11557,220,68,1,2025-05-03T12:36:04.985100,completed
11558,220,179,2,2025-05-03T12:36:04.985100,completed
11559,773,48,4,2025-12-07T20:00:04.642432,completed
11560,773,183,2,2025-12-07T20:00:04.642432,completed
11561,773,116,1,2025-12-07T20:00:04.642432,pending
11562,91,29,4,2024-04-13T06:14:00.654065,completed
11563,91,26,3,2024-04-13T06:14:00.654065,completed
11564,170,191,1,2024-11-09T02:33:25.834401,completed
11565,170,56,1,2024-11-09T02:33:25.834401,completed
11566,170,43,5,2024-11-09T02:33:25.834401,completed
11567,170,99,4,2024-11-09T02:33:25.834401,refunded
11568,170,127,4,2024-11-09T02:33:25.834401,completed
11569,760,106,2,2025-06-28T13:25:18.691894,completed
11570,760,189,3,2025-06-28T13:25:18.691894,completed
11571,760,35,4,2025-06-28T13:25:18.691894,pending
11572,760,154,2,2025-06-28T13:25:18.691894,completed
11573,760,2,2,2025-06-28T13:25:18.691894,completed
11574,175,11,5,2025-08-24T20:12:00.766088,completed
11575,175,158,4,2025-08-24T20:12:00.766088,completed
11576,954,54,3,2025-04-10T03:45:33.204254,cancelled
11577,954,165,1,2025-04-10T03:45:33.204254,completed
11578,954,6,2,2025-04-10T03:45:33.204254,completed
11579,535,200,3,2025-07-19T23:01:30.467894,completed
11580,535,20,3,2025-07-19T23:01:30.467894,completed
11581,535,16,1,2025-07-19T23:01:30.467894,completed
11582,514,42,4,2025-03-16T23:33:07.715062,cancelled
11583,514,141,4,2025-03-16T23:33:07.715062,completed
11584,514,75,4,2025-03-16T23:33:07.715062,completed
11585,447,157,1,2024-10-25T23:06:42.123442,completed
11586,447,126,2,2024-10-25T23:06:42.123442,refunded
11587,447,13,4,2024-10-25T23:06:42.123442,completed
11588,447,188,3,2024-10-25T23:06:42.123442,pending
11589,348,60,1,2024-08-21T09:33:33.952530,completed
11590,348,83,2,2024-08-21T09:33:33.952530,completed
11591,348,84,4,2024-08-21T09:33:33.952530,completed
11592,348,184,4,2024-08-21T09:33:33.952530,completed
11593,348,2,2,2024-08-21T09:33:33.952530,completed
11594,579,31,5,2024-07-03T21:02:22.471718,cancelled
11595,134,93,1,2024-10-12T17:03:41.082351,completed
11596,162,50,3,2025-07-17T22:18:45.293244,completed
11597,917,99,1,2024-02-11T11:57:51.476850,completed
11598,917,137,5,2024-02-11T11:57:51.476850,completed
11599,373,46,3,2024-09-07T14:20:37.649126,completed
11600,323,17,4,2025-04-02T10:08:32.037072,completed
11601,852,122,1,2024-08-03T21:25:20.528062,completed
11602,852,20,4,2024-08-03T21:25:20.528062,completed
11603,852,185,3,2024-08-03T21:25:20.528062,cancelled
11604,879,146,4,2024-03-11T11:06:16.095488,cancelled
11605,879,112,1,2024-03-11T11:06:16.095488,completed
11606,879,131,3,2024-03-11T11:06:16.095488,pending
11607,879,143,4,2024-03-11T11:06:16.095488,completed
11608,619,79,3,2024-10-10T13:13:39.424073,completed
11609,83,139,5,2025-01-10T15:42:16.052073,completed
11610,83,169,1,2025-01-10T15:42:16.052073,cancelled
11611,103,86,4,2024-10-27T16:36:40.466557,completed
11612,103,179,4,2024-10-27T16:36:40.466557,completed
11613,103,105,4,2024-10-27T16:36:40.466557,cancelled
11614,599,34,4,2025-11-03T05:05:46.815489,completed
11615,599,69,1,2025-11-03T05:05:46.815489,completed
11616,599,145,5,2025-11-03T05:05:46.815489,completed
11617,97,109,4,2023-12-26T17:51:20.923712,pending
11618,97,79,4,2023-12-26T17:51:20.923712,completed
11619,97,85,1,2023-12-26T17:51:20.923712,completed
11620,97,20,2,2023-12-26T17:51:20.923712,completed
11621,569,65,3,2025-08-02T20:44:16.338588,cancelled
11622,313,130,2,2025-02-06T04:43:54.220361,completed
11623,313,42,2,2025-02-06T04:43:54.220361,completed
11624,313,113,1,2025-02-06T04:43:54.220361,completed
11625,313,118,3,2025-02-06T04:43:54.220361,completed
11626,660,137,5,2024-05-19T19:46:00.830124,completed
11627,660,69,4,2024-05-19T19:46:00.830124,completed
11628,370,128,5,2025-06-10T20:53:47.692007,pending
11629,370,45,2,2025-06-10T20:53:47.692007,completed
11630,370,118,3,2025-06-10T20:53:47.692007,completed
11631,370,44,1,2025-06-10T20:53:47.692007,completed
11632,370,159,3,2025-06-10T20:53:47.692007,completed
11633,836,63,4,2025-08-09T14:35:54.271460,completed
11634,836,148,5,2025-08-09T14:35:54.271460,completed
11635,836,129,3,2025-08-09T14:35:54.271460,completed
11636,836,103,3,2025-08-09T14:35:54.271460,completed
11637,836,171,3,2025-08-09T14:35:54.271460,completed
11638,466,150,2,2024-02-03T12:35:29.888616,completed
11639,466,143,4,2024-02-03T12:35:29.888616,completed
11640,356,182,5,2024-03-10T11:41:54.650128,completed
11641,356,62,5,2024-03-10T11:41:54.650128,completed
11642,465,43,3,2025-07-15T20:24:02.059011,refunded
11643,465,40,2,2025-07-15T20:24:02.059011,pending
11644,465,122,3,2025-07-15T20:24:02.059011,pending
11645,465,64,4,2025-07-15T20:24:02.059011,completed
11646,58,106,4,2025-08-23T10:46:12.542977,completed
11647,277,30,3,2024-02-21T16:00:11.579522,completed
11648,137,96,4,2025-06-10T21:04:29.945684,completed
11649,262,46,4,2025-02-13T09:59:23.839519,completed
11650,262,107,5,2025-02-13T09:59:23.839519,completed
11651,262,55,2,2025-02-13T09:59:23.839519,pending
11652,200,118,3,2025-04-10T08:54:45.983191,completed
11653,200,9,3,2025-04-10T08:54:45.983191,completed
11654,200,73,1,2025-04-10T08:54:45.983191,completed
11655,906,53,2,2024-04-12T08:12:17.315919,completed
11656,906,70,1,2024-04-12T08:12:17.315919,completed
11657,906,75,3,2024-04-12T08:12:17.315919,pending
11658,272,146,3,2025-10-24T10:09:52.017056,completed
11659,272,86,1,2025-10-24T10:09:52.017056,completed
11660,272,123,5,2025-10-24T10:09:52.017056,completed
11661,184,97,1,2024-04-04T13:29:22.266685,pending
11662,184,61,1,2024-04-04T13:29:22.266685,completed
11663,184,130,1,2024-04-04T13:29:22.266685,completed
11664,932,70,5,2025-01-06T22:56:39.144819,completed
11665,932,193,3,2025-01-06T22:56:39.144819,completed
11666,932,126,3,2025-01-06T22:56:39.144819,completed
11667,932,165,5,2025-01-06T22:56:39.144819,pending
11668,453,65,2,2025-06-27T14:50:03.549390,completed
11669,453,113,5,2025-06-27T14:50:03.549390,completed
11670,904,96,1,2025-07-21T09:35:10.156049,completed
11671,904,196,1,2025-07-21T09:35:10.156049,completed
11672,904,166,3,2025-07-21T09:35:10.156049,pending
11673,904,146,3,2025-07-21T09:35:10.156049,completed
11674,967,136,2,2024-05-25T23:24:37.215929,pending
11675,492,46,4,2025-07-07T02:11:51.543776,pending
11676,492,176,5,2025-07-07T02:11:51.543776,completed
11677,492,61,3,2025-07-07T02:11:51.543776,completed
11678,492,13,1,2025-07-07T02:11:51.543776,completed
11679,492,87,5,2025-07-07T02:11:51.543776,completed
11680,258,77,5,2025-03-03T09:10:51.755076,completed
11681,258,62,4,2025-03-03T09:10:51.755076,cancelled
11682,258,191,3,2025-03-03T09:10:51.755076,completed
11683,258,123,1,2025-03-03T09:10:51.755076,refunded
11684,651,69,4,2024-12-05T06:47:29.254246,completed
11685,431,100,5,2024-10-15T14:19:20.758097,completed
11686,431,30,2,2024-10-15T14:19:20.758097,completed
11687,431,186,3,2024-10-15T14:19:20.758097,completed
11688,431,7,2,2024-10-15T14:19:20.758097,completed
11689,431,97,1,2024-10-15T14:19:20.758097,completed
11690,503,180,1,2024-01-25T14:36:26.749896,completed
11691,503,161,3,2024-01-25T14:36:26.749896,completed
11692,503,10,3,2024-01-25T14:36:26.749896,completed
11693,503,99,1,2024-01-25T14:36:26.749896,completed
11694,503,87,2,2024-01-25T14:36:26.749896,completed
11695,143,21,1,2025-03-24T00:02:43.979089,completed
11696,143,107,3,2025-03-24T00:02:43.979089,completed
11697,192,43,4,2025-07-02T16:59:18.276871,completed
11698,192,143,5,2025-07-02T16:59:18.276871,cancelled
11699,192,159,2,2025-07-02T16:59:18.276871,completed
11700,192,139,2,2025-07-02T16:59:18.276871,completed
11701,401,68,5,2024-11-03T08:36:14.214979,completed
11702,145,10,4,2025-05-11T00:21:46.347225,completed
11703,145,119,5,2025-05-11T00:21:46.347225,completed
11704,145,159,4,2025-05-11T00:21:46.347225,completed
11705,268,9,1,2025-11-17T11:52:41.330752,completed
11706,268,16,3,2025-11-17T11:52:41.330752,pending
11707,140,101,4,2025-07-30T14:12:15.260018,completed
11708,140,4,4,2025-07-30T14:12:15.260018,completed
11709,140,165,5,2025-07-30T14:12:15.260018,cancelled
11710,70,149,5,2025-09-19T13:33:32.997774,completed
11711,70,95,3,2025-09-19T13:33:32.997774,completed
11712,70,44,5,2025-09-19T13:33:32.997774,completed
11713,999,169,4,2025-11-29T02:48:59.413559,completed
11714,999,121,4,2025-11-29T02:48:59.413559,completed
11715,999,179,5,2025-11-29T02:48:59.413559,completed
11716,608,8,3,2024-07-08T12:46:34.636363,completed
11717,608,88,5,2024-07-08T12:46:34.636363,completed
11718,841,165,4,2025-07-22T16:19:44.647905,completed
11719,841,137,3,2025-07-22T16:19:44.647905,completed
11720,841,54,1,2025-07-22T16:19:44.647905,completed
11721,841,100,5,2025-07-22T16:19:44.647905,completed
11722,841,114,3,2025-07-22T16:19:44.647905,completed
11723,549,82,1,2024-05-12T12:16:45.798409,completed
11724,837,146,2,2024-07-27T02:23:20.328988,completed
11725,837,15,4,2024-07-27T02:23:20.328988,completed
11726,896,136,5,2023-12-24T14:31:10.883938,completed
11727,896,92,5,2023-12-24T14:31:10.883938,completed
11728,393,184,2,2025-08-24T10:59:38.863942,completed
11729,393,4,4,2025-08-24T10:59:38.863942,cancelled
11730,393,159,4,2025-08-24T10:59:38.863942,completed
11731,393,108,4,2025-08-24T10:59:38.863942,completed
11732,84,23,1,2024-08-20T16:00:19.306470,completed
11733,84,15,2,2024-08-20T16:00:19.306470,completed
11734,680,98,3,2024-05-29T01:09:59.425790,cancelled
11735,680,80,5,2024-05-29T01:09:59.425790,completed
11736,804,72,5,2025-06-19T03:55:57.700689,completed
11737,804,89,5,2025-06-19T03:55:57.700689,completed
11738,806,163,2,2024-09-19T16:16:17.322019,completed
11739,806,60,3,2024-09-19T16:16:17.322019,completed
11740,806,83,4,2024-09-19T16:16:17.322019,completed
11741,806,104,5,2024-09-19T16:16:17.322019,completed
11742,806,96,4,2024-09-19T16:16:17.322019,completed
11743,428,199,2,2025-09-24T14:31:09.949631,completed
11744,428,83,3,2025-09-24T14:31:09.949631,completed
11745,428,118,3,2025-09-24T14:31:09.949631,completed
11746,768,85,2,2024-10-07T12:06:36.222226,completed
11747,768,20,3,2024-10-07T12:06:36.222226,cancelled
11748,763,75,1,2025-12-10T18:12:12.161414,completed
11749,763,108,4,2025-12-10T18:12:12.161414,pending
11750,763,118,2,2025-12-10T18:12:12.161414,pending
11751,763,152,4,2025-12-10T18:12:12.161414,completed
11752,763,164,2,2025-12-10T18:12:12.161414,completed
11753,577,84,4,2024-12-09T22:31:13.359103,completed
11754,577,42,5,2024-12-09T22:31:13.359103,cancelled
11755,577,54,5,2024-12-09T22:31:13.359103,completed
11756,577,160,2,2024-12-09T22:31:13.359103,completed
11757,230,87,1,2025-10-29T05:30:23.370537,completed
11758,230,69,1,2025-10-29T05:30:23.370537,completed
11759,230,10,1,2025-10-29T05:30:23.370537,cancelled
11760,230,113,3,2025-10-29T05:30:23.370537,completed
11761,230,1,5,2025-10-29T05:30:23.370537,completed
11762,482,57,3,2024-08-15T07:11:08.688116,completed
11763,482,178,2,2024-08-15T07:11:08.688116,completed
11764,482,140,5,2024-08-15T07:11:08.688116,pending
11765,385,86,5,2024-07-07T01:12:38.175977,completed
11766,385,42,1,2024-07-07T01:12:38.175977,completed
11767,741,192,1,2025-09-24T07:37:40.268401,completed
11768,741,43,2,2025-09-24T07:37:40.268401,completed
11769,741,6,2,2025-09-24T07:37:40.268401,completed
11770,741,70,4,2025-09-24T07:37:40.268401,completed
11771,540,128,2,2024-08-28T23:58:38.356755,completed
11772,540,135,4,2024-08-28T23:58:38.356755,cancelled
11773,540,127,5,2024-08-28T23:58:38.356755,pending
11774,540,49,2,2024-08-28T23:58:38.356755,completed
11775,540,115,5,2024-08-28T23:58:38.356755,completed
11776,105,17,2,2025-02-20T20:10:08.113652,completed
11777,105,124,2,2025-02-20T20:10:08.113652,completed
11778,105,22,3,2025-02-20T20:10:08.113652,completed
11779,105,99,1,2025-02-20T20:10:08.113652,completed
11780,105,13,3,2025-02-20T20:10:08.113652,completed
11781,669,14,1,2025-10-02T21:32:10.894526,completed
11782,669,171,2,2025-10-02T21:32:10.894526,completed
11783,669,47,4,2025-10-02T21:32:10.894526,cancelled
11784,669,174,5,2025-10-02T21:32:10.894526,completed
11785,163,9,5,2024-01-19T19:48:39.649141,completed
11786,426,186,4,2025-10-01T11:04:54.526563,completed
11787,426,106,4,2025-10-01T11:04:54.526563,completed
11788,426,128,4,2025-10-01T11:04:54.526563,completed
11789,426,118,3,2025-10-01T11:04:54.526563,completed
11790,339,15,5,2024-12-08T21:43:09.820285,completed
11791,339,54,3,2024-12-08T21:43:09.820285,completed
11792,339,65,1,2024-12-08T21:43:09.820285,completed
11793,339,130,1,2024-12-08T21:43:09.820285,completed
11794,339,29,5,2024-12-08T21:43:09.820285,completed
11795,323,53,5,2024-07-03T05:18:28.348338,completed
11796,323,61,2,2024-07-03T05:18:28.348338,completed
11797,323,13,2,2024-07-03T05:18:28.348338,completed
11798,969,53,3,2025-06-19T03:42:53.627693,completed
11799,72,168,3,2025-12-13T12:47:52.736429,completed
11800,72,134,1,2025-12-13T12:47:52.736429,completed
11801,72,81,2,2025-12-13T12:47:52.736429,completed
11802,18,36,4,2025-03-27T08:02:01.450611,completed
11803,18,109,1,2025-03-27T08:02:01.450611,completed
11804,18,4,1,2025-03-27T08:02:01.450611,completed
11805,18,99,3,2025-03-27T08:02:01.450611,completed
11806,520,112,3,2024-03-30T14:19:15.670865,completed
11807,520,41,2,2024-03-30T14:19:15.670865,completed
11808,520,28,3,2024-03-30T14:19:15.670865,completed
11809,520,108,4,2024-03-30T14:19:15.670865,completed
11810,856,117,3,2024-03-29T07:35:11.279114,completed
11811,856,64,5,2024-03-29T07:35:11.279114,completed
11812,856,14,4,2024-03-29T07:35:11.279114,cancelled
11813,856,45,3,2024-03-29T07:35:11.279114,completed
11814,856,150,1,2024-03-29T07:35:11.279114,completed
11815,759,130,4,2025-03-24T12:15:46.571902,completed
11816,759,159,1,2025-03-24T12:15:46.571902,completed
11817,759,53,5,2025-03-24T12:15:46.571902,completed
11818,271,197,5,2025-06-20T08:36:37.591857,cancelled
11819,271,144,3,2025-06-20T08:36:37.591857,pending
11820,271,155,3,2025-06-20T08:36:37.591857,cancelled
11821,271,22,4,2025-06-20T08:36:37.591857,completed
11822,271,152,3,2025-06-20T08:36:37.591857,completed
11823,69,71,3,2024-10-04T13:12:33.593635,completed
11824,69,81,3,2024-10-04T13:12:33.593635,completed
11825,69,101,5,2024-10-04T13:12:33.593635,completed
11826,69,169,3,2024-10-04T13:12:33.593635,completed
11827,69,76,3,2024-10-04T13:12:33.593635,completed
11828,894,189,4,2025-05-12T22:03:06.358286,completed
11829,894,135,3,2025-05-12T22:03:06.358286,completed
11830,506,18,5,2025-07-22T10:37:18.375105,completed
11831,781,154,1,2025-03-20T19:16:52.884117,completed
11832,781,176,3,2025-03-20T19:16:52.884117,completed
11833,781,89,1,2025-03-20T19:16:52.884117,completed
11834,781,196,5,2025-03-20T19:16:52.884117,completed
11835,234,126,3,2024-02-04T22:37:10.157422,cancelled
11836,234,37,2,2024-02-04T22:37:10.157422,cancelled
11837,234,195,1,2024-02-04T22:37:10.157422,completed
11838,234,165,3,2024-02-04T22:37:10.157422,completed
11839,473,183,2,2025-03-02T17:22:29.225718,completed
11840,473,9,4,2025-03-02T17:22:29.225718,completed
11841,473,163,2,2025-03-02T17:22:29.225718,completed
11842,473,127,1,2025-03-02T17:22:29.225718,completed
11843,306,192,4,2024-04-10T19:47:45.568721,completed
11844,131,99,3,2025-01-11T14:58:19.995157,completed
11845,332,125,3,2025-12-06T21:21:12.252425,completed
11846,332,89,5,2025-12-06T21:21:12.252425,completed
11847,683,33,5,2024-10-14T13:02:44.229751,completed
11848,683,195,4,2024-10-14T13:02:44.229751,completed
11849,515,24,1,2025-06-12T16:30:47.622220,completed
11850,515,91,4,2025-06-12T16:30:47.622220,completed
11851,515,175,5,2025-06-12T16:30:47.622220,completed
11852,368,29,4,2025-10-26T23:54:37.460420,completed
11853,368,178,1,2025-10-26T23:54:37.460420,pending
11854,368,84,4,2025-10-26T23:54:37.460420,completed
11855,368,94,5,2025-10-26T23:54:37.460420,pending
11856,45,62,4,2024-04-11T02:55:44.512009,completed
11857,45,108,3,2024-04-11T02:55:44.512009,completed
11858,45,192,3,2024-04-11T02:55:44.512009,completed
11859,45,100,4,2024-04-11T02:55:44.512009,completed
11860,45,65,1,2024-04-11T02:55:44.512009,completed
11861,602,107,2,2024-12-21T03:28:26.112067,completed
11862,602,49,3,2024-12-21T03:28:26.112067,cancelled
11863,602,48,5,2024-12-21T03:28:26.112067,completed
11864,405,104,2,2025-06-11T22:34:51.546144,completed
11865,405,18,4,2025-06-11T22:34:51.546144,cancelled
11866,405,152,4,2025-06-11T22:34:51.546144,pending
11867,405,33,3,2025-06-11T22:34:51.546144,completed
11868,405,21,4,2025-06-11T22:34:51.546144,completed
11869,567,135,5,2024-04-23T15:34:13.160849,completed
11870,567,124,4,2024-04-23T15:34:13.160849,completed
11871,567,147,1,2024-04-23T15:34:13.160849,completed
11872,953,15,2,2024-02-21T09:30:48.629183,completed
11873,953,89,1,2024-02-21T09:30:48.629183,completed
11874,210,147,5,2025-09-24T16:12:53.759683,completed
11875,210,47,4,2025-09-24T16:12:53.759683,completed
11876,210,196,2,2025-09-24T16:12:53.759683,completed
11877,210,89,1,2025-09-24T16:12:53.759683,completed
11878,289,151,1,2024-09-07T00:46:50.728056,completed
11879,289,184,2,2024-09-07T00:46:50.728056,refunded
11880,289,197,5,2024-09-07T00:46:50.728056,completed
11881,289,3,5,2024-09-07T00:46:50.728056,pending
11882,250,175,3,2024-08-11T10:01:44.137968,completed
11883,250,167,2,2024-08-11T10:01:44.137968,pending
11884,250,5,1,2024-08-11T10:01:44.137968,completed
11885,250,135,2,2024-08-11T10:01:44.137968,completed
11886,13,49,2,2025-09-28T04:49:12.390358,completed
11887,13,90,3,2025-09-28T04:49:12.390358,completed
11888,13,107,3,2025-09-28T04:49:12.390358,completed
11889,13,121,3,2025-09-28T04:49:12.390358,completed
11890,623,80,1,2025-07-16T03:08:22.483920,completed
11891,623,17,2,2025-07-16T03:08:22.483920,completed
11892,623,1,1,2025-07-16T03:08:22.483920,completed
11893,623,77,2,2025-07-16T03:08:22.483920,completed
11894,623,3,5,2025-07-16T03:08:22.483920,completed
11895,456,178,3,2025-08-24T09:41:20.682838,completed
11896,456,98,2,2025-08-24T09:41:20.682838,completed
11897,456,53,4,2025-08-24T09:41:20.682838,completed
11898,571,177,5,2024-05-27T19:57:57.704982,completed
11899,571,193,4,2024-05-27T19:57:57.704982,pending
11900,571,39,5,2024-05-27T19:57:57.704982,completed
11901,571,4,4,2024-05-27T19:57:57.704982,cancelled
11902,571,63,1,2024-05-27T19:57:57.704982,completed
11903,205,182,1,2024-06-17T13:43:26.955812,completed
11904,953,129,1,2024-01-04T06:31:01.954650,completed
11905,953,196,5,2024-01-04T06:31:01.954650,completed
11906,962,164,4,2024-12-18T02:07:12.791836,completed
11907,962,101,2,2024-12-18T02:07:12.791836,completed
11908,738,78,2,2024-08-25T10:39:55.079780,completed
11909,738,123,3,2024-08-25T10:39:55.079780,completed
11910,738,45,3,2024-08-25T10:39:55.079780,completed
11911,738,130,2,2024-08-25T10:39:55.079780,completed
11912,738,19,4,2024-08-25T10:39:55.079780,completed
11913,735,171,5,2024-08-10T17:15:21.563931,completed
11914,735,170,1,2024-08-10T17:15:21.563931,pending
11915,503,56,2,2024-03-31T07:23:23.988104,completed
11916,503,89,1,2024-03-31T07:23:23.988104,completed
11917,503,163,2,2024-03-31T07:23:23.988104,completed
11918,758,33,3,2025-10-18T17:47:17.295325,completed
11919,758,177,1,2025-10-18T17:47:17.295325,completed
11920,758,115,3,2025-10-18T17:47:17.295325,completed
11921,826,14,4,2024-09-28T02:44:59.660573,completed
11922,826,95,5,2024-09-28T02:44:59.660573,completed
11923,809,33,4,2024-10-20T09:35:42.719981,completed
11924,291,75,3,2024-05-27T20:35:59.922111,completed
11925,291,139,5,2024-05-27T20:35:59.922111,cancelled
11926,291,155,2,2024-05-27T20:35:59.922111,completed
11927,291,19,2,2024-05-27T20:35:59.922111,cancelled
11928,291,129,1,2024-05-27T20:35:59.922111,completed
11929,284,120,5,2025-03-08T14:18:46.122244,completed
11930,284,114,4,2025-03-08T14:18:46.122244,completed
11931,284,128,4,2025-03-08T14:18:46.122244,pending
11932,284,106,4,2025-03-08T14:18:46.122244,completed
11933,284,69,3,2025-03-08T14:18:46.122244,completed
11934,924,35,4,2024-10-06T10:23:31.337753,completed
11935,924,181,5,2024-10-06T10:23:31.337753,completed
11936,673,182,1,2025-04-02T10:31:17.156413,pending
11937,673,145,2,2025-04-02T10:31:17.156413,completed
11938,673,171,5,2025-04-02T10:31:17.156413,pending
11939,595,49,3,2024-07-02T23:32:52.225121,completed
11940,595,172,3,2024-07-02T23:32:52.225121,completed
11941,595,191,4,2024-07-02T23:32:52.225121,pending
11942,79,139,4,2025-06-19T15:06:18.597562,completed
11943,79,138,3,2025-06-19T15:06:18.597562,completed
11944,755,182,5,2023-12-22T19:02:06.121309,pending
11945,715,153,4,2025-02-02T21:02:09.050354,completed
11946,715,89,5,2025-02-02T21:02:09.050354,completed
11947,715,185,2,2025-02-02T21:02:09.050354,completed
11948,667,194,4,2025-07-10T08:31:52.110912,pending
11949,667,152,1,2025-07-10T08:31:52.110912,completed
11950,667,49,3,2025-07-10T08:31:52.110912,completed
11951,653,8,5,2024-01-06T07:00:12.150835,completed
11952,653,107,2,2024-01-06T07:00:12.150835,completed
11953,653,99,5,2024-01-06T07:00:12.150835,completed
11954,653,28,1,2024-01-06T07:00:12.150835,refunded
11955,449,1,2,2024-12-05T22:34:29.950091,completed
11956,449,172,2,2024-12-05T22:34:29.950091,cancelled
11957,730,141,1,2024-08-27T18:56:14.889038,completed
11958,730,26,5,2024-08-27T18:56:14.889038,completed
11959,406,110,1,2025-04-20T16:02:17.739204,completed
11960,406,57,4,2025-04-20T16:02:17.739204,completed
11961,406,114,3,2025-04-20T16:02:17.739204,completed
11962,406,42,4,2025-04-20T16:02:17.739204,completed
11963,495,118,1,2025-10-03T18:49:34.559812,completed
11964,714,89,4,2025-05-13T01:37:04.499522,completed
11965,334,74,4,2025-11-05T06:03:49.449763,completed
11966,334,50,3,2025-11-05T06:03:49.449763,completed
11967,334,151,4,2025-11-05T06:03:49.449763,completed
11968,334,105,2,2025-11-05T06:03:49.449763,completed
11969,258,2,4,2025-03-08T10:58:51.507190,pending
11970,258,152,5,2025-03-08T10:58:51.507190,completed
11971,258,191,2,2025-03-08T10:58:51.507190,completed
11972,258,88,1,2025-03-08T10:58:51.507190,completed
11973,258,70,5,2025-03-08T10:58:51.507190,cancelled
11974,440,32,1,2024-02-06T04:33:21.385183,completed
11975,440,15,5,2024-02-06T04:33:21.385183,pending
11976,440,42,4,2024-02-06T04:33:21.385183,pending
11977,440,85,4,2024-02-06T04:33:21.385183,completed
11978,440,55,3,2024-02-06T04:33:21.385183,refunded
11979,797,13,5,2024-12-07T23:15:25.676221,completed
11980,797,176,1,2024-12-07T23:15:25.676221,pending
11981,797,9,3,2024-12-07T23:15:25.676221,completed
11982,797,145,3,2024-12-07T23:15:25.676221,completed
11983,797,84,4,2024-12-07T23:15:25.676221,completed
11984,14,7,1,2024-09-16T11:05:09.832489,cancelled
11985,688,9,4,2024-04-10T20:08:30.678186,completed
11986,519,66,2,2025-04-28T21:50:11.438607,completed
11987,519,101,4,2025-04-28T21:50:11.438607,completed
11988,519,113,4,2025-04-28T21:50:11.438607,completed
11989,238,163,1,2024-07-10T12:51:22.003408,completed
11990,238,9,5,2024-07-10T12:51:22.003408,completed
11991,238,142,5,2024-07-10T12:51:22.003408,completed
11992,238,155,1,2024-07-10T12:51:22.003408,completed
11993,238,71,2,2024-07-10T12:51:22.003408,completed
11994,983,90,3,2024-02-29T01:20:58.292005,completed
11995,677,164,3,2024-08-01T01:43:24.316952,completed
11996,677,65,1,2024-08-01T01:43:24.316952,completed
11997,677,168,5,2024-08-01T01:43:24.316952,completed
11998,677,182,2,2024-08-01T01:43:24.316952,completed
11999,677,45,5,2024-08-01T01:43:24.316952,completed
12000,766,148,3,2025-07-13T06:29:58.626852,completed
12001,592,17,5,2024-08-24T14:50:20.599695,completed
12002,592,47,5,2024-08-24T14:50:20.599695,completed
12003,592,81,5,2024-08-24T14:50:20.599695,completed
12004,700,195,2,2025-04-24T23:08:01.669524,completed
12005,700,198,5,2025-04-24T23:08:01.669524,completed
12006,696,120,4,2024-10-29T15:31:39.189891,pending
12007,696,100,5,2024-10-29T15:31:39.189891,completed
12008,696,111,3,2024-10-29T15:31:39.189891,pending
12009,696,10,1,2024-10-29T15:31:39.189891,pending
12010,800,5,5,2024-07-09T06:16:43.191987,completed
12011,800,166,4,2024-07-09T06:16:43.191987,completed
12012,800,55,5,2024-07-09T06:16:43.191987,completed
12013,298,6,1,2025-01-19T11:59:52.654203,completed
12014,298,136,4,2025-01-19T11:59:52.654203,completed
12015,708,171,4,2025-01-03T19:20:50.713208,completed
12016,708,53,2,2025-01-03T19:20:50.713208,completed
12017,708,163,4,2025-01-03T19:20:50.713208,completed
12018,708,160,2,2025-01-03T19:20:50.713208,pending
12019,708,176,4,2025-01-03T19:20:50.713208,completed
12020,956,144,3,2025-04-25T12:48:00.473976,completed
12021,956,21,2,2025-04-25T12:48:00.473976,pending
12022,956,142,1,2025-04-25T12:48:00.473976,completed
12023,482,107,4,2024-06-16T13:49:45.842000,pending
12024,482,15,4,2024-06-16T13:49:45.842000,completed
12025,482,88,2,2024-06-16T13:49:45.842000,refunded
12026,482,113,5,2024-06-16T13:49:45.842000,completed
12027,482,115,2,2024-06-16T13:49:45.842000,completed
12028,896,16,5,2025-07-13T04:14:16.314554,refunded
12029,896,40,4,2025-07-13T04:14:16.314554,completed
12030,449,9,5,2024-08-22T15:20:39.283222,completed
12031,449,92,2,2024-08-22T15:20:39.283222,completed
12032,449,129,1,2024-08-22T15:20:39.283222,completed
12033,14,113,1,2025-02-09T14:04:39.913430,completed
12034,14,126,2,2025-02-09T14:04:39.913430,completed
12035,14,136,5,2025-02-09T14:04:39.913430,completed
12036,14,124,2,2025-02-09T14:04:39.913430,completed
12037,350,17,5,2024-07-06T17:16:50.401541,pending
12038,350,49,4,2024-07-06T17:16:50.401541,cancelled
12039,350,104,3,2024-07-06T17:16:50.401541,completed
12040,350,73,3,2024-07-06T17:16:50.401541,completed
12041,464,196,4,2024-11-09T23:13:04.364595,completed
12042,464,46,3,2024-11-09T23:13:04.364595,completed
12043,464,91,5,2024-11-09T23:13:04.364595,completed
12044,877,36,5,2024-09-01T23:36:19.976613,completed
12045,877,185,1,2024-09-01T23:36:19.976613,completed
12046,877,108,5,2024-09-01T23:36:19.976613,completed
12047,107,29,3,2025-07-12T19:37:11.664481,completed
12048,488,60,3,2025-02-18T08:10:57.234190,completed
12049,488,140,4,2025-02-18T08:10:57.234190,completed
12050,754,127,1,2024-01-16T18:08:05.221119,completed
12051,754,10,5,2024-01-16T18:08:05.221119,completed
12052,754,167,5,2024-01-16T18:08:05.221119,completed
12053,754,95,5,2024-01-16T18:08:05.221119,completed
12054,70,58,1,2024-01-03T15:17:50.844409,completed
12055,70,67,4,2024-01-03T15:17:50.844409,completed
12056,70,112,4,2024-01-03T15:17:50.844409,completed
12057,70,83,3,2024-01-03T15:17:50.844409,completed
12058,70,180,3,2024-01-03T15:17:50.844409,completed
12059,705,53,5,2024-08-15T04:30:52.463159,completed
12060,705,200,2,2024-08-15T04:30:52.463159,completed
12061,995,36,3,2025-06-02T18:03:18.641737,completed
12062,995,72,3,2025-06-02T18:03:18.641737,completed
12063,995,197,3,2025-06-02T18:03:18.641737,completed
12064,874,164,5,2024-06-30T07:11:25.791543,completed
12065,874,35,2,2024-06-30T07:11:25.791543,pending
12066,874,104,3,2024-06-30T07:11:25.791543,refunded
12067,874,50,2,2024-06-30T07:11:25.791543,completed
12068,874,138,4,2024-06-30T07:11:25.791543,completed
12069,538,198,5,2025-07-22T19:05:33.583715,cancelled
12070,538,42,4,2025-07-22T19:05:33.583715,completed
12071,538,184,4,2025-07-22T19:05:33.583715,cancelled
12072,538,177,3,2025-07-22T19:05:33.583715,completed
12073,741,56,4,2024-05-22T12:40:03.263228,completed
12074,741,162,5,2024-05-22T12:40:03.263228,completed
12075,286,144,2,2025-08-22T03:34:38.914009,completed
12076,286,194,1,2025-08-22T03:34:38.914009,completed
12077,286,114,2,2025-08-22T03:34:38.914009,cancelled
12078,286,193,5,2025-08-22T03:34:38.914009,completed
12079,742,72,2,2024-05-31T14:12:12.046974,completed
12080,742,24,1,2024-05-31T14:12:12.046974,pending
12081,742,198,4,2024-05-31T14:12:12.046974,completed
12082,742,183,2,2024-05-31T14:12:12.046974,completed
12083,742,45,3,2024-05-31T14:12:12.046974,pending
12084,98,93,1,2025-07-02T08:58:23.983920,pending
12085,98,71,5,2025-07-02T08:58:23.983920,completed
12086,98,88,5,2025-07-02T08:58:23.983920,pending
12087,98,95,2,2025-07-02T08:58:23.983920,completed
12088,98,72,1,2025-07-02T08:58:23.983920,completed
12089,238,103,2,2025-01-16T05:54:32.578771,cancelled
12090,238,58,2,2025-01-16T05:54:32.578771,completed
12091,238,8,4,2025-01-16T05:54:32.578771,completed
12092,335,157,4,2025-04-14T01:11:04.474416,completed
12093,335,3,5,2025-04-14T01:11:04.474416,cancelled
12094,335,79,3,2025-04-14T01:11:04.474416,completed
12095,437,150,1,2024-03-04T08:16:53.126848,completed
12096,437,183,3,2024-03-04T08:16:53.126848,completed
12097,437,112,4,2024-03-04T08:16:53.126848,completed
12098,437,168,5,2024-03-04T08:16:53.126848,completed
12099,437,36,5,2024-03-04T08:16:53.126848,completed
12100,300,77,4,2025-09-09T00:43:55.636326,completed
12101,300,113,5,2025-09-09T00:43:55.636326,pending
12102,966,45,3,2025-07-27T20:15:47.061043,completed
12103,966,54,2,2025-07-27T20:15:47.061043,completed
12104,966,6,3,2025-07-27T20:15:47.061043,completed
12105,966,148,2,2025-07-27T20:15:47.061043,completed
12106,966,44,1,2025-07-27T20:15:47.061043,completed
12107,250,142,3,2024-04-26T13:51:05.241346,completed
12108,106,41,5,2024-04-01T20:16:52.854462,completed
12109,106,191,2,2024-04-01T20:16:52.854462,cancelled
12110,106,101,4,2024-04-01T20:16:52.854462,completed
12111,106,39,1,2024-04-01T20:16:52.854462,completed
12112,830,171,5,2023-12-22T21:34:50.653640,completed
12113,830,128,1,2023-12-22T21:34:50.653640,completed
12114,830,73,2,2023-12-22T21:34:50.653640,completed
12115,668,175,2,2025-02-18T06:40:09.299047,cancelled
12116,668,9,1,2025-02-18T06:40:09.299047,completed
12117,707,100,4,2025-07-03T17:20:55.304575,completed
12118,385,46,3,2025-09-08T03:12:34.326396,completed
12119,385,193,3,2025-09-08T03:12:34.326396,completed
12120,385,37,3,2025-09-08T03:12:34.326396,completed
12121,385,135,5,2025-09-08T03:12:34.326396,completed
12122,465,97,1,2024-01-29T05:21:31.301245,completed
12123,465,39,1,2024-01-29T05:21:31.301245,completed
12124,465,42,5,2024-01-29T05:21:31.301245,completed
12125,465,148,4,2024-01-29T05:21:31.301245,completed
12126,465,91,4,2024-01-29T05:21:31.301245,completed
12127,793,192,1,2024-10-11T17:30:07.493571,completed
12128,793,12,4,2024-10-11T17:30:07.493571,pending
12129,793,190,3,2024-10-11T17:30:07.493571,completed
12130,793,169,1,2024-10-11T17:30:07.493571,completed
12131,453,157,2,2025-11-13T12:13:31.187512,completed
12132,453,169,5,2025-11-13T12:13:31.187512,completed
12133,453,86,4,2025-11-13T12:13:31.187512,pending
12134,138,72,4,2024-06-13T23:39:32.230717,completed
12135,138,19,4,2024-06-13T23:39:32.230717,completed
12136,138,7,3,2024-06-13T23:39:32.230717,completed
12137,482,38,4,2025-09-12T21:44:45.829522,completed
12138,482,20,2,2025-09-12T21:44:45.829522,cancelled
12139,281,55,5,2024-08-29T12:40:06.552826,completed
12140,281,199,3,2024-08-29T12:40:06.552826,completed
12141,261,118,1,2024-09-08T21:03:04.875613,pending
12142,658,176,4,2024-11-23T18:03:55.507836,completed
12143,632,96,1,2024-03-21T05:58:27.976152,refunded
12144,632,7,1,2024-03-21T05:58:27.976152,pending
12145,632,44,4,2024-03-21T05:58:27.976152,completed
12146,632,63,3,2024-03-21T05:58:27.976152,completed
12147,632,170,2,2024-03-21T05:58:27.976152,cancelled
12148,673,199,4,2024-01-27T04:00:28.796786,completed
12149,673,32,3,2024-01-27T04:00:28.796786,completed
12150,779,92,1,2024-01-24T19:39:08.816445,completed
12151,779,66,5,2024-01-24T19:39:08.816445,completed
12152,779,189,3,2024-01-24T19:39:08.816445,completed
12153,593,41,2,2024-03-19T20:18:48.225879,completed
12154,593,2,5,2024-03-19T20:18:48.225879,completed
12155,806,13,5,2024-08-20T05:10:15.335426,pending
12156,806,131,3,2024-08-20T05:10:15.335426,completed
12157,866,101,2,2024-06-22T05:14:31.108698,completed
12158,866,141,4,2024-06-22T05:14:31.108698,completed
12159,866,1,1,2024-06-22T05:14:31.108698,pending
12160,866,31,1,2024-06-22T05:14:31.108698,completed
12161,234,72,5,2024-11-17T05:00:20.259390,completed
12162,234,192,5,2024-11-17T05:00:20.259390,completed
12163,56,177,2,2024-06-05T00:27:47.565675,completed
12164,56,193,2,2024-06-05T00:27:47.565675,completed
12165,615,39,5,2024-07-18T03:10:38.574475,cancelled
12166,615,62,3,2024-07-18T03:10:38.574475,completed
12167,615,144,2,2024-07-18T03:10:38.574475,completed
12168,615,59,4,2024-07-18T03:10:38.574475,completed
12169,216,150,5,2025-11-21T21:28:54.120524,completed
12170,216,152,5,2025-11-21T21:28:54.120524,completed
12171,216,69,2,2025-11-21T21:28:54.120524,refunded
12172,216,40,5,2025-11-21T21:28:54.120524,completed
12173,216,188,3,2025-11-21T21:28:54.120524,pending
12174,295,106,1,2024-06-13T13:09:24.808177,completed
12175,295,168,1,2024-06-13T13:09:24.808177,completed
12176,295,63,1,2024-06-13T13:09:24.808177,completed
12177,295,33,3,2024-06-13T13:09:24.808177,cancelled
12178,295,152,5,2024-06-13T13:09:24.808177,pending
12179,677,86,5,2024-02-11T08:43:20.342415,completed
12180,323,143,2,2025-10-04T07:27:24.159706,cancelled
12181,478,44,1,2024-06-29T15:15:13.275687,completed
12182,478,27,3,2024-06-29T15:15:13.275687,completed
12183,478,16,5,2024-06-29T15:15:13.275687,completed
12184,478,158,5,2024-06-29T15:15:13.275687,completed
12185,74,32,1,2025-01-15T21:25:35.718164,completed
12186,74,125,3,2025-01-15T21:25:35.718164,completed
12187,74,65,5,2025-01-15T21:25:35.718164,completed
12188,74,183,5,2025-01-15T21:25:35.718164,completed
12189,938,102,2,2024-03-27T11:02:10.716916,completed
12190,938,85,3,2024-03-27T11:02:10.716916,completed
12191,938,173,4,2024-03-27T11:02:10.716916,completed
12192,938,125,1,2024-03-27T11:02:10.716916,completed
12193,938,194,2,2024-03-27T11:02:10.716916,completed
12194,748,197,3,2024-09-03T08:47:11.868294,pending
12195,815,68,5,2024-09-12T18:40:36.305977,completed
12196,815,27,1,2024-09-12T18:40:36.305977,completed
12197,815,38,5,2024-09-12T18:40:36.305977,completed
12198,815,2,5,2024-09-12T18:40:36.305977,completed
12199,365,137,5,2025-11-22T14:42:55.232964,completed
12200,365,174,1,2025-11-22T14:42:55.232964,completed
12201,595,199,1,2024-08-22T22:44:56.142584,completed
12202,595,94,2,2024-08-22T22:44:56.142584,completed
12203,793,124,2,2024-06-23T21:35:10.090326,completed
12204,793,113,4,2024-06-23T21:35:10.090326,completed
12205,793,96,3,2024-06-23T21:35:10.090326,cancelled
12206,958,56,1,2024-06-01T00:38:46.794567,completed
12207,410,134,2,2024-07-05T10:36:13.690521,completed
12208,410,18,5,2024-07-05T10:36:13.690521,completed
12209,410,118,3,2024-07-05T10:36:13.690521,completed
12210,410,81,4,2024-07-05T10:36:13.690521,pending
12211,161,132,1,2025-11-25T21:14:55.754166,completed
12212,161,59,5,2025-11-25T21:14:55.754166,completed
12213,161,194,3,2025-11-25T21:14:55.754166,completed
12214,161,157,3,2025-11-25T21:14:55.754166,completed
12215,161,57,4,2025-11-25T21:14:55.754166,completed
12216,670,89,4,2025-03-27T23:36:03.131291,pending
12217,670,49,3,2025-03-27T23:36:03.131291,completed
12218,670,47,1,2025-03-27T23:36:03.131291,completed
12219,670,154,3,2025-03-27T23:36:03.131291,completed
12220,670,144,5,2025-03-27T23:36:03.131291,completed
12221,738,117,4,2024-08-02T16:19:18.577091,completed
12222,738,85,4,2024-08-02T16:19:18.577091,pending
12223,738,70,1,2024-08-02T16:19:18.577091,completed
12224,603,11,1,2024-10-03T09:30:45.414298,completed
12225,603,148,3,2024-10-03T09:30:45.414298,pending
12226,603,107,4,2024-10-03T09:30:45.414298,refunded
12227,603,118,3,2024-10-03T09:30:45.414298,completed
12228,603,137,4,2024-10-03T09:30:45.414298,completed
12229,395,200,1,2024-08-17T03:04:02.010016,completed
12230,792,6,2,2025-04-07T19:26:26.210452,cancelled
12231,792,88,4,2025-04-07T19:26:26.210452,completed
12232,792,121,5,2025-04-07T19:26:26.210452,completed
12233,53,191,4,2024-11-26T12:20:12.771813,cancelled
12234,53,6,3,2024-11-26T12:20:12.771813,completed
12235,53,76,3,2024-11-26T12:20:12.771813,pending
12236,53,29,1,2024-11-26T12:20:12.771813,completed
12237,53,181,2,2024-11-26T12:20:12.771813,pending
12238,920,170,4,2025-03-17T12:48:12.833426,cancelled
12239,920,130,5,2025-03-17T12:48:12.833426,completed
12240,920,117,4,2025-03-17T12:48:12.833426,completed
12241,920,18,4,2025-03-17T12:48:12.833426,completed
12242,920,174,4,2025-03-17T12:48:12.833426,completed
12243,782,31,1,2024-08-06T08:54:44.059687,completed
12244,880,113,4,2024-06-11T15:29:35.082011,completed
12245,880,143,1,2024-06-11T15:29:35.082011,cancelled
12246,880,183,4,2024-06-11T15:29:35.082011,completed
12247,489,141,5,2024-04-04T13:12:22.056092,cancelled
12248,489,18,5,2024-04-04T13:12:22.056092,pending
12249,171,195,5,2024-09-13T19:51:16.111425,completed
12250,171,144,2,2024-09-13T19:51:16.111425,completed
12251,171,160,5,2024-09-13T19:51:16.111425,completed
12252,171,165,4,2024-09-13T19:51:16.111425,completed
12253,543,26,3,2024-09-18T07:51:41.735756,completed
12254,543,185,5,2024-09-18T07:51:41.735756,completed
12255,543,179,3,2024-09-18T07:51:41.735756,completed
12256,731,16,3,2025-01-27T16:10:34.034527,completed
12257,731,181,4,2025-01-27T16:10:34.034527,completed
12258,543,95,4,2025-08-21T03:49:50.014841,completed
12259,543,145,1,2025-08-21T03:49:50.014841,completed
12260,543,104,5,2025-08-21T03:49:50.014841,pending
12261,262,182,1,2025-04-26T09:36:49.588853,completed
12262,262,25,3,2025-04-26T09:36:49.588853,completed
12263,262,70,4,2025-04-26T09:36:49.588853,completed
12264,262,192,1,2025-04-26T09:36:49.588853,completed
12265,262,79,1,2025-04-26T09:36:49.588853,completed
12266,433,199,5,2025-02-18T03:20:44.019903,completed
12267,433,11,5,2025-02-18T03:20:44.019903,completed
12268,433,114,2,2025-02-18T03:20:44.019903,completed
12269,576,170,4,2025-11-27T00:40:11.609586,cancelled
12270,576,85,3,2025-11-27T00:40:11.609586,completed
12271,576,192,5,2025-11-27T00:40:11.609586,completed
12272,576,79,5,2025-11-27T00:40:11.609586,pending
12273,576,40,5,2025-11-27T00:40:11.609586,completed
12274,885,30,4,2024-08-28T05:44:48.188431,completed
12275,885,165,4,2024-08-28T05:44:48.188431,completed
12276,885,153,3,2024-08-28T05:44:48.188431,refunded
12277,457,131,2,2025-06-18T11:54:53.786854,cancelled
12278,457,119,4,2025-06-18T11:54:53.786854,cancelled
12279,457,144,1,2025-06-18T11:54:53.786854,pending
12280,331,151,2,2024-07-28T02:55:44.828956,completed
12281,331,191,5,2024-07-28T02:55:44.828956,completed
12282,441,118,2,2024-12-11T06:34:51.456923,completed
12283,441,31,1,2024-12-11T06:34:51.456923,completed
12284,441,143,1,2024-12-11T06:34:51.456923,completed
12285,441,83,2,2024-12-11T06:34:51.456923,completed
12286,264,41,3,2025-10-28T19:22:34.129977,completed
12287,813,12,3,2024-03-01T07:55:09.915143,completed
12288,922,105,4,2024-10-14T13:19:42.732537,pending
12289,477,38,1,2024-01-22T07:33:55.530088,completed
12290,477,123,2,2024-01-22T07:33:55.530088,pending
12291,477,199,5,2024-01-22T07:33:55.530088,refunded
12292,753,27,3,2025-07-18T03:17:59.023943,completed
12293,753,113,3,2025-07-18T03:17:59.023943,completed
12294,753,111,4,2025-07-18T03:17:59.023943,completed
12295,753,55,5,2025-07-18T03:17:59.023943,cancelled
12296,705,54,1,2025-10-15T15:30:07.121676,completed
12297,705,132,4,2025-10-15T15:30:07.121676,completed
12298,705,141,2,2025-10-15T15:30:07.121676,cancelled
12299,172,9,3,2025-07-07T21:48:58.626535,completed
12300,172,37,1,2025-07-07T21:48:58.626535,completed
12301,172,189,2,2025-07-07T21:48:58.626535,completed
12302,172,90,3,2025-07-07T21:48:58.626535,completed
12303,432,124,4,2024-06-29T16:35:39.705924,completed
12304,432,33,3,2024-06-29T16:35:39.705924,completed
12305,432,86,4,2024-06-29T16:35:39.705924,refunded
12306,525,168,2,2025-04-01T15:42:55.787543,completed
12307,525,12,1,2025-04-01T15:42:55.787543,completed
12308,930,82,3,2025-07-10T07:21:31.008017,completed
12309,833,101,2,2024-10-15T20:11:31.392579,completed
12310,833,17,5,2024-10-15T20:11:31.392579,pending
12311,483,24,2,2024-06-12T01:06:57.710263,completed
12312,483,35,1,2024-06-12T01:06:57.710263,pending
12313,730,99,3,2025-06-14T17:12:35.339561,completed
12314,730,113,1,2025-06-14T17:12:35.339561,completed
12315,730,112,2,2025-06-14T17:12:35.339561,completed
12316,730,104,1,2025-06-14T17:12:35.339561,completed
12317,422,72,2,2025-04-12T13:23:29.756607,cancelled
12318,422,57,5,2025-04-12T13:23:29.756607,completed
12319,422,86,1,2025-04-12T13:23:29.756607,completed
12320,422,58,1,2025-04-12T13:23:29.756607,completed
12321,422,180,1,2025-04-12T13:23:29.756607,completed
12322,991,9,1,2025-11-22T21:49:49.775712,completed
12323,991,86,4,2025-11-22T21:49:49.775712,pending
12324,991,116,5,2025-11-22T21:49:49.775712,completed
12325,991,58,3,2025-11-22T21:49:49.775712,completed
12326,991,48,3,2025-11-22T21:49:49.775712,completed
12327,113,31,1,2024-07-28T12:23:34.836163,refunded
12328,113,8,3,2024-07-28T12:23:34.836163,completed
12329,113,113,4,2024-07-28T12:23:34.836163,completed
12330,988,160,1,2023-12-22T07:41:48.503864,completed
12331,988,96,5,2023-12-22T07:41:48.503864,completed
12332,817,75,2,2024-01-03T06:32:47.229283,completed
12333,817,24,5,2024-01-03T06:32:47.229283,completed
12334,817,33,5,2024-01-03T06:32:47.229283,completed
12335,672,82,4,2024-03-04T06:45:47.580386,completed
12336,672,144,4,2024-03-04T06:45:47.580386,completed
12337,442,9,4,2024-10-08T11:10:06.470136,completed
12338,343,17,4,2025-02-26T01:12:43.493980,pending
12339,343,94,5,2025-02-26T01:12:43.493980,pending
12340,343,23,4,2025-02-26T01:12:43.493980,completed
12341,372,150,2,2025-12-02T18:02:15.620732,completed
12342,534,151,1,2025-03-27T18:39:57.873415,pending
12343,534,86,2,2025-03-27T18:39:57.873415,completed
12344,534,56,2,2025-03-27T18:39:57.873415,completed
12345,890,86,1,2024-02-29T02:01:38.072459,completed
12346,890,136,5,2024-02-29T02:01:38.072459,refunded
12347,890,166,4,2024-02-29T02:01:38.072459,completed
12348,115,69,1,2025-06-05T20:32:55.420854,completed
12349,115,107,4,2025-06-05T20:32:55.420854,completed
12350,153,198,2,2024-12-14T20:30:05.515217,completed
12351,153,86,3,2024-12-14T20:30:05.515217,cancelled
12352,153,64,4,2024-12-14T20:30:05.515217,completed
12353,153,39,5,2024-12-14T20:30:05.515217,completed
12354,3,70,5,2025-02-23T19:59:22.990608,completed
12355,172,185,5,2025-05-30T03:48:04.788312,completed
12356,172,114,5,2025-05-30T03:48:04.788312,completed
12357,172,19,3,2025-05-30T03:48:04.788312,completed
12358,172,158,3,2025-05-30T03:48:04.788312,completed
12359,172,143,1,2025-05-30T03:48:04.788312,pending
12360,916,132,5,2025-08-01T04:17:35.472148,completed
12361,916,29,1,2025-08-01T04:17:35.472148,completed
12362,916,125,1,2025-08-01T04:17:35.472148,completed
12363,916,194,5,2025-08-01T04:17:35.472148,pending
12364,623,85,5,2025-05-10T13:25:57.895149,completed
12365,124,5,3,2025-12-01T13:48:44.994349,completed
12366,124,50,1,2025-12-01T13:48:44.994349,completed
12367,124,56,1,2025-12-01T13:48:44.994349,completed
12368,759,178,1,2024-03-20T21:08:30.681617,completed
12369,972,88,5,2024-09-01T02:28:17.535127,completed
12370,972,165,4,2024-09-01T02:28:17.535127,pending
12371,606,10,2,2024-08-10T05:16:00.389200,refunded
12372,606,163,1,2024-08-10T05:16:00.389200,completed
12373,606,48,4,2024-08-10T05:16:00.389200,completed
12374,606,28,4,2024-08-10T05:16:00.389200,completed
12375,606,200,2,2024-08-10T05:16:00.389200,cancelled
12376,77,75,4,2024-08-25T08:14:16.344509,pending
12377,77,111,3,2024-08-25T08:14:16.344509,completed
12378,118,181,3,2024-01-20T10:29:18.634084,completed
12379,118,176,2,2024-01-20T10:29:18.634084,completed
12380,163,118,3,2025-05-24T16:22:43.394294,completed
12381,844,68,5,2024-12-19T16:26:57.430573,completed
12382,844,150,2,2024-12-19T16:26:57.430573,completed
12383,844,177,5,2024-12-19T16:26:57.430573,completed
12384,844,186,2,2024-12-19T16:26:57.430573,completed
12385,844,83,3,2024-12-19T16:26:57.430573,completed
12386,379,176,1,2024-07-14T23:10:24.561227,completed
12387,379,91,4,2024-07-14T23:10:24.561227,completed
12388,379,127,5,2024-07-14T23:10:24.561227,completed
12389,379,184,2,2024-07-14T23:10:24.561227,completed
12390,589,89,5,2025-05-25T10:12:14.804535,completed
12391,589,15,4,2025-05-25T10:12:14.804535,completed
12392,589,78,1,2025-05-25T10:12:14.804535,completed
12393,589,61,3,2025-05-25T10:12:14.804535,completed
12394,589,129,4,2025-05-25T10:12:14.804535,completed
12395,742,83,2,2024-10-09T21:47:22.042844,completed
12396,742,49,2,2024-10-09T21:47:22.042844,refunded
12397,742,34,5,2024-10-09T21:47:22.042844,cancelled
12398,742,197,4,2024-10-09T21:47:22.042844,completed
12399,742,33,2,2024-10-09T21:47:22.042844,completed
12400,915,172,3,2024-03-19T13:09:29.627243,pending
12401,915,146,3,2024-03-19T13:09:29.627243,completed
12402,329,102,3,2024-01-08T11:59:28.988303,pending
12403,329,31,2,2024-01-08T11:59:28.988303,completed
12404,329,130,3,2024-01-08T11:59:28.988303,pending
12405,329,191,1,2024-01-08T11:59:28.988303,completed
12406,329,4,3,2024-01-08T11:59:28.988303,completed
12407,836,37,4,2025-03-09T10:21:17.324567,completed
12408,836,173,3,2025-03-09T10:21:17.324567,completed
12409,836,164,5,2025-03-09T10:21:17.324567,completed
12410,177,111,5,2024-09-29T14:16:46.490738,completed
12411,391,51,4,2024-01-04T00:59:28.509334,pending
12412,391,46,4,2024-01-04T00:59:28.509334,completed
12413,391,95,2,2024-01-04T00:59:28.509334,completed
12414,391,171,4,2024-01-04T00:59:28.509334,completed
12415,391,154,1,2024-01-04T00:59:28.509334,pending
12416,482,60,5,2024-11-21T01:16:37.553730,completed
12417,482,66,5,2024-11-21T01:16:37.553730,completed
12418,482,32,3,2024-11-21T01:16:37.553730,cancelled
12419,651,144,2,2025-03-14T18:11:13.103618,cancelled
12420,651,192,2,2025-03-14T18:11:13.103618,pending
12421,651,200,1,2025-03-14T18:11:13.103618,completed
12422,651,9,4,2025-03-14T18:11:13.103618,completed
12423,695,108,2,2024-01-12T18:24:06.151591,completed
12424,372,35,4,2025-08-30T05:06:57.795838,completed
12425,586,69,3,2025-06-26T15:14:09.348257,completed
12426,586,117,3,2025-06-26T15:14:09.348257,completed
12427,586,58,3,2025-06-26T15:14:09.348257,completed
12428,637,8,2,2024-11-05T03:18:07.931036,completed
12429,245,136,4,2024-01-15T16:59:07.906099,pending
12430,767,120,4,2024-09-25T21:06:29.141386,completed
12431,767,147,4,2024-09-25T21:06:29.141386,cancelled
12432,767,164,3,2024-09-25T21:06:29.141386,completed
12433,767,13,2,2024-09-25T21:06:29.141386,completed
12434,730,21,1,2025-02-11T08:24:01.345636,completed
12435,565,131,2,2025-04-05T23:41:24.300817,completed
12436,565,65,5,2025-04-05T23:41:24.300817,completed
12437,19,165,5,2025-02-12T16:45:13.696600,completed
12438,729,159,2,2024-12-12T01:33:05.217698,completed
12439,729,193,3,2024-12-12T01:33:05.217698,completed
12440,729,89,3,2024-12-12T01:33:05.217698,completed
12441,729,165,2,2024-12-12T01:33:05.217698,cancelled
12442,133,68,3,2024-10-31T20:41:07.057790,pending
12443,133,33,4,2024-10-31T20:41:07.057790,completed
12444,789,117,3,2025-03-01T07:44:35.057384,completed
12445,789,65,3,2025-03-01T07:44:35.057384,completed
12446,110,135,3,2025-11-09T15:16:02.976407,completed
12447,110,89,4,2025-11-09T15:16:02.976407,refunded
12448,110,48,2,2025-11-09T15:16:02.976407,completed
12449,110,24,2,2025-11-09T15:16:02.976407,completed
12450,110,26,5,2025-11-09T15:16:02.976407,pending
12451,729,126,1,2024-08-05T07:05:34.785244,completed
12452,729,139,3,2024-08-05T07:05:34.785244,completed
12453,729,130,5,2024-08-05T07:05:34.785244,completed
12454,729,77,2,2024-08-05T07:05:34.785244,completed
12455,729,46,5,2024-08-05T07:05:34.785244,completed
12456,319,193,5,2025-04-30T14:28:21.279851,completed
12457,319,122,2,2025-04-30T14:28:21.279851,completed
12458,319,15,2,2025-04-30T14:28:21.279851,completed
12459,319,99,2,2025-04-30T14:28:21.279851,completed
12460,655,39,3,2024-10-06T13:57:35.455271,completed
12461,84,183,4,2025-05-17T22:31:21.953967,completed
12462,84,171,3,2025-05-17T22:31:21.953967,completed
12463,84,181,4,2025-05-17T22:31:21.953967,completed
12464,84,166,5,2025-05-17T22:31:21.953967,completed
12465,70,195,4,2024-03-10T04:25:02.673314,completed
12466,70,146,1,2024-03-10T04:25:02.673314,pending
12467,70,133,5,2024-03-10T04:25:02.673314,completed
12468,70,112,3,2024-03-10T04:25:02.673314,completed
12469,70,56,3,2024-03-10T04:25:02.673314,refunded
12470,600,181,1,2025-07-25T23:05:31.334037,completed
12471,600,17,3,2025-07-25T23:05:31.334037,completed
12472,178,162,1,2025-02-15T09:12:50.267216,completed
12473,178,86,3,2025-02-15T09:12:50.267216,completed
12474,507,147,2,2025-07-13T03:42:40.617589,completed
12475,507,109,5,2025-07-13T03:42:40.617589,completed
12476,507,36,3,2025-07-13T03:42:40.617589,completed
12477,507,103,5,2025-07-13T03:42:40.617589,cancelled
12478,899,174,4,2025-04-19T09:51:42.280214,completed
12479,899,119,2,2025-04-19T09:51:42.280214,pending
12480,899,146,2,2025-04-19T09:51:42.280214,completed
12481,899,22,5,2025-04-19T09:51:42.280214,completed
12482,127,8,1,2025-07-05T21:23:39.803304,completed
12483,183,105,4,2025-10-25T10:23:21.388840,completed
12484,183,171,1,2025-10-25T10:23:21.388840,completed
12485,183,107,3,2025-10-25T10:23:21.388840,completed
12486,183,153,1,2025-10-25T10:23:21.388840,completed
12487,183,15,5,2025-10-25T10:23:21.388840,completed
12488,780,145,4,2024-10-25T19:57:04.478134,completed
12489,648,170,5,2024-10-09T10:57:35.877979,completed
12490,731,162,4,2024-06-20T13:22:01.920898,cancelled
12491,731,91,3,2024-06-20T13:22:01.920898,completed
12492,731,132,2,2024-06-20T13:22:01.920898,completed
12493,690,185,4,2025-12-19T02:56:09.408661,completed
12494,690,178,2,2025-12-19T02:56:09.408661,completed
12495,690,151,5,2025-12-19T02:56:09.408661,completed
12496,46,30,5,2025-07-20T10:54:27.385119,completed
12497,46,117,3,2025-07-20T10:54:27.385119,completed
12498,46,32,2,2025-07-20T10:54:27.385119,pending
12499,263,195,3,2024-12-10T13:11:17.543296,completed
12500,263,61,4,2024-12-10T13:11:17.543296,completed
12501,692,175,2,2024-06-13T08:57:49.281384,completed
12502,692,124,2,2024-06-13T08:57:49.281384,completed
12503,692,128,3,2024-06-13T08:57:49.281384,completed
12504,692,114,4,2024-06-13T08:57:49.281384,completed
12505,212,3,3,2025-09-23T04:17:01.268416,completed
12506,605,154,4,2025-07-24T02:30:40.204310,cancelled
12507,605,24,1,2025-07-24T02:30:40.204310,completed
12508,605,66,2,2025-07-24T02:30:40.204310,pending
12509,605,1,1,2025-07-24T02:30:40.204310,cancelled
12510,423,170,5,2025-05-17T15:25:42.887545,completed
12511,493,101,5,2025-02-27T02:30:57.031932,completed
12512,493,182,3,2025-02-27T02:30:57.031932,completed
12513,493,106,1,2025-02-27T02:30:57.031932,completed
12514,769,75,2,2024-01-23T03:58:28.027838,completed
12515,769,197,4,2024-01-23T03:58:28.027838,completed
12516,830,189,2,2024-02-01T03:55:06.855884,completed
12517,830,13,2,2024-02-01T03:55:06.855884,completed
12518,868,96,5,2024-03-23T12:16:58.285066,completed
12519,868,184,4,2024-03-23T12:16:58.285066,completed
12520,868,37,3,2024-03-23T12:16:58.285066,completed
12521,868,93,4,2024-03-23T12:16:58.285066,cancelled
12522,868,84,1,2024-03-23T12:16:58.285066,completed
12523,678,46,5,2025-01-14T00:10:29.977017,completed
12524,678,134,4,2025-01-14T00:10:29.977017,pending
12525,678,177,3,2025-01-14T00:10:29.977017,cancelled
12526,678,58,4,2025-01-14T00:10:29.977017,completed
12527,989,47,4,2024-05-25T13:27:24.109519,completed
12528,625,53,1,2025-07-12T01:21:35.470688,completed
12529,625,169,4,2025-07-12T01:21:35.470688,completed
12530,625,104,4,2025-07-12T01:21:35.470688,completed
12531,625,172,3,2025-07-12T01:21:35.470688,completed
12532,625,61,5,2025-07-12T01:21:35.470688,pending
12533,40,82,4,2025-11-26T08:22:42.099409,pending
12534,40,17,4,2025-11-26T08:22:42.099409,completed
12535,40,162,1,2025-11-26T08:22:42.099409,completed
12536,40,155,4,2025-11-26T08:22:42.099409,completed
12537,40,87,2,2025-11-26T08:22:42.099409,completed
12538,121,92,1,2024-06-06T07:27:16.239187,completed
12539,58,131,1,2024-08-29T06:12:44.211772,pending
12540,58,119,5,2024-08-29T06:12:44.211772,completed
12541,58,190,2,2024-08-29T06:12:44.211772,completed
12542,58,183,3,2024-08-29T06:12:44.211772,completed
12543,914,177,4,2024-03-07T17:18:36.577714,completed
12544,914,187,2,2024-03-07T17:18:36.577714,completed
12545,374,124,2,2024-05-10T13:12:16.863356,completed
12546,374,161,5,2024-05-10T13:12:16.863356,completed
12547,768,101,1,2023-12-26T06:43:28.297720,completed
12548,768,113,3,2023-12-26T06:43:28.297720,completed
12549,768,118,5,2023-12-26T06:43:28.297720,completed
12550,768,121,1,2023-12-26T06:43:28.297720,completed
12551,768,179,2,2023-12-26T06:43:28.297720,completed
12552,943,99,3,2024-07-06T17:08:03.623937,completed
12553,943,156,5,2024-07-06T17:08:03.623937,completed
12554,943,196,4,2024-07-06T17:08:03.623937,completed
12555,943,154,2,2024-07-06T17:08:03.623937,completed
12556,943,25,2,2024-07-06T17:08:03.623937,completed
12557,846,55,2,2024-01-24T08:57:08.582865,completed
12558,586,121,4,2024-11-26T21:08:49.308063,completed
12559,586,68,1,2024-11-26T21:08:49.308063,completed
12560,777,138,4,2025-09-07T03:58:23.067102,completed
12561,777,74,2,2025-09-07T03:58:23.067102,completed
12562,777,20,1,2025-09-07T03:58:23.067102,completed
12563,777,93,2,2025-09-07T03:58:23.067102,completed
12564,777,128,3,2025-09-07T03:58:23.067102,completed
12565,605,106,4,2024-04-19T10:52:09.443991,completed
12566,605,193,3,2024-04-19T10:52:09.443991,completed
12567,605,22,5,2024-04-19T10:52:09.443991,completed
12568,226,93,5,2025-03-28T23:40:10.819104,completed
12569,226,34,4,2025-03-28T23:40:10.819104,completed
12570,226,177,4,2025-03-28T23:40:10.819104,completed
12571,803,197,5,2025-12-02T14:07:58.584920,completed
12572,803,38,2,2025-12-02T14:07:58.584920,completed
12573,229,92,5,2024-06-03T13:18:32.456965,pending
12574,229,37,5,2024-06-03T13:18:32.456965,completed
12575,107,186,5,2024-10-11T22:17:33.207606,completed
12576,107,50,3,2024-10-11T22:17:33.207606,completed
12577,107,90,2,2024-10-11T22:17:33.207606,completed
12578,681,189,4,2025-04-25T02:25:32.373205,completed
12579,681,128,3,2025-04-25T02:25:32.373205,completed
12580,681,69,4,2025-04-25T02:25:32.373205,completed
12581,919,63,5,2024-06-02T07:35:32.738035,cancelled
12582,919,27,1,2024-06-02T07:35:32.738035,completed
12583,919,195,1,2024-06-02T07:35:32.738035,cancelled
12584,919,3,4,2024-06-02T07:35:32.738035,completed
12585,919,32,3,2024-06-02T07:35:32.738035,pending
12586,965,193,3,2024-12-05T10:03:53.423918,completed
12587,965,7,1,2024-12-05T10:03:53.423918,completed
12588,965,192,1,2024-12-05T10:03:53.423918,completed
12589,576,175,3,2025-07-06T19:08:30.581331,completed
12590,576,108,4,2025-07-06T19:08:30.581331,completed
12591,576,125,2,2025-07-06T19:08:30.581331,completed
12592,576,153,5,2025-07-06T19:08:30.581331,cancelled
12593,576,126,4,2025-07-06T19:08:30.581331,completed
12594,394,100,2,2025-02-07T16:42:03.635284,cancelled
12595,394,196,2,2025-02-07T16:42:03.635284,completed
12596,394,85,4,2025-02-07T16:42:03.635284,completed
12597,762,105,2,2024-11-07T13:09:22.161288,completed
12598,762,59,4,2024-11-07T13:09:22.161288,cancelled
12599,762,51,2,2024-11-07T13:09:22.161288,completed
12600,762,123,5,2024-11-07T13:09:22.161288,cancelled
12601,762,148,3,2024-11-07T13:09:22.161288,completed
12602,224,75,4,2025-08-11T01:47:13.223512,completed
12603,224,53,3,2025-08-11T01:47:13.223512,completed
12604,224,141,2,2025-08-11T01:47:13.223512,completed
12605,224,164,3,2025-08-11T01:47:13.223512,completed
12606,931,65,4,2024-02-04T15:24:55.848073,completed
12607,427,160,4,2025-05-11T06:25:59.072036,pending
12608,657,110,3,2025-01-03T21:55:02.153665,cancelled
12609,657,42,4,2025-01-03T21:55:02.153665,completed
12610,657,153,4,2025-01-03T21:55:02.153665,completed
12611,657,20,5,2025-01-03T21:55:02.153665,completed
12612,657,70,3,2025-01-03T21:55:02.153665,completed
12613,622,24,2,2024-01-06T06:29:31.364070,completed
12614,622,113,3,2024-01-06T06:29:31.364070,completed
12615,622,193,4,2024-01-06T06:29:31.364070,completed
12616,622,77,5,2024-01-06T06:29:31.364070,completed
12617,622,125,4,2024-01-06T06:29:31.364070,pending
12618,519,175,1,2025-05-17T21:47:14.835321,completed
12619,519,89,5,2025-05-17T21:47:14.835321,completed
12620,519,168,3,2025-05-17T21:47:14.835321,completed
12621,519,93,5,2025-05-17T21:47:14.835321,cancelled
12622,519,116,1,2025-05-17T21:47:14.835321,cancelled
12623,249,82,4,2025-09-04T21:20:30.721895,completed
12624,249,47,3,2025-09-04T21:20:30.721895,completed
12625,249,87,2,2025-09-04T21:20:30.721895,completed
12626,249,123,2,2025-09-04T21:20:30.721895,completed
12627,249,65,5,2025-09-04T21:20:30.721895,completed
12628,379,19,5,2025-10-02T00:38:37.413674,pending
12629,379,159,4,2025-10-02T00:38:37.413674,completed
12630,379,21,4,2025-10-02T00:38:37.413674,completed
12631,379,141,5,2025-10-02T00:38:37.413674,pending
12632,227,188,5,2023-12-28T23:38:08.491440,completed
12633,227,48,1,2023-12-28T23:38:08.491440,cancelled
12634,332,4,1,2024-01-27T14:27:48.635661,completed
12635,332,82,4,2024-01-27T14:27:48.635661,completed
12636,332,74,3,2024-01-27T14:27:48.635661,completed
12637,332,90,3,2024-01-27T14:27:48.635661,completed
12638,332,190,1,2024-01-27T14:27:48.635661,completed
12639,284,48,2,2024-11-18T05:56:57.087577,pending
12640,284,75,4,2024-11-18T05:56:57.087577,completed
12641,284,105,2,2024-11-18T05:56:57.087577,completed
12642,240,15,4,2025-05-30T13:29:05.635378,completed
12643,240,199,2,2025-05-30T13:29:05.635378,completed
12644,811,183,5,2025-07-30T16:27:14.879631,cancelled
12645,811,95,3,2025-07-30T16:27:14.879631,cancelled
12646,841,172,2,2025-07-08T11:15:45.118341,completed
12647,841,139,1,2025-07-08T11:15:45.118341,completed
12648,841,6,1,2025-07-08T11:15:45.118341,completed
12649,841,147,5,2025-07-08T11:15:45.118341,completed
12650,841,102,3,2025-07-08T11:15:45.118341,completed
12651,517,38,4,2024-11-04T03:10:10.260146,pending
12652,517,200,4,2024-11-04T03:10:10.260146,completed
12653,517,180,5,2024-11-04T03:10:10.260146,cancelled
12654,517,122,4,2024-11-04T03:10:10.260146,completed
12655,517,49,5,2024-11-04T03:10:10.260146,completed
12656,889,99,4,2024-09-12T09:28:22.391323,completed
12657,889,106,4,2024-09-12T09:28:22.391323,completed
12658,889,7,3,2024-09-12T09:28:22.391323,cancelled
12659,889,146,1,2024-09-12T09:28:22.391323,completed
12660,773,176,3,2025-08-06T09:09:21.692485,completed
12661,373,114,2,2024-09-30T17:04:00.130653,completed
12662,161,187,1,2024-01-08T08:20:16.280500,completed
12663,161,198,4,2024-01-08T08:20:16.280500,completed
12664,161,190,2,2024-01-08T08:20:16.280500,completed
12665,161,7,2,2024-01-08T08:20:16.280500,completed
12666,161,176,2,2024-01-08T08:20:16.280500,completed
12667,163,75,1,2024-04-26T03:04:07.129777,completed
12668,163,99,3,2024-04-26T03:04:07.129777,completed
12669,163,61,3,2024-04-26T03:04:07.129777,completed
12670,124,118,4,2025-09-01T17:01:12.451253,completed
12671,599,198,3,2024-05-01T12:14:56.230354,completed
12672,599,186,5,2024-05-01T12:14:56.230354,completed
12673,599,114,5,2024-05-01T12:14:56.230354,completed
12674,599,43,1,2024-05-01T12:14:56.230354,refunded
12675,599,72,5,2024-05-01T12:14:56.230354,completed
12676,507,183,2,2025-12-14T08:04:24.999439,completed
12677,507,81,1,2025-12-14T08:04:24.999439,completed
12678,507,196,4,2025-12-14T08:04:24.999439,completed
12679,642,37,5,2024-10-19T03:42:50.083642,cancelled
12680,642,112,1,2024-10-19T03:42:50.083642,completed
12681,642,134,1,2024-10-19T03:42:50.083642,completed
12682,642,56,2,2024-10-19T03:42:50.083642,pending
12683,419,107,2,2025-10-06T03:12:36.868603,completed
12684,419,115,3,2025-10-06T03:12:36.868603,completed
12685,419,47,2,2025-10-06T03:12:36.868603,completed
12686,419,17,1,2025-10-06T03:12:36.868603,pending
12687,419,200,2,2025-10-06T03:12:36.868603,completed
12688,968,86,2,2024-11-28T21:53:05.989956,completed
12689,968,58,5,2024-11-28T21:53:05.989956,completed
12690,968,116,1,2024-11-28T21:53:05.989956,completed
12691,968,146,1,2024-11-28T21:53:05.989956,completed
12692,968,143,1,2024-11-28T21:53:05.989956,pending
12693,437,145,5,2025-02-24T21:03:51.293205,completed
12694,437,10,2,2025-02-24T21:03:51.293205,completed
12695,573,175,4,2024-07-01T02:20:41.111401,completed
12696,573,129,5,2024-07-01T02:20:41.111401,cancelled
12697,573,53,4,2024-07-01T02:20:41.111401,completed
12698,204,102,1,2025-07-11T13:19:18.754426,cancelled
12699,204,109,4,2025-07-11T13:19:18.754426,completed
12700,204,87,3,2025-07-11T13:19:18.754426,completed
12701,204,171,4,2025-07-11T13:19:18.754426,completed
12702,204,106,3,2025-07-11T13:19:18.754426,completed
12703,831,82,4,2024-02-08T20:17:27.184619,completed
12704,675,91,3,2025-09-28T09:53:17.230953,completed
12705,675,4,3,2025-09-28T09:53:17.230953,completed
12706,823,167,1,2025-09-12T01:39:43.732051,completed
12707,823,158,5,2025-09-12T01:39:43.732051,cancelled
12708,823,189,3,2025-09-12T01:39:43.732051,completed
12709,823,129,2,2025-09-12T01:39:43.732051,completed
12710,823,141,4,2025-09-12T01:39:43.732051,completed
12711,775,121,1,2025-01-06T01:16:58.741217,completed
12712,775,162,2,2025-01-06T01:16:58.741217,completed
12713,775,39,1,2025-01-06T01:16:58.741217,completed
12714,294,95,1,2024-10-29T10:37:19.636785,completed
12715,753,149,4,2025-02-19T00:23:59.926614,completed
12716,753,63,5,2025-02-19T00:23:59.926614,completed
12717,753,30,4,2025-02-19T00:23:59.926614,completed
12718,842,23,3,2024-02-23T13:34:13.921385,completed
12719,645,112,3,2024-03-22T04:10:35.980901,completed
12720,645,23,3,2024-03-22T04:10:35.980901,completed
12721,645,60,3,2024-03-22T04:10:35.980901,completed
12722,645,166,1,2024-03-22T04:10:35.980901,pending
12723,320,142,5,2024-03-23T18:09:48.047426,completed
12724,320,78,2,2024-03-23T18:09:48.047426,completed
12725,320,9,1,2024-03-23T18:09:48.047426,completed
12726,914,160,3,2024-05-12T05:04:25.866573,completed
12727,914,175,3,2024-05-12T05:04:25.866573,completed
12728,914,10,3,2024-05-12T05:04:25.866573,completed
12729,914,167,3,2024-05-12T05:04:25.866573,completed
12730,914,99,5,2024-05-12T05:04:25.866573,cancelled
12731,943,168,2,2025-07-28T23:41:12.084635,completed
12732,943,101,4,2025-07-28T23:41:12.084635,completed
12733,144,78,3,2024-02-14T03:22:55.464067,completed
12734,144,93,1,2024-02-14T03:22:55.464067,completed
12735,537,61,1,2025-03-22T16:22:27.358670,completed
12736,537,90,3,2025-03-22T16:22:27.358670,pending
12737,684,67,5,2024-04-20T11:48:45.338785,completed
12738,684,70,4,2024-04-20T11:48:45.338785,completed
12739,254,10,3,2025-09-14T01:56:28.252121,completed
12740,254,198,5,2025-09-14T01:56:28.252121,cancelled
12741,254,11,5,2025-09-14T01:56:28.252121,completed
12742,254,187,5,2025-09-14T01:56:28.252121,pending
12743,254,9,5,2025-09-14T01:56:28.252121,completed
12744,428,162,3,2025-07-31T01:25:04.557613,completed
12745,428,43,5,2025-07-31T01:25:04.557613,completed
12746,428,81,4,2025-07-31T01:25:04.557613,completed
12747,428,27,5,2025-07-31T01:25:04.557613,completed
12748,459,19,1,2024-02-19T06:58:16.135406,cancelled
12749,459,128,5,2024-02-19T06:58:16.135406,cancelled
12750,909,105,2,2024-03-08T23:43:35.665143,pending
12751,909,137,2,2024-03-08T23:43:35.665143,pending
12752,909,144,5,2024-03-08T23:43:35.665143,completed
12753,909,27,5,2024-03-08T23:43:35.665143,completed
12754,185,25,3,2024-12-12T07:41:57.273492,completed
12755,185,94,4,2024-12-12T07:41:57.273492,completed
12756,185,14,2,2024-12-12T07:41:57.273492,completed
12757,185,26,2,2024-12-12T07:41:57.273492,completed
12758,185,98,3,2024-12-12T07:41:57.273492,completed
12759,111,113,5,2025-04-02T20:23:57.998178,completed
12760,111,104,4,2025-04-02T20:23:57.998178,completed
12761,888,194,3,2025-02-07T13:45:54.884952,cancelled
12762,888,150,5,2025-02-07T13:45:54.884952,cancelled
12763,501,94,1,2025-12-04T16:26:08.473838,completed
12764,501,10,5,2025-12-04T16:26:08.473838,completed
12765,501,143,4,2025-12-04T16:26:08.473838,completed
12766,926,167,1,2025-08-27T16:04:19.236275,completed
12767,926,57,4,2025-08-27T16:04:19.236275,completed
12768,435,72,2,2025-08-03T15:27:42.954013,completed
12769,967,68,3,2025-09-12T22:03:36.358302,completed
12770,919,86,1,2024-10-03T23:39:08.237577,completed
12771,919,10,4,2024-10-03T23:39:08.237577,completed
12772,919,68,3,2024-10-03T23:39:08.237577,completed
12773,919,197,5,2024-10-03T23:39:08.237577,completed
12774,147,107,3,2025-06-26T19:31:38.187971,completed
12775,147,190,5,2025-06-26T19:31:38.187971,completed
12776,147,153,1,2025-06-26T19:31:38.187971,pending
12777,147,74,4,2025-06-26T19:31:38.187971,completed
12778,147,187,3,2025-06-26T19:31:38.187971,completed
12779,497,35,5,2024-08-09T14:02:24.446727,pending
12780,497,6,4,2024-08-09T14:02:24.446727,completed
12781,497,155,4,2024-08-09T14:02:24.446727,cancelled
12782,497,49,2,2024-08-09T14:02:24.446727,completed
12783,178,172,4,2025-11-23T22:54:59.538282,completed
12784,178,107,1,2025-11-23T22:54:59.538282,completed
12785,178,1,3,2025-11-23T22:54:59.538282,pending
12786,178,181,3,2025-11-23T22:54:59.538282,completed
12787,175,178,2,2025-03-24T13:08:57.235445,completed
12788,175,32,3,2025-03-24T13:08:57.235445,completed
12789,175,49,4,2025-03-24T13:08:57.235445,completed
12790,175,91,2,2025-03-24T13:08:57.235445,completed
12791,968,185,5,2024-07-07T06:10:03.932511,completed
12792,968,40,1,2024-07-07T06:10:03.932511,pending
12793,968,23,3,2024-07-07T06:10:03.932511,completed
12794,968,54,1,2024-07-07T06:10:03.932511,completed
12795,361,34,2,2025-10-19T03:02:23.458788,pending
12796,361,161,3,2025-10-19T03:02:23.458788,completed
12797,361,93,4,2025-10-19T03:02:23.458788,cancelled
12798,516,131,3,2025-05-15T07:57:00.628845,completed
12799,539,179,4,2024-05-01T01:31:56.715748,completed
12800,539,4,1,2024-05-01T01:31:56.715748,completed
12801,193,79,2,2025-05-05T09:04:17.321653,completed
12802,193,9,2,2025-05-05T09:04:17.321653,completed
12803,959,188,2,2024-08-08T12:39:40.167564,completed
12804,482,116,2,2024-07-17T03:55:37.422474,completed
12805,482,64,4,2024-07-17T03:55:37.422474,completed
12806,458,113,3,2024-02-14T18:19:13.475237,cancelled
12807,458,75,5,2024-02-14T18:19:13.475237,pending
12808,458,112,5,2024-02-14T18:19:13.475237,completed
12809,458,158,3,2024-02-14T18:19:13.475237,completed
12810,551,164,3,2025-01-04T08:38:38.139696,completed
12811,551,181,2,2025-01-04T08:38:38.139696,refunded
12812,551,118,3,2025-01-04T08:38:38.139696,completed
12813,551,193,5,2025-01-04T08:38:38.139696,completed
12814,75,107,3,2025-07-25T08:28:19.397160,completed
12815,75,126,4,2025-07-25T08:28:19.397160,completed
12816,888,105,5,2025-05-06T04:12:41.693967,cancelled
12817,888,130,1,2025-05-06T04:12:41.693967,cancelled
12818,888,67,3,2025-05-06T04:12:41.693967,completed
12819,888,182,4,2025-05-06T04:12:41.693967,pending
12820,662,54,1,2025-04-20T06:01:38.249819,completed
12821,662,196,2,2025-04-20T06:01:38.249819,pending
12822,662,48,4,2025-04-20T06:01:38.249819,completed
12823,662,9,1,2025-04-20T06:01:38.249819,completed
12824,662,49,3,2025-04-20T06:01:38.249819,completed
12825,213,175,1,2025-07-01T09:49:10.410118,completed
12826,213,137,1,2025-07-01T09:49:10.410118,completed
12827,213,57,1,2025-07-01T09:49:10.410118,completed
12828,213,49,3,2025-07-01T09:49:10.410118,completed
12829,213,52,1,2025-07-01T09:49:10.410118,completed
12830,434,138,1,2025-05-12T13:37:13.112482,pending
12831,434,15,2,2025-05-12T13:37:13.112482,completed
12832,857,165,3,2024-02-21T06:39:05.532836,completed
12833,857,94,2,2024-02-21T06:39:05.532836,completed
12834,857,50,5,2024-02-21T06:39:05.532836,cancelled
12835,857,19,3,2024-02-21T06:39:05.532836,completed
12836,857,29,3,2024-02-21T06:39:05.532836,pending
12837,881,149,4,2024-09-25T00:34:37.820783,completed
12838,881,22,1,2024-09-25T00:34:37.820783,completed
12839,881,6,2,2024-09-25T00:34:37.820783,completed
12840,390,16,1,2024-11-13T18:27:17.545596,cancelled
12841,390,75,4,2024-11-13T18:27:17.545596,cancelled
12842,390,102,2,2024-11-13T18:27:17.545596,pending
12843,319,142,2,2024-12-28T08:59:55.043063,cancelled
12844,319,164,3,2024-12-28T08:59:55.043063,completed
12845,319,155,5,2024-12-28T08:59:55.043063,refunded
12846,319,34,2,2024-12-28T08:59:55.043063,pending
12847,916,165,3,2024-01-03T07:22:39.420017,completed
12848,916,26,4,2024-01-03T07:22:39.420017,completed
12849,916,199,1,2024-01-03T07:22:39.420017,completed
12850,916,63,1,2024-01-03T07:22:39.420017,completed
12851,888,158,1,2024-08-23T22:36:30.481632,completed
12852,888,149,5,2024-08-23T22:36:30.481632,pending
12853,888,128,1,2024-08-23T22:36:30.481632,completed
12854,888,167,5,2024-08-23T22:36:30.481632,completed
12855,363,109,4,2024-02-01T06:28:26.828363,completed
12856,363,136,3,2024-02-01T06:28:26.828363,completed
12857,547,108,1,2025-01-27T14:56:04.859162,completed
12858,547,142,5,2025-01-27T14:56:04.859162,cancelled
12859,690,30,1,2025-04-07T08:20:11.913961,completed
12860,690,75,2,2025-04-07T08:20:11.913961,completed
12861,201,135,4,2025-01-18T07:33:00.318059,completed
12862,288,149,2,2025-05-07T23:45:46.479288,completed
12863,288,5,5,2025-05-07T23:45:46.479288,pending
12864,159,14,3,2024-05-27T00:19:38.269383,pending
12865,757,46,1,2025-08-23T17:23:32.795009,completed
12866,757,102,3,2025-08-23T17:23:32.795009,completed
12867,757,11,5,2025-08-23T17:23:32.795009,pending
12868,757,124,4,2025-08-23T17:23:32.795009,completed
12869,734,136,2,2025-05-31T13:20:06.803047,completed
12870,734,158,5,2025-05-31T13:20:06.803047,completed
12871,734,44,3,2025-05-31T13:20:06.803047,cancelled
12872,734,17,2,2025-05-31T13:20:06.803047,completed
12873,734,60,2,2025-05-31T13:20:06.803047,completed
12874,589,172,3,2024-12-29T16:14:00.840433,completed
12875,589,174,1,2024-12-29T16:14:00.840433,completed
12876,589,45,2,2024-12-29T16:14:00.840433,completed
12877,589,198,3,2024-12-29T16:14:00.840433,completed
12878,905,75,1,2025-07-12T22:58:06.899292,completed
12879,905,61,4,2025-07-12T22:58:06.899292,completed
12880,905,165,3,2025-07-12T22:58:06.899292,completed
12881,466,14,2,2025-01-16T06:09:39.801075,completed
12882,466,15,3,2025-01-16T06:09:39.801075,completed
12883,466,122,2,2025-01-16T06:09:39.801075,completed
12884,466,162,5,2025-01-16T06:09:39.801075,pending
12885,466,147,2,2025-01-16T06:09:39.801075,completed
12886,359,164,1,2025-10-06T18:40:34.478128,completed
12887,359,167,3,2025-10-06T18:40:34.478128,completed
12888,359,94,5,2025-10-06T18:40:34.478128,completed
12889,40,190,4,2025-09-10T14:06:29.274832,completed
12890,993,158,5,2025-11-05T22:33:52.909805,completed
12891,193,114,2,2024-06-27T23:54:36.426095,completed
12892,900,59,3,2025-04-23T22:10:31.634117,refunded
12893,724,1,1,2024-04-20T01:39:57.577835,pending
12894,724,73,3,2024-04-20T01:39:57.577835,completed
12895,724,50,5,2024-04-20T01:39:57.577835,completed
12896,724,54,1,2024-04-20T01:39:57.577835,completed
12897,724,61,1,2024-04-20T01:39:57.577835,completed
12898,32,159,2,2025-11-11T01:37:05.787343,refunded
12899,941,84,1,2024-06-28T15:04:10.274072,pending
12900,941,48,4,2024-06-28T15:04:10.274072,completed
12901,179,14,1,2025-01-05T10:09:48.846947,refunded
12902,179,176,3,2025-01-05T10:09:48.846947,completed
12903,179,146,4,2025-01-05T10:09:48.846947,completed
12904,179,54,2,2025-01-05T10:09:48.846947,completed
12905,389,75,1,2024-05-13T19:40:54.432467,cancelled
12906,977,49,1,2024-08-13T08:40:40.232539,completed
12907,977,27,1,2024-08-13T08:40:40.232539,completed
12908,124,150,3,2025-12-02T00:03:11.545448,completed
12909,124,76,1,2025-12-02T00:03:11.545448,completed
12910,124,82,5,2025-12-02T00:03:11.545448,completed
12911,124,120,5,2025-12-02T00:03:11.545448,completed
12912,124,190,1,2025-12-02T00:03:11.545448,completed
12913,850,106,2,2025-10-07T22:34:23.723820,completed
12914,850,198,2,2025-10-07T22:34:23.723820,pending
12915,850,113,2,2025-10-07T22:34:23.723820,completed
12916,378,121,4,2024-03-11T05:50:26.015029,completed
12917,187,29,1,2024-11-08T11:42:34.489305,completed
12918,187,62,2,2024-11-08T11:42:34.489305,pending
12919,187,167,5,2024-11-08T11:42:34.489305,completed
12920,386,26,3,2025-01-19T15:35:30.631461,completed
12921,386,14,1,2025-01-19T15:35:30.631461,completed
12922,386,102,5,2025-01-19T15:35:30.631461,completed
12923,386,107,2,2025-01-19T15:35:30.631461,completed
12924,457,114,3,2025-10-16T17:16:06.902226,completed
12925,457,74,3,2025-10-16T17:16:06.902226,completed
12926,457,21,4,2025-10-16T17:16:06.902226,completed
12927,457,171,2,2025-10-16T17:16:06.902226,completed
12928,508,159,3,2023-12-29T06:53:39.534112,completed
12929,508,127,1,2023-12-29T06:53:39.534112,completed
12930,508,178,4,2023-12-29T06:53:39.534112,cancelled
12931,508,174,5,2023-12-29T06:53:39.534112,completed
12932,508,197,5,2023-12-29T06:53:39.534112,completed
12933,732,103,5,2023-12-22T03:06:42.987693,pending
12934,102,28,1,2024-12-06T19:21:41.754399,completed
12935,102,82,3,2024-12-06T19:21:41.754399,completed
12936,102,30,3,2024-12-06T19:21:41.754399,completed
12937,102,24,5,2024-12-06T19:21:41.754399,completed
12938,374,107,1,2025-07-11T01:10:19.463338,cancelled
12939,374,113,2,2025-07-11T01:10:19.463338,completed
12940,374,56,4,2025-07-11T01:10:19.463338,pending
12941,907,24,4,2025-10-23T02:04:23.070549,completed
12942,907,147,3,2025-10-23T02:04:23.070549,completed
12943,907,1,3,2025-10-23T02:04:23.070549,completed
12944,556,122,2,2024-11-27T07:58:08.969212,completed
12945,556,190,1,2024-11-27T07:58:08.969212,completed
12946,556,2,1,2024-11-27T07:58:08.969212,cancelled
12947,413,119,1,2024-12-07T16:46:20.853650,completed
12948,212,30,1,2025-06-07T21:18:30.017809,completed
12949,463,137,1,2023-12-28T15:58:41.763948,completed
12950,463,57,5,2023-12-28T15:58:41.763948,completed
12951,666,117,2,2024-10-24T01:18:11.947656,completed
12952,251,121,3,2025-04-19T17:23:39.588485,cancelled
12953,251,151,4,2025-04-19T17:23:39.588485,completed
12954,251,98,1,2025-04-19T17:23:39.588485,completed
12955,66,75,4,2024-11-03T01:31:58.418374,completed
12956,66,34,4,2024-11-03T01:31:58.418374,completed
12957,66,200,2,2024-11-03T01:31:58.418374,pending
12958,77,108,3,2025-11-29T11:30:38.295898,completed
12959,781,78,1,2024-06-11T05:52:09.758143,pending
12960,781,170,3,2024-06-11T05:52:09.758143,pending
12961,485,75,4,2024-11-24T15:26:25.642589,completed
12962,485,169,5,2024-11-24T15:26:25.642589,completed
12963,485,102,2,2024-11-24T15:26:25.642589,cancelled
12964,64,76,1,2024-04-04T09:56:34.815974,completed
12965,64,33,5,2024-04-04T09:56:34.815974,completed
12966,64,191,1,2024-04-04T09:56:34.815974,completed
12967,64,19,5,2024-04-04T09:56:34.815974,pending
12968,101,158,3,2025-03-05T22:30:06.030740,cancelled
12969,101,39,4,2025-03-05T22:30:06.030740,completed
12970,101,61,2,2025-03-05T22:30:06.030740,completed
12971,772,74,2,2023-12-22T20:00:58.051509,completed
12972,772,109,2,2023-12-22T20:00:58.051509,completed
12973,772,66,4,2023-12-22T20:00:58.051509,completed
12974,772,84,3,2023-12-22T20:00:58.051509,completed
12975,323,111,1,2024-10-23T12:40:41.199125,completed
12976,662,27,2,2024-12-07T14:35:37.686006,completed
12977,662,25,1,2024-12-07T14:35:37.686006,cancelled
12978,662,177,3,2024-12-07T14:35:37.686006,completed
12979,761,162,1,2025-08-24T08:03:14.981246,cancelled
12980,761,27,5,2025-08-24T08:03:14.981246,completed
12981,701,164,4,2025-03-29T21:41:03.772027,completed
12982,591,116,1,2024-05-04T11:33:00.841772,completed
12983,591,192,5,2024-05-04T11:33:00.841772,completed
12984,591,97,1,2024-05-04T11:33:00.841772,completed
12985,713,163,3,2024-02-27T11:20:15.466102,completed
12986,713,72,4,2024-02-27T11:20:15.466102,completed
12987,713,164,3,2024-02-27T11:20:15.466102,completed
12988,381,121,4,2024-04-06T12:47:38.160048,completed
12989,381,64,4,2024-04-06T12:47:38.160048,completed
12990,381,111,3,2024-04-06T12:47:38.160048,completed
12991,381,195,3,2024-04-06T12:47:38.160048,pending
12992,381,155,1,2024-04-06T12:47:38.160048,completed
12993,862,82,5,2024-07-13T21:32:19.729585,completed
12994,862,13,1,2024-07-13T21:32:19.729585,completed
12995,862,66,1,2024-07-13T21:32:19.729585,completed
12996,862,2,5,2024-07-13T21:32:19.729585,completed
12997,587,69,5,2025-01-06T09:23:37.541696,completed
12998,587,165,5,2025-01-06T09:23:37.541696,completed
12999,587,5,3,2025-01-06T09:23:37.541696,completed
13000,587,189,3,2025-01-06T09:23:37.541696,completed
13001,585,129,5,2024-12-31T23:32:11.944996,completed
13002,585,18,2,2024-12-31T23:32:11.944996,completed
13003,518,102,2,2025-02-02T16:23:55.080354,completed
13004,621,163,1,2025-04-13T16:54:33.304989,completed
13005,621,45,3,2025-04-13T16:54:33.304989,pending
13006,621,74,1,2025-04-13T16:54:33.304989,pending
13007,621,20,4,2025-04-13T16:54:33.304989,completed
13008,621,110,4,2025-04-13T16:54:33.304989,completed
13009,914,7,1,2024-03-05T04:04:56.144915,completed
13010,914,131,2,2024-03-05T04:04:56.144915,completed
13011,914,137,1,2024-03-05T04:04:56.144915,completed
13012,914,189,1,2024-03-05T04:04:56.144915,completed
13013,914,191,5,2024-03-05T04:04:56.144915,completed
13014,143,39,1,2024-09-30T18:48:14.211475,completed
13015,143,200,4,2024-09-30T18:48:14.211475,completed
13016,143,42,2,2024-09-30T18:48:14.211475,completed
13017,143,54,2,2024-09-30T18:48:14.211475,completed
13018,143,62,3,2024-09-30T18:48:14.211475,cancelled
13019,914,32,4,2025-02-12T11:07:22.083493,completed
13020,914,109,3,2025-02-12T11:07:22.083493,completed
13021,914,45,3,2025-02-12T11:07:22.083493,completed
13022,914,177,4,2025-02-12T11:07:22.083493,completed
13023,507,37,3,2024-01-22T14:39:43.738712,completed
13024,507,52,2,2024-01-22T14:39:43.738712,completed
13025,884,47,3,2025-09-28T04:29:33.978276,completed
13026,884,26,1,2025-09-28T04:29:33.978276,completed
13027,884,174,2,2025-09-28T04:29:33.978276,completed
13028,609,124,1,2025-04-24T07:23:22.283143,completed
13029,609,67,5,2025-04-24T07:23:22.283143,completed
13030,633,74,3,2024-09-28T17:34:08.734115,refunded
13031,633,37,2,2024-09-28T17:34:08.734115,completed
13032,633,88,3,2024-09-28T17:34:08.734115,completed
13033,633,13,1,2024-09-28T17:34:08.734115,pending
13034,633,170,5,2024-09-28T17:34:08.734115,completed
13035,706,126,4,2024-07-25T04:07:19.025929,completed
13036,706,127,2,2024-07-25T04:07:19.025929,completed
13037,706,156,4,2024-07-25T04:07:19.025929,completed
13038,706,181,4,2024-07-25T04:07:19.025929,completed
13039,706,58,5,2024-07-25T04:07:19.025929,completed
13040,102,175,2,2024-08-16T21:56:19.253138,completed
13041,102,19,3,2024-08-16T21:56:19.253138,completed
13042,102,33,1,2024-08-16T21:56:19.253138,completed
13043,102,150,2,2024-08-16T21:56:19.253138,completed
13044,31,85,1,2024-10-08T13:56:50.397443,completed
13045,31,49,3,2024-10-08T13:56:50.397443,completed
13046,31,96,5,2024-10-08T13:56:50.397443,completed
13047,31,196,5,2024-10-08T13:56:50.397443,pending
13048,833,183,2,2025-03-14T00:22:04.406254,completed
13049,833,188,2,2025-03-14T00:22:04.406254,completed
13050,833,27,2,2025-03-14T00:22:04.406254,cancelled
13051,572,64,4,2024-11-26T06:38:32.106619,completed
13052,572,135,5,2024-11-26T06:38:32.106619,completed
13053,572,193,5,2024-11-26T06:38:32.106619,pending
13054,572,83,1,2024-11-26T06:38:32.106619,completed
13055,13,91,4,2024-03-09T16:57:24.911555,completed
13056,13,144,1,2024-03-09T16:57:24.911555,completed
13057,13,113,1,2024-03-09T16:57:24.911555,completed
13058,13,133,5,2024-03-09T16:57:24.911555,completed
13059,13,53,4,2024-03-09T16:57:24.911555,completed
13060,529,159,5,2025-03-12T15:20:25.139349,completed
13061,70,28,1,2024-10-09T01:44:04.971171,cancelled
13062,70,160,5,2024-10-09T01:44:04.971171,completed
13063,70,60,5,2024-10-09T01:44:04.971171,completed
13064,806,139,2,2024-08-12T19:40:15.681515,completed
13065,806,1,3,2024-08-12T19:40:15.681515,refunded
13066,449,140,1,2025-10-12T21:54:47.713937,completed
13067,449,32,2,2025-10-12T21:54:47.713937,completed
13068,688,148,2,2025-06-22T19:14:53.687015,completed
13069,688,69,3,2025-06-22T19:14:53.687015,completed
13070,688,102,1,2025-06-22T19:14:53.687015,completed
13071,500,4,3,2025-03-09T23:22:49.733854,cancelled
13072,941,83,5,2024-01-04T20:56:42.707196,completed
13073,941,167,2,2024-01-04T20:56:42.707196,cancelled
13074,941,130,5,2024-01-04T20:56:42.707196,completed
13075,684,200,5,2025-07-16T02:25:56.771355,completed
13076,569,145,2,2024-06-20T16:37:39.120246,completed
13077,569,167,3,2024-06-20T16:37:39.120246,completed
13078,953,187,3,2025-07-25T13:55:31.958189,completed
13079,953,137,5,2025-07-25T13:55:31.958189,refunded
13080,783,88,4,2024-01-14T04:35:53.976229,completed
13081,783,132,2,2024-01-14T04:35:53.976229,completed
13082,381,198,2,2025-02-05T08:18:41.328540,completed
13083,381,76,1,2025-02-05T08:18:41.328540,completed
13084,381,26,1,2025-02-05T08:18:41.328540,completed
13085,381,83,4,2025-02-05T08:18:41.328540,completed
13086,506,166,4,2025-05-22T08:03:14.430152,completed
13087,928,24,5,2024-12-10T08:33:15.895962,completed
13088,928,26,1,2024-12-10T08:33:15.895962,completed
13089,714,27,5,2024-01-01T05:51:36.130780,completed
13090,762,7,2,2024-07-25T21:33:42.746955,completed
13091,762,153,1,2024-07-25T21:33:42.746955,pending
13092,262,59,4,2024-08-22T14:26:58.735374,completed
13093,80,3,5,2025-04-17T12:39:05.787790,completed
13094,80,199,2,2025-04-17T12:39:05.787790,completed
13095,80,56,1,2025-04-17T12:39:05.787790,pending
13096,80,125,5,2025-04-17T12:39:05.787790,completed
13097,53,74,3,2024-03-13T13:57:04.764776,completed
13098,47,37,3,2025-11-22T04:15:48.252999,completed
13099,47,25,3,2025-11-22T04:15:48.252999,completed
13100,47,101,4,2025-11-22T04:15:48.252999,completed
13101,47,47,4,2025-11-22T04:15:48.252999,completed
13102,369,16,3,2024-11-14T02:55:28.562392,pending
13103,369,197,5,2024-11-14T02:55:28.562392,completed
13104,369,109,1,2024-11-14T02:55:28.562392,completed
13105,913,99,5,2024-01-28T17:17:56.960006,completed
13106,913,113,2,2024-01-28T17:17:56.960006,completed
13107,462,192,1,2025-01-27T09:34:43.580388,completed
13108,462,187,4,2025-01-27T09:34:43.580388,completed
13109,678,6,3,2025-06-11T14:20:23.583912,completed
13110,678,60,5,2025-06-11T14:20:23.583912,completed
13111,678,81,5,2025-06-11T14:20:23.583912,completed
13112,678,179,4,2025-06-11T14:20:23.583912,completed
13113,678,180,3,2025-06-11T14:20:23.583912,completed
13114,446,181,5,2024-09-18T23:21:59.314136,completed
13115,446,115,4,2024-09-18T23:21:59.314136,completed
13116,446,191,2,2024-09-18T23:21:59.314136,completed
13117,323,15,1,2025-02-12T03:30:07.749955,refunded
13118,323,163,3,2025-02-12T03:30:07.749955,cancelled
13119,323,93,3,2025-02-12T03:30:07.749955,completed
13120,817,3,1,2024-05-06T03:38:05.377000,completed
13121,817,145,4,2024-05-06T03:38:05.377000,completed
13122,817,45,3,2024-05-06T03:38:05.377000,completed
13123,612,10,1,2025-12-15T15:45:40.875306,completed
13124,612,7,3,2025-12-15T15:45:40.875306,pending
13125,81,9,5,2024-04-02T19:43:46.014668,completed
13126,81,90,4,2024-04-02T19:43:46.014668,completed
13127,81,189,1,2024-04-02T19:43:46.014668,pending
13128,803,111,5,2024-10-01T18:06:02.277311,completed
13129,803,92,1,2024-10-01T18:06:02.277311,completed
13130,803,80,3,2024-10-01T18:06:02.277311,completed
13131,300,66,4,2025-11-17T04:17:16.585015,completed
13132,300,92,2,2025-11-17T04:17:16.585015,completed
13133,300,65,5,2025-11-17T04:17:16.585015,pending
13134,300,160,3,2025-11-17T04:17:16.585015,completed
13135,417,73,5,2024-11-22T16:47:48.096021,completed
13136,146,102,3,2024-04-26T21:23:36.045949,completed
13137,146,109,1,2024-04-26T21:23:36.045949,completed
13138,146,35,2,2024-04-26T21:23:36.045949,completed
13139,714,155,1,2025-11-21T17:41:58.115025,refunded
13140,714,85,1,2025-11-21T17:41:58.115025,completed
13141,714,190,1,2025-11-21T17:41:58.115025,completed
13142,714,21,4,2025-11-21T17:41:58.115025,completed
13143,698,16,1,2025-10-24T15:34:35.594081,completed
13144,698,143,3,2025-10-24T15:34:35.594081,completed
13145,698,173,3,2025-10-24T15:34:35.594081,completed
13146,347,113,1,2024-02-07T21:03:52.154152,completed
13147,263,162,4,2024-06-19T19:30:43.690170,completed
13148,493,197,2,2025-10-09T08:22:29.093960,pending
13149,493,185,1,2025-10-09T08:22:29.093960,completed
13150,493,170,2,2025-10-09T08:22:29.093960,completed
13151,493,100,2,2025-10-09T08:22:29.093960,completed
13152,125,118,3,2025-06-05T04:37:59.136135,completed
13153,125,103,4,2025-06-05T04:37:59.136135,completed
13154,125,121,5,2025-06-05T04:37:59.136135,completed
13155,125,15,3,2025-06-05T04:37:59.136135,completed
13156,125,42,5,2025-06-05T04:37:59.136135,completed
13157,375,156,3,2025-07-13T10:06:59.684796,completed
13158,375,195,5,2025-07-13T10:06:59.684796,completed
13159,375,47,5,2025-07-13T10:06:59.684796,pending
13160,375,65,1,2025-07-13T10:06:59.684796,pending
13161,375,175,2,2025-07-13T10:06:59.684796,pending
13162,648,70,3,2024-08-25T23:42:31.544430,completed
13163,648,191,5,2024-08-25T23:42:31.544430,pending
13164,161,118,1,2024-04-24T11:54:12.494592,completed
13165,161,192,3,2024-04-24T11:54:12.494592,cancelled
13166,161,184,3,2024-04-24T11:54:12.494592,refunded
13167,161,84,5,2024-04-24T11:54:12.494592,refunded
13168,161,148,1,2024-04-24T11:54:12.494592,pending
13169,589,99,5,2025-07-24T07:53:15.728498,completed
13170,589,87,4,2025-07-24T07:53:15.728498,completed
13171,589,195,5,2025-07-24T07:53:15.728498,completed
13172,767,144,4,2024-04-01T15:34:36.718971,completed
13173,767,190,4,2024-04-01T15:34:36.718971,completed
13174,767,129,4,2024-04-01T15:34:36.718971,completed
13175,654,108,2,2024-03-12T13:12:47.391948,completed
13176,654,66,1,2024-03-12T13:12:47.391948,completed
13177,654,147,3,2024-03-12T13:12:47.391948,pending
13178,654,121,3,2024-03-12T13:12:47.391948,completed
13179,103,117,5,2025-02-10T07:59:58.218184,completed
13180,103,32,4,2025-02-10T07:59:58.218184,completed
13181,103,109,4,2025-02-10T07:59:58.218184,completed
13182,103,33,4,2025-02-10T07:59:58.218184,completed
13183,103,138,5,2025-02-10T07:59:58.218184,completed
13184,124,49,2,2025-10-29T17:23:57.247750,completed
13185,124,94,5,2025-10-29T17:23:57.247750,completed
13186,124,42,4,2025-10-29T17:23:57.247750,completed
13187,124,98,5,2025-10-29T17:23:57.247750,completed
13188,124,65,1,2025-10-29T17:23:57.247750,completed
13189,364,193,1,2024-01-08T06:28:48.658130,completed
13190,364,115,3,2024-01-08T06:28:48.658130,pending
13191,364,82,4,2024-01-08T06:28:48.658130,completed
13192,364,148,2,2024-01-08T06:28:48.658130,completed
13193,752,167,3,2025-05-21T00:12:51.972959,pending
13194,752,172,4,2025-05-21T00:12:51.972959,completed
13195,752,107,4,2025-05-21T00:12:51.972959,cancelled
13196,752,125,1,2025-05-21T00:12:51.972959,completed
13197,752,12,3,2025-05-21T00:12:51.972959,pending
13198,867,15,1,2024-11-17T16:15:03.242245,completed
13199,867,35,3,2024-11-17T16:15:03.242245,completed
13200,867,94,3,2024-11-17T16:15:03.242245,completed
13201,867,192,3,2024-11-17T16:15:03.242245,completed
13202,851,178,3,2025-07-21T23:22:59.132130,completed
13203,851,160,4,2025-07-21T23:22:59.132130,refunded
13204,851,138,2,2025-07-21T23:22:59.132130,completed
13205,851,83,3,2025-07-21T23:22:59.132130,cancelled
13206,851,118,5,2025-07-21T23:22:59.132130,completed
13207,345,182,4,2024-12-30T16:55:05.149086,completed
13208,345,172,4,2024-12-30T16:55:05.149086,completed
13209,345,168,3,2024-12-30T16:55:05.149086,completed
13210,995,1,3,2024-04-02T08:33:45.544050,completed
13211,995,182,5,2024-04-02T08:33:45.544050,pending
13212,975,200,4,2025-08-27T18:32:05.270335,completed
13213,975,3,4,2025-08-27T18:32:05.270335,completed
13214,641,122,5,2025-03-05T18:42:55.349039,completed
13215,641,100,5,2025-03-05T18:42:55.349039,pending
13216,510,184,5,2024-05-14T07:15:41.219490,completed
13217,280,189,4,2025-12-15T18:59:52.671155,pending
13218,280,166,1,2025-12-15T18:59:52.671155,completed
13219,948,157,2,2025-01-22T05:32:36.042126,completed
13220,948,139,4,2025-01-22T05:32:36.042126,completed
13221,948,8,3,2025-01-22T05:32:36.042126,completed
13222,948,163,2,2025-01-22T05:32:36.042126,completed
13223,789,74,1,2025-06-25T04:38:36.581829,cancelled
13224,789,51,5,2025-06-25T04:38:36.581829,pending
13225,789,178,1,2025-06-25T04:38:36.581829,completed
13226,789,93,2,2025-06-25T04:38:36.581829,completed
13227,789,12,4,2025-06-25T04:38:36.581829,completed
13228,263,72,1,2025-08-16T11:02:12.694106,completed
13229,263,126,3,2025-08-16T11:02:12.694106,completed
13230,67,29,5,2024-05-09T06:56:56.115523,completed
13231,67,100,4,2024-05-09T06:56:56.115523,pending
13232,67,50,3,2024-05-09T06:56:56.115523,completed
13233,67,175,3,2024-05-09T06:56:56.115523,completed
13234,67,110,4,2024-05-09T06:56:56.115523,completed
13235,358,157,4,2025-08-24T23:06:13.964121,completed
13236,358,122,2,2025-08-24T23:06:13.964121,completed
13237,358,136,4,2025-08-24T23:06:13.964121,completed
13238,358,16,1,2025-08-24T23:06:13.964121,completed
13239,202,194,3,2025-03-31T13:28:34.154301,pending
13240,202,192,5,2025-03-31T13:28:34.154301,completed
13241,214,77,5,2023-12-24T01:26:07.431398,pending
13242,214,60,2,2023-12-24T01:26:07.431398,completed
13243,214,46,3,2023-12-24T01:26:07.431398,completed
13244,214,111,1,2023-12-24T01:26:07.431398,completed
13245,93,173,5,2024-09-10T10:40:10.685762,completed
13246,93,148,1,2024-09-10T10:40:10.685762,completed
13247,93,164,2,2024-09-10T10:40:10.685762,completed
13248,93,91,3,2024-09-10T10:40:10.685762,completed
13249,270,64,1,2024-06-12T18:14:34.847388,refunded
13250,556,142,5,2025-07-29T20:11:44.698452,cancelled
13251,556,119,3,2025-07-29T20:11:44.698452,completed
13252,366,90,1,2025-09-02T19:00:23.107257,pending
13253,366,25,2,2025-09-02T19:00:23.107257,completed
13254,366,22,1,2025-09-02T19:00:23.107257,refunded
13255,366,168,5,2025-09-02T19:00:23.107257,cancelled
13256,366,38,4,2025-09-02T19:00:23.107257,completed
13257,662,65,2,2024-12-05T14:09:56.169414,completed
13258,662,40,2,2024-12-05T14:09:56.169414,completed
13259,662,56,3,2024-12-05T14:09:56.169414,pending
13260,662,147,3,2024-12-05T14:09:56.169414,pending
13261,662,75,5,2024-12-05T14:09:56.169414,completed
13262,395,122,4,2024-08-23T21:38:08.557532,completed
13263,395,185,5,2024-08-23T21:38:08.557532,completed
13264,333,189,2,2024-06-23T06:50:17.733403,completed
13265,749,115,2,2025-02-12T04:14:17.092507,completed
13266,749,122,1,2025-02-12T04:14:17.092507,refunded
13267,590,20,2,2025-07-06T12:05:02.047551,completed
13268,590,103,3,2025-07-06T12:05:02.047551,completed
13269,162,114,3,2025-05-19T16:17:49.763346,pending
13270,162,159,3,2025-05-19T16:17:49.763346,completed
13271,162,156,5,2025-05-19T16:17:49.763346,completed
13272,162,38,4,2025-05-19T16:17:49.763346,completed
13273,978,184,5,2024-03-19T03:37:49.759200,pending
13274,978,119,5,2024-03-19T03:37:49.759200,pending
13275,978,196,5,2024-03-19T03:37:49.759200,completed
13276,978,182,3,2024-03-19T03:37:49.759200,pending
13277,978,125,1,2024-03-19T03:37:49.759200,pending
13278,876,112,4,2025-09-20T21:45:59.823984,completed
13279,876,114,5,2025-09-20T21:45:59.823984,completed
13280,876,43,5,2025-09-20T21:45:59.823984,completed
13281,876,130,3,2025-09-20T21:45:59.823984,completed
13282,876,125,4,2025-09-20T21:45:59.823984,completed
13283,878,153,5,2025-06-09T09:57:01.621253,cancelled
13284,878,97,4,2025-06-09T09:57:01.621253,completed
13285,855,26,4,2024-07-30T04:49:45.783499,completed
13286,855,191,5,2024-07-30T04:49:45.783499,completed
13287,855,82,1,2024-07-30T04:49:45.783499,completed
13288,271,181,1,2025-10-13T17:52:42.264312,completed
13289,105,18,2,2025-07-01T21:05:27.286696,completed
13290,105,35,2,2025-07-01T21:05:27.286696,completed
13291,105,153,2,2025-07-01T21:05:27.286696,completed
13292,105,199,4,2025-07-01T21:05:27.286696,completed
13293,105,72,1,2025-07-01T21:05:27.286696,completed
13294,406,92,1,2024-04-08T21:56:52.346503,completed
13295,406,82,2,2024-04-08T21:56:52.346503,completed
13296,925,170,1,2025-01-20T15:44:07.393332,completed
13297,117,131,4,2024-05-07T07:09:41.924838,completed
13298,117,78,2,2024-05-07T07:09:41.924838,cancelled
13299,117,95,1,2024-05-07T07:09:41.924838,pending
13300,489,178,1,2025-02-10T07:28:25.814343,completed
13301,734,171,4,2024-09-14T12:04:02.505933,completed
13302,196,116,3,2025-11-15T00:10:50.514365,completed
13303,29,60,4,2025-02-18T17:57:40.123165,completed
13304,29,2,2,2025-02-18T17:57:40.123165,completed
13305,29,48,5,2025-02-18T17:57:40.123165,completed
13306,29,27,1,2025-02-18T17:57:40.123165,completed
13307,907,26,3,2024-12-07T04:15:45.097680,completed
13308,424,20,5,2025-02-15T07:14:46.316744,pending
13309,424,142,2,2025-02-15T07:14:46.316744,cancelled
13310,694,4,1,2025-10-31T13:23:49.005365,completed
13311,694,1,4,2025-10-31T13:23:49.005365,completed
13312,694,107,5,2025-10-31T13:23:49.005365,completed
13313,413,44,3,2024-08-24T11:42:38.355914,pending
13314,1000,64,1,2025-06-26T22:02:42.899116,pending
13315,1000,88,4,2025-06-26T22:02:42.899116,completed
13316,1000,139,5,2025-06-26T22:02:42.899116,completed
13317,32,78,3,2025-03-05T08:26:25.122554,completed
13318,916,192,1,2024-03-02T23:16:52.844995,completed
13319,916,63,3,2024-03-02T23:16:52.844995,completed
13320,916,18,4,2024-03-02T23:16:52.844995,completed
13321,988,124,5,2025-10-29T12:34:30.515120,completed
13322,988,104,3,2025-10-29T12:34:30.515120,completed
13323,775,125,1,2024-02-18T10:35:29.095374,pending
13324,775,156,3,2024-02-18T10:35:29.095374,cancelled
13325,775,112,3,2024-02-18T10:35:29.095374,completed
13326,775,107,3,2024-02-18T10:35:29.095374,completed
13327,9,44,4,2024-12-09T21:51:18.747233,pending
13328,9,46,1,2024-12-09T21:51:18.747233,completed
13329,9,80,3,2024-12-09T21:51:18.747233,completed
13330,709,107,4,2024-01-09T13:00:57.918288,completed
13331,709,194,3,2024-01-09T13:00:57.918288,pending
13332,709,29,5,2024-01-09T13:00:57.918288,completed
13333,709,200,4,2024-01-09T13:00:57.918288,completed
13334,709,187,1,2024-01-09T13:00:57.918288,completed
13335,572,98,1,2024-01-13T19:16:15.827623,completed
13336,570,20,5,2024-10-16T00:45:57.193071,completed
13337,805,91,5,2024-11-15T01:14:11.819137,completed
13338,805,126,4,2024-11-15T01:14:11.819137,completed
13339,805,11,4,2024-11-15T01:14:11.819137,pending
13340,334,68,3,2024-01-31T13:44:08.800355,completed
13341,94,72,5,2025-02-11T14:33:02.931229,refunded
13342,94,192,3,2025-02-11T14:33:02.931229,completed
13343,94,36,4,2025-02-11T14:33:02.931229,completed
13344,645,136,5,2024-02-12T19:02:12.788778,completed
13345,355,17,3,2024-06-23T05:34:36.953374,pending
13346,233,172,2,2025-11-01T09:09:41.916528,completed
13347,233,132,3,2025-11-01T09:09:41.916528,pending
13348,233,169,4,2025-11-01T09:09:41.916528,completed
13349,233,107,2,2025-11-01T09:09:41.916528,completed
13350,421,171,1,2024-09-24T23:31:50.831391,completed
13351,421,130,4,2024-09-24T23:31:50.831391,completed
13352,421,30,1,2024-09-24T23:31:50.831391,completed
13353,421,76,1,2024-09-24T23:31:50.831391,completed
13354,421,39,5,2024-09-24T23:31:50.831391,completed
13355,272,110,5,2024-08-17T23:24:51.093023,completed
13356,272,93,2,2024-08-17T23:24:51.093023,completed
13357,667,101,1,2025-11-23T12:39:58.611753,completed
13358,667,106,1,2025-11-23T12:39:58.611753,pending
13359,667,189,1,2025-11-23T12:39:58.611753,completed
13360,667,27,1,2025-11-23T12:39:58.611753,completed
13361,443,21,4,2024-06-23T00:40:57.186351,completed
13362,985,182,5,2025-08-03T00:22:27.213112,pending
13363,6,122,5,2025-06-28T16:06:29.255013,completed
13364,6,142,3,2025-06-28T16:06:29.255013,completed
13365,6,65,4,2025-06-28T16:06:29.255013,completed
13366,6,46,4,2025-06-28T16:06:29.255013,cancelled
13367,494,111,4,2025-03-26T00:33:33.806983,completed
13368,705,155,2,2025-02-24T08:46:40.035895,completed
13369,182,195,3,2024-05-21T11:53:47.336514,completed
13370,182,60,5,2024-05-21T11:53:47.336514,completed
13371,182,77,1,2024-05-21T11:53:47.336514,completed
13372,182,151,4,2024-05-21T11:53:47.336514,cancelled
13373,182,31,3,2024-05-21T11:53:47.336514,completed
13374,548,51,4,2024-11-12T08:39:51.438950,cancelled
13375,548,109,3,2024-11-12T08:39:51.438950,completed
13376,56,174,1,2025-02-01T00:06:02.961053,completed
13377,56,148,5,2025-02-01T00:06:02.961053,pending
13378,56,27,3,2025-02-01T00:06:02.961053,completed
13379,56,44,4,2025-02-01T00:06:02.961053,completed
13380,56,176,5,2025-02-01T00:06:02.961053,refunded
13381,553,24,2,2024-03-14T04:09:47.442076,completed
13382,170,194,1,2025-01-31T01:57:26.500888,completed
13383,170,104,4,2025-01-31T01:57:26.500888,completed
13384,170,34,1,2025-01-31T01:57:26.500888,pending
13385,553,39,3,2025-07-01T00:10:17.158915,completed
13386,674,18,4,2024-10-10T20:24:10.216789,pending
13387,173,189,4,2024-11-24T11:09:53.767896,completed
13388,469,58,3,2025-04-21T08:17:50.176310,cancelled
13389,634,160,1,2025-09-07T11:39:25.758576,completed
13390,634,28,4,2025-09-07T11:39:25.758576,completed
13391,634,82,4,2025-09-07T11:39:25.758576,completed
13392,156,104,2,2023-12-27T19:20:26.703477,completed
13393,156,89,1,2023-12-27T19:20:26.703477,completed
13394,156,139,3,2023-12-27T19:20:26.703477,completed
13395,156,102,4,2023-12-27T19:20:26.703477,completed
13396,156,192,2,2023-12-27T19:20:26.703477,cancelled
13397,829,159,2,2024-07-12T08:18:31.229715,completed
13398,895,93,1,2024-08-03T12:22:02.370112,completed
13399,895,12,3,2024-08-03T12:22:02.370112,completed
13400,895,141,4,2024-08-03T12:22:02.370112,completed
13401,954,53,1,2025-11-07T20:53:43.203951,pending
13402,954,167,5,2025-11-07T20:53:43.203951,cancelled
13403,954,144,3,2025-11-07T20:53:43.203951,pending
13404,954,128,1,2025-11-07T20:53:43.203951,refunded
13405,656,112,4,2025-04-13T04:21:48.246001,completed
13406,300,74,2,2025-05-25T19:20:54.884501,cancelled
13407,300,62,1,2025-05-25T19:20:54.884501,completed
13408,300,183,1,2025-05-25T19:20:54.884501,completed
13409,300,194,3,2025-05-25T19:20:54.884501,pending
13410,300,145,4,2025-05-25T19:20:54.884501,completed
13411,547,179,3,2025-02-21T19:52:02.140178,completed
13412,547,161,2,2025-02-21T19:52:02.140178,completed
13413,547,128,5,2025-02-21T19:52:02.140178,completed
13414,547,10,3,2025-02-21T19:52:02.140178,completed
13415,547,99,5,2025-02-21T19:52:02.140178,refunded
13416,651,192,1,2025-05-26T22:53:40.478458,completed
13417,651,142,1,2025-05-26T22:53:40.478458,completed
13418,651,63,5,2025-05-26T22:53:40.478458,completed
13419,164,109,2,2025-04-27T23:40:45.017398,completed
13420,164,68,1,2025-04-27T23:40:45.017398,completed
13421,164,95,1,2025-04-27T23:40:45.017398,pending
13422,164,30,1,2025-04-27T23:40:45.017398,pending
13423,559,126,4,2025-04-22T02:58:23.669979,completed
13424,559,85,5,2025-04-22T02:58:23.669979,completed
13425,559,77,1,2025-04-22T02:58:23.669979,completed
13426,185,79,5,2024-06-08T06:40:57.576479,completed
13427,185,7,3,2024-06-08T06:40:57.576479,completed
13428,185,98,4,2024-06-08T06:40:57.576479,completed
13429,185,41,3,2024-06-08T06:40:57.576479,completed
13430,14,178,3,2024-02-17T09:44:56.507382,completed
13431,14,36,3,2024-02-17T09:44:56.507382,pending
13432,14,138,1,2024-02-17T09:44:56.507382,completed
13433,161,120,4,2025-06-29T23:31:49.131517,completed
13434,161,21,4,2025-06-29T23:31:49.131517,completed
13435,161,24,3,2025-06-29T23:31:49.131517,completed
13436,371,54,5,2025-06-28T08:00:35.623591,completed
13437,124,163,3,2024-01-22T12:45:10.358109,completed
13438,124,69,3,2024-01-22T12:45:10.358109,completed
13439,124,23,1,2024-01-22T12:45:10.358109,cancelled
13440,124,132,1,2024-01-22T12:45:10.358109,completed
13441,124,7,1,2024-01-22T12:45:10.358109,refunded
13442,753,18,5,2024-06-02T21:18:28.445535,completed
13443,753,85,2,2024-06-02T21:18:28.445535,completed
13444,753,110,2,2024-06-02T21:18:28.445535,completed
13445,717,38,5,2024-06-30T22:29:23.564419,completed
13446,717,199,2,2024-06-30T22:29:23.564419,completed
13447,717,98,5,2024-06-30T22:29:23.564419,completed
13448,717,144,5,2024-06-30T22:29:23.564419,cancelled
13449,717,147,3,2024-06-30T22:29:23.564419,completed
13450,209,13,2,2025-07-20T22:27:01.313728,completed
13451,209,97,1,2025-07-20T22:27:01.313728,completed
13452,209,14,2,2025-07-20T22:27:01.313728,completed
13453,209,94,1,2025-07-20T22:27:01.313728,completed
13454,209,106,2,2025-07-20T22:27:01.313728,completed
13455,305,23,1,2025-06-19T15:36:21.200604,completed
13456,305,36,4,2025-06-19T15:36:21.200604,completed
13457,305,166,3,2025-06-19T15:36:21.200604,pending
13458,305,81,4,2025-06-19T15:36:21.200604,completed
13459,305,138,4,2025-06-19T15:36:21.200604,completed
13460,710,22,3,2025-05-31T18:20:12.596340,cancelled
13461,710,169,3,2025-05-31T18:20:12.596340,completed
13462,611,96,1,2024-11-14T12:44:44.202477,completed
13463,611,108,5,2024-11-14T12:44:44.202477,completed
13464,611,142,1,2024-11-14T12:44:44.202477,cancelled
13465,391,168,5,2025-10-17T10:38:07.711558,completed
13466,391,28,5,2025-10-17T10:38:07.711558,completed
13467,899,200,1,2025-12-08T11:18:01.775711,completed
13468,899,59,1,2025-12-08T11:18:01.775711,completed
13469,899,62,2,2025-12-08T11:18:01.775711,completed
13470,899,173,2,2025-12-08T11:18:01.775711,completed
13471,538,27,5,2025-10-05T13:21:51.452914,completed
13472,538,170,2,2025-10-05T13:21:51.452914,completed
13473,626,127,3,2024-06-30T19:31:09.272682,completed
13474,626,5,3,2024-06-30T19:31:09.272682,completed
13475,856,112,4,2025-09-15T05:00:30.284657,completed
13476,856,98,4,2025-09-15T05:00:30.284657,completed
13477,856,110,4,2025-09-15T05:00:30.284657,completed
13478,856,132,2,2025-09-15T05:00:30.284657,completed
13479,856,78,4,2025-09-15T05:00:30.284657,completed
13480,621,110,1,2024-03-14T21:49:07.773405,completed
13481,621,52,4,2024-03-14T21:49:07.773405,completed
13482,621,106,1,2024-03-14T21:49:07.773405,pending
13483,621,129,5,2024-03-14T21:49:07.773405,refunded
13484,151,49,5,2023-12-21T04:22:15.968153,completed
13485,151,12,1,2023-12-21T04:22:15.968153,completed
13486,595,44,4,2025-01-20T11:37:16.983047,completed
13487,595,76,5,2025-01-20T11:37:16.983047,completed
13488,595,119,4,2025-01-20T11:37:16.983047,completed
13489,595,128,1,2025-01-20T11:37:16.983047,completed
13490,595,13,4,2025-01-20T11:37:16.983047,pending
13491,414,136,1,2025-10-06T02:49:46.050067,pending
13492,414,176,5,2025-10-06T02:49:46.050067,cancelled
13493,414,45,4,2025-10-06T02:49:46.050067,completed
13494,414,130,4,2025-10-06T02:49:46.050067,completed
13495,921,130,2,2025-09-08T06:31:53.805566,completed
13496,921,175,1,2025-09-08T06:31:53.805566,completed
13497,921,135,2,2025-09-08T06:31:53.805566,completed
13498,921,17,5,2025-09-08T06:31:53.805566,completed
13499,387,129,5,2025-02-21T11:33:49.258277,completed
13500,387,6,4,2025-02-21T11:33:49.258277,completed
13501,387,109,2,2025-02-21T11:33:49.258277,completed
13502,104,157,2,2025-05-15T22:43:48.160632,completed
13503,104,117,5,2025-05-15T22:43:48.160632,completed
13504,104,155,2,2025-05-15T22:43:48.160632,completed
13505,104,114,1,2025-05-15T22:43:48.160632,completed
13506,104,3,3,2025-05-15T22:43:48.160632,pending
13507,265,136,5,2025-12-08T04:02:38.007679,completed
13508,265,117,3,2025-12-08T04:02:38.007679,pending
13509,265,142,5,2025-12-08T04:02:38.007679,completed
13510,262,82,4,2025-06-02T19:24:56.197105,cancelled
13511,262,139,2,2025-06-02T19:24:56.197105,completed
13512,262,97,2,2025-06-02T19:24:56.197105,completed
13513,262,178,1,2025-06-02T19:24:56.197105,completed
13514,517,109,4,2024-05-27T14:51:26.125386,completed
13515,425,15,5,2024-03-15T11:05:40.632241,pending
13516,425,82,4,2024-03-15T11:05:40.632241,completed
13517,425,164,3,2024-03-15T11:05:40.632241,completed
13518,25,128,2,2024-02-26T16:24:44.721932,completed
13519,25,186,2,2024-02-26T16:24:44.721932,cancelled
13520,25,143,3,2024-02-26T16:24:44.721932,completed
13521,25,3,2,2024-02-26T16:24:44.721932,completed
13522,25,180,2,2024-02-26T16:24:44.721932,completed
13523,898,136,3,2024-08-28T13:15:01.560165,completed
13524,898,128,3,2024-08-28T13:15:01.560165,completed
13525,898,6,1,2024-08-28T13:15:01.560165,completed
13526,898,74,4,2024-08-28T13:15:01.560165,completed
13527,898,21,1,2024-08-28T13:15:01.560165,completed
13528,172,123,3,2024-01-04T05:10:36.049524,completed
13529,141,124,3,2024-08-25T23:18:24.589998,cancelled
13530,141,153,3,2024-08-25T23:18:24.589998,completed
13531,141,155,1,2024-08-25T23:18:24.589998,completed
13532,558,116,1,2024-07-19T10:16:21.323801,completed
13533,558,58,5,2024-07-19T10:16:21.323801,completed
13534,446,9,3,2024-12-08T05:49:06.688804,pending
13535,446,136,4,2024-12-08T05:49:06.688804,completed
13536,733,65,3,2024-11-17T07:48:38.367446,completed
13537,733,4,3,2024-11-17T07:48:38.367446,completed
13538,733,196,4,2024-11-17T07:48:38.367446,completed
13539,733,30,5,2024-11-17T07:48:38.367446,completed
13540,498,170,2,2025-07-12T07:40:21.672438,completed
13541,498,82,3,2025-07-12T07:40:21.672438,completed
13542,498,110,3,2025-07-12T07:40:21.672438,completed
13543,498,88,3,2025-07-12T07:40:21.672438,completed
13544,498,162,4,2025-07-12T07:40:21.672438,completed
13545,179,46,2,2025-02-19T07:27:03.420728,completed
13546,179,147,4,2025-02-19T07:27:03.420728,completed
13547,179,156,3,2025-02-19T07:27:03.420728,completed
13548,179,15,1,2025-02-19T07:27:03.420728,completed
13549,179,119,3,2025-02-19T07:27:03.420728,completed
13550,530,113,2,2025-11-06T02:01:42.183491,completed
13551,530,184,5,2025-11-06T02:01:42.183491,completed
13552,243,35,5,2025-08-09T04:59:25.131505,completed
13553,243,52,2,2025-08-09T04:59:25.131505,completed
13554,243,138,3,2025-08-09T04:59:25.131505,completed
13555,243,171,5,2025-08-09T04:59:25.131505,completed
13556,243,193,2,2025-08-09T04:59:25.131505,completed
13557,915,23,4,2025-05-28T12:26:20.880177,completed
13558,915,16,3,2025-05-28T12:26:20.880177,completed
13559,915,59,1,2025-05-28T12:26:20.880177,completed
13560,915,93,3,2025-05-28T12:26:20.880177,completed
13561,668,181,3,2024-07-26T06:49:13.578071,pending
13562,594,106,4,2024-12-03T14:50:55.142056,completed
13563,594,38,3,2024-12-03T14:50:55.142056,completed
13564,409,14,1,2025-08-19T16:09:31.224513,completed
13565,439,74,5,2024-03-06T18:47:39.561112,completed
13566,439,100,1,2024-03-06T18:47:39.561112,completed
13567,439,163,1,2024-03-06T18:47:39.561112,completed
13568,439,10,1,2024-03-06T18:47:39.561112,completed
13569,612,111,4,2024-01-27T08:46:21.835460,completed
13570,682,83,1,2025-11-16T08:37:33.963012,completed
13571,682,80,4,2025-11-16T08:37:33.963012,pending
13572,682,87,3,2025-11-16T08:37:33.963012,pending
13573,682,185,2,2025-11-16T08:37:33.963012,completed
13574,682,64,4,2025-11-16T08:37:33.963012,completed
13575,883,2,3,2025-02-13T19:09:41.178803,completed
13576,883,166,2,2025-02-13T19:09:41.178803,completed
13577,691,147,1,2024-10-02T10:39:55.615872,completed
13578,691,130,2,2024-10-02T10:39:55.615872,completed
13579,691,118,4,2024-10-02T10:39:55.615872,refunded
13580,691,176,3,2024-10-02T10:39:55.615872,pending
13581,691,51,4,2024-10-02T10:39:55.615872,completed
13582,109,192,4,2025-09-24T13:58:05.063917,completed
13583,545,193,1,2024-09-10T10:08:10.183606,completed
13584,545,17,3,2024-09-10T10:08:10.183606,completed
13585,545,31,2,2024-09-10T10:08:10.183606,completed
13586,545,127,1,2024-09-10T10:08:10.183606,completed
13587,181,118,3,2025-04-26T00:08:38.705451,completed
13588,181,108,5,2025-04-26T00:08:38.705451,completed
13589,782,87,3,2024-09-02T09:55:11.865656,completed
13590,782,36,3,2024-09-02T09:55:11.865656,refunded
13591,782,111,3,2024-09-02T09:55:11.865656,completed
13592,782,173,4,2024-09-02T09:55:11.865656,completed
13593,270,21,4,2024-08-26T08:20:28.006491,completed
13594,521,180,2,2024-04-08T09:57:37.086336,completed
13595,521,147,5,2024-04-08T09:57:37.086336,completed
13596,521,91,4,2024-04-08T09:57:37.086336,completed
13597,614,127,1,2025-02-05T20:50:24.135354,completed
13598,614,82,1,2025-02-05T20:50:24.135354,completed
13599,614,145,3,2025-02-05T20:50:24.135354,completed
13600,614,190,5,2025-02-05T20:50:24.135354,completed
13601,614,48,2,2025-02-05T20:50:24.135354,completed
13602,51,103,3,2024-11-17T23:38:05.826832,completed
13603,21,161,5,2024-04-20T12:18:20.965480,cancelled
13604,21,35,4,2024-04-20T12:18:20.965480,completed
13605,302,59,2,2025-05-02T22:54:49.696911,completed
13606,302,199,3,2025-05-02T22:54:49.696911,completed
13607,302,184,4,2025-05-02T22:54:49.696911,completed
13608,972,178,1,2024-05-22T09:53:17.975650,completed
13609,972,165,4,2024-05-22T09:53:17.975650,cancelled
13610,972,188,2,2024-05-22T09:53:17.975650,completed
13611,972,73,4,2024-05-22T09:53:17.975650,completed
13612,936,124,3,2024-12-25T05:37:20.312728,completed
13613,936,39,1,2024-12-25T05:37:20.312728,completed
13614,936,190,1,2024-12-25T05:37:20.312728,completed
13615,936,131,5,2024-12-25T05:37:20.312728,completed
13616,936,55,5,2024-12-25T05:37:20.312728,completed
13617,178,131,1,2024-07-03T23:32:04.528583,completed
13618,178,43,3,2024-07-03T23:32:04.528583,completed
13619,178,149,2,2024-07-03T23:32:04.528583,completed
13620,178,146,4,2024-07-03T23:32:04.528583,completed
13621,178,64,3,2024-07-03T23:32:04.528583,cancelled
13622,482,197,2,2025-12-12T09:03:13.707043,completed
13623,607,1,3,2024-01-08T00:15:35.367074,completed
13624,481,147,5,2024-05-17T09:25:59.084051,completed
13625,481,146,2,2024-05-17T09:25:59.084051,completed
13626,481,23,3,2024-05-17T09:25:59.084051,pending
13627,481,93,3,2024-05-17T09:25:59.084051,cancelled
13628,481,197,2,2024-05-17T09:25:59.084051,refunded
13629,229,53,1,2023-12-28T13:20:17.724919,completed
13630,229,68,4,2023-12-28T13:20:17.724919,completed
13631,229,71,5,2023-12-28T13:20:17.724919,completed
13632,425,19,2,2024-12-25T15:27:08.525462,completed
13633,425,188,5,2024-12-25T15:27:08.525462,completed
13634,245,116,3,2025-11-18T18:02:36.994416,pending
13635,245,139,5,2025-11-18T18:02:36.994416,completed
13636,245,192,4,2025-11-18T18:02:36.994416,completed
13637,708,40,5,2024-09-23T16:39:11.522097,completed
13638,653,19,2,2025-09-07T21:31:28.630836,completed
13639,653,25,5,2025-06-14T16:50:59.230043,completed
13640,653,169,3,2025-06-14T16:50:59.230043,completed
13641,508,130,4,2023-12-29T06:42:59.852707,completed
13642,508,150,1,2023-12-29T06:42:59.852707,completed
13643,508,56,1,2023-12-29T06:42:59.852707,completed
13644,508,197,5,2023-12-29T06:42:59.852707,completed
13645,508,119,1,2023-12-29T06:42:59.852707,completed
13646,956,99,2,2024-11-01T21:10:42.461816,completed
13647,956,172,4,2024-11-01T21:10:42.461816,completed
13648,262,34,3,2025-06-01T11:54:48.362729,completed
13649,262,110,1,2025-06-01T11:54:48.362729,cancelled
13650,508,135,1,2025-06-05T09:41:20.622337,completed
13651,508,14,5,2025-06-05T09:41:20.622337,refunded
13652,508,66,2,2025-06-05T09:41:20.622337,completed
13653,508,190,5,2025-06-05T09:41:20.622337,completed
13654,508,126,3,2025-06-05T09:41:20.622337,completed
13655,994,159,5,2024-05-01T21:23:34.339553,completed
13656,994,151,2,2024-05-01T21:23:34.339553,completed
13657,825,133,3,2025-09-13T04:17:08.390706,completed
13658,275,174,5,2025-04-08T17:24:37.985455,completed
13659,230,93,5,2025-09-11T06:42:52.649822,completed
13660,230,116,2,2025-09-11T06:42:52.649822,completed
13661,230,184,1,2025-09-11T06:42:52.649822,completed
13662,230,146,3,2025-09-11T06:42:52.649822,completed
13663,230,40,5,2025-09-11T06:42:52.649822,completed
13664,322,124,4,2024-02-08T09:14:32.646268,pending
13665,322,73,5,2024-02-08T09:14:32.646268,pending
13666,506,93,3,2025-01-03T08:38:39.607426,completed
13667,198,19,4,2025-10-31T09:07:16.989963,completed
13668,198,166,2,2025-10-31T09:07:16.989963,completed
13669,682,165,4,2025-07-14T00:38:55.193400,completed
13670,682,77,4,2025-07-14T00:38:55.193400,pending
13671,632,192,3,2024-12-02T21:59:51.272336,completed
13672,632,25,2,2024-12-02T21:59:51.272336,completed
13673,632,119,1,2024-12-02T21:59:51.272336,pending
13674,632,98,1,2024-12-02T21:59:51.272336,completed
13675,542,79,5,2025-03-21T08:20:23.009902,completed
13676,542,170,5,2025-03-21T08:20:23.009902,completed
13677,542,157,4,2025-03-21T08:20:23.009902,completed
13678,542,198,1,2025-03-21T08:20:23.009902,completed
13679,652,84,5,2025-09-10T20:11:16.668667,pending
13680,652,59,1,2025-09-10T20:11:16.668667,pending
13681,805,50,1,2025-09-26T01:43:00.037141,completed
13682,805,25,2,2025-09-26T01:43:00.037141,pending
13683,805,158,4,2025-09-26T01:43:00.037141,refunded
13684,805,180,2,2025-09-26T01:43:00.037141,completed
13685,570,163,4,2025-10-01T08:16:17.963941,completed
13686,570,148,4,2025-10-01T08:16:17.963941,completed
13687,570,176,2,2025-10-01T08:16:17.963941,completed
13688,570,43,5,2025-10-01T08:16:17.963941,completed
13689,488,50,3,2024-11-05T15:38:03.873576,completed
13690,488,23,3,2024-11-05T15:38:03.873576,completed
13691,488,20,2,2024-11-05T15:38:03.873576,completed
13692,138,114,3,2024-09-19T13:46:09.404260,completed
13693,198,80,3,2024-01-19T19:24:46.918892,completed
13694,624,30,5,2025-04-11T20:47:46.976318,completed
13695,624,152,3,2025-04-11T20:47:46.976318,completed
13696,624,181,5,2025-04-11T20:47:46.976318,refunded
13697,778,46,2,2025-02-08T22:58:31.260127,completed
13698,778,163,1,2025-02-08T22:58:31.260127,cancelled
13699,778,68,2,2025-02-08T22:58:31.260127,completed
13700,778,172,4,2025-02-08T22:58:31.260127,cancelled
13701,77,116,4,2025-10-03T07:46:21.769803,completed
13702,77,59,1,2025-10-03T07:46:21.769803,completed
13703,77,171,1,2025-10-03T07:46:21.769803,completed
13704,113,40,1,2024-10-12T17:12:52.565149,cancelled
13705,113,90,1,2024-10-12T17:12:52.565149,completed
13706,113,23,4,2024-10-12T17:12:52.565149,completed
13707,113,166,1,2024-10-12T17:12:52.565149,completed
13708,113,31,5,2024-10-12T17:12:52.565149,completed
13709,285,107,5,2024-09-20T18:55:45.293370,completed
13710,285,110,4,2024-09-20T18:55:45.293370,completed
13711,285,20,4,2024-09-20T18:55:45.293370,completed
13712,992,185,3,2024-12-17T23:55:42.305503,completed
13713,277,70,1,2025-02-23T09:20:12.134968,completed
13714,277,1,2,2025-02-23T09:20:12.134968,completed
13715,381,117,3,2025-09-23T06:55:05.411503,completed
13716,381,97,4,2025-09-23T06:55:05.411503,pending
13717,381,178,4,2025-09-23T06:55:05.411503,completed
13718,469,186,5,2025-08-02T02:23:05.312727,completed
13719,469,36,4,2025-08-02T02:23:05.312727,refunded
13720,86,87,1,2025-10-25T00:46:32.716683,completed
13721,333,6,2,2024-02-09T21:42:12.951631,completed
13722,333,193,3,2024-02-09T21:42:12.951631,pending
13723,333,186,4,2024-02-09T21:42:12.951631,completed
13724,333,39,2,2024-02-09T21:42:12.951631,completed
13725,333,62,4,2024-02-09T21:42:12.951631,completed
13726,885,26,4,2025-07-16T14:39:14.581261,completed
13727,885,97,1,2025-07-16T14:39:14.581261,completed
13728,885,86,3,2025-07-16T14:39:14.581261,completed
13729,885,57,5,2025-07-16T14:39:14.581261,completed
13730,503,18,2,2024-01-30T06:00:25.708267,completed
13731,503,163,5,2024-01-30T06:00:25.708267,pending
13732,503,107,4,2024-01-30T06:00:25.708267,completed
13733,503,39,1,2024-01-30T06:00:25.708267,completed
13734,503,149,1,2024-01-30T06:00:25.708267,completed
13735,125,155,4,2024-11-04T18:06:18.899727,completed
13736,125,14,5,2024-11-04T18:06:18.899727,completed
13737,125,57,1,2024-11-04T18:06:18.899727,completed
13738,125,111,5,2024-11-04T18:06:18.899727,completed
13739,698,114,2,2024-06-12T01:35:04.326657,completed
13740,698,156,5,2024-06-12T01:35:04.326657,refunded
13741,698,111,4,2024-06-12T01:35:04.326657,completed
13742,698,173,5,2024-06-12T01:35:04.326657,cancelled
13743,397,141,4,2024-09-07T03:49:26.265533,completed
13744,431,39,2,2024-03-24T22:06:24.121558,completed
13745,953,57,4,2025-03-01T02:20:03.803807,completed
13746,953,5,3,2025-03-01T02:20:03.803807,completed
13747,953,132,4,2025-03-01T02:20:03.803807,pending
13748,953,172,5,2025-03-01T02:20:03.803807,completed
13749,953,193,5,2025-03-01T02:20:03.803807,completed
13750,797,117,5,2024-04-24T21:00:06.404565,completed
13751,797,90,5,2024-04-24T21:00:06.404565,completed
13752,551,46,2,2025-04-16T13:36:03.848572,cancelled
13753,551,115,2,2025-04-16T13:36:03.848572,completed
13754,551,65,1,2025-04-16T13:36:03.848572,completed
13755,551,129,4,2025-04-16T13:36:03.848572,completed
13756,333,125,3,2024-01-13T16:10:48.286245,completed
13757,333,86,2,2024-01-13T16:10:48.286245,pending
13758,333,152,2,2024-01-13T16:10:48.286245,completed
13759,879,187,1,2025-01-18T03:24:58.352666,completed
13760,879,169,3,2025-01-18T03:24:58.352666,completed
13761,784,17,5,2025-10-09T02:43:45.316257,completed
13762,784,71,3,2025-10-09T02:43:45.316257,completed
13763,784,5,4,2025-10-09T02:43:45.316257,completed
13764,784,138,5,2025-10-09T02:43:45.316257,completed
13765,784,41,1,2025-10-09T02:43:45.316257,completed
13766,461,108,3,2025-10-20T06:37:08.619483,completed
13767,286,170,1,2024-07-17T21:37:25.525977,completed
13768,286,56,5,2024-07-17T21:37:25.525977,completed
13769,242,138,5,2024-04-18T17:14:57.844674,completed
13770,242,22,1,2024-04-18T17:14:57.844674,completed
13771,242,58,1,2024-04-18T17:14:57.844674,completed
13772,242,31,4,2024-04-18T17:14:57.844674,pending
13773,823,7,3,2024-05-09T15:09:27.847110,cancelled
13774,609,78,4,2025-11-07T19:06:51.977096,completed
13775,289,68,5,2024-06-14T14:49:50.973415,completed
13776,289,16,1,2024-06-14T14:49:50.973415,completed
13777,289,198,2,2024-06-14T14:49:50.973415,completed
13778,289,89,2,2024-06-14T14:49:50.973415,completed
13779,289,175,5,2024-06-14T14:49:50.973415,pending
13780,887,160,2,2025-07-18T09:56:19.621597,completed
13781,863,153,4,2024-05-26T11:50:01.128854,cancelled
13782,863,14,1,2024-05-26T11:50:01.128854,completed
13783,863,6,5,2024-05-26T11:50:01.128854,completed
13784,863,160,3,2024-05-26T11:50:01.128854,completed
13785,863,129,1,2024-05-26T11:50:01.128854,completed
13786,655,185,4,2025-02-23T11:33:51.351914,completed
13787,655,100,2,2025-02-23T11:33:51.351914,pending
13788,655,25,3,2025-02-23T11:33:51.351914,completed
13789,655,27,1,2025-02-23T11:33:51.351914,completed
13790,887,13,5,2024-06-05T19:12:19.504252,completed
13791,887,143,3,2024-06-05T19:12:19.504252,completed
13792,887,8,3,2024-06-05T19:12:19.504252,refunded
13793,887,88,1,2024-06-05T19:12:19.504252,completed
13794,664,125,3,2024-07-12T10:11:46.625209,completed
13795,664,183,2,2024-07-12T10:11:46.625209,completed
13796,664,176,1,2024-07-12T10:11:46.625209,completed
13797,664,151,1,2024-07-12T10:11:46.625209,completed
13798,375,192,5,2024-01-06T10:11:27.672259,pending
13799,95,89,4,2024-10-08T23:14:13.560231,completed
13800,95,151,2,2024-10-08T23:14:13.560231,completed
13801,95,143,5,2024-10-08T23:14:13.560231,completed
13802,95,156,4,2024-10-08T23:14:13.560231,completed
13803,661,157,3,2025-05-21T09:30:29.158941,completed
13804,864,130,3,2024-01-10T01:21:45.960576,completed
13805,864,55,5,2024-01-10T01:21:45.960576,completed
13806,864,47,1,2024-01-10T01:21:45.960576,completed
13807,882,60,2,2025-08-31T12:19:22.765159,refunded
13808,882,55,4,2025-08-31T12:19:22.765159,cancelled
13809,882,68,4,2025-08-31T12:19:22.765159,completed
13810,882,160,4,2025-08-31T12:19:22.765159,completed
13811,336,79,2,2025-11-12T04:29:00.898619,completed
13812,336,174,3,2025-11-12T04:29:00.898619,completed
13813,336,43,3,2025-11-12T04:29:00.898619,completed
13814,336,109,3,2025-11-12T04:29:00.898619,completed
13815,336,130,2,2025-11-12T04:29:00.898619,completed
13816,536,31,1,2025-02-06T09:32:23.474516,completed
13817,879,123,3,2025-12-01T15:53:06.620714,completed
13818,879,104,3,2025-12-01T15:53:06.620714,pending
13819,879,155,1,2025-12-01T15:53:06.620714,completed
13820,559,95,2,2025-05-20T22:05:31.980194,completed
13821,559,64,1,2025-05-20T22:05:31.980194,completed
13822,559,41,2,2025-05-20T22:05:31.980194,completed
13823,249,119,3,2025-04-30T17:02:51.348706,pending
13824,836,39,2,2023-12-22T15:09:01.869473,completed
13825,836,175,2,2023-12-22T15:09:01.869473,completed
13826,836,184,2,2023-12-22T15:09:01.869473,completed
13827,210,90,3,2025-03-11T23:31:16.873811,cancelled
13828,210,190,2,2025-03-11T23:31:16.873811,completed
13829,210,124,4,2025-03-11T23:31:16.873811,completed
13830,210,148,2,2025-03-11T23:31:16.873811,completed
13831,210,111,1,2025-03-11T23:31:16.873811,completed
13832,266,198,5,2025-04-11T22:44:53.618160,completed
13833,266,84,3,2025-04-11T22:44:53.618160,completed
13834,266,185,2,2025-04-11T22:44:53.618160,completed
13835,300,122,5,2024-05-08T06:29:36.296694,completed
13836,389,94,3,2024-11-04T15:19:15.329999,completed
13837,389,189,2,2024-11-04T15:19:15.329999,completed
13838,889,6,2,2025-09-23T17:39:53.583822,completed
13839,889,197,3,2025-09-23T17:39:53.583822,pending
13840,889,110,4,2025-09-23T17:39:53.583822,completed
13841,889,193,4,2025-09-23T17:39:53.583822,completed
13842,62,91,2,2024-08-12T23:28:58.020525,completed
13843,62,138,2,2024-08-12T23:28:58.020525,cancelled
13844,62,35,1,2024-08-12T23:28:58.020525,refunded
13845,472,6,3,2024-04-01T15:12:38.388054,completed
13846,472,17,2,2024-04-01T15:12:38.388054,completed
13847,472,22,4,2024-04-01T15:12:38.388054,completed
13848,795,77,1,2024-07-31T02:57:39.094204,pending
13849,795,197,3,2024-07-31T02:57:39.094204,cancelled
13850,455,87,5,2024-03-29T16:28:38.776589,completed
13851,455,194,4,2024-03-29T16:28:38.776589,completed
13852,455,98,4,2024-03-29T16:28:38.776589,completed
13853,455,179,4,2024-03-29T16:28:38.776589,refunded
13854,602,121,3,2024-08-27T23:09:23.928546,completed
13855,602,3,2,2024-08-27T23:09:23.928546,completed
13856,602,135,5,2024-08-27T23:09:23.928546,completed
13857,602,8,1,2024-08-27T23:09:23.928546,completed
13858,602,177,2,2024-08-27T23:09:23.928546,completed
13859,796,169,4,2024-12-07T07:49:27.454256,pending
13860,796,157,3,2024-12-07T07:49:27.454256,completed
13861,766,50,4,2025-08-21T15:18:14.852878,completed
13862,766,195,4,2025-08-21T15:18:14.852878,completed
13863,766,166,3,2025-08-21T15:18:14.852878,completed
13864,163,99,2,2024-01-14T01:22:15.399188,completed
13865,163,40,2,2024-01-14T01:22:15.399188,completed
13866,163,44,4,2024-01-14T01:22:15.399188,pending
13867,693,34,4,2024-09-25T09:13:53.484673,completed
13868,693,151,5,2024-09-25T09:13:53.484673,completed
13869,693,145,1,2024-09-25T09:13:53.484673,completed
13870,904,12,5,2025-11-06T17:57:26.462204,completed
13871,904,187,2,2025-11-06T17:57:26.462204,completed
13872,904,111,3,2025-11-06T17:57:26.462204,completed
13873,904,146,1,2025-11-06T17:57:26.462204,cancelled
13874,674,52,2,2024-06-23T08:22:04.692737,completed
13875,674,133,2,2024-06-23T08:22:04.692737,refunded
13876,674,185,5,2024-06-23T08:22:04.692737,refunded
13877,674,39,4,2024-06-23T08:22:04.692737,completed
13878,674,158,2,2024-06-23T08:22:04.692737,completed
13879,383,28,4,2025-09-27T23:48:45.095561,completed
13880,383,193,1,2025-09-27T23:48:45.095561,completed
13881,383,15,5,2025-09-27T23:48:45.095561,completed
13882,383,63,4,2025-09-27T23:48:45.095561,cancelled
13883,324,176,5,2025-01-29T20:44:58.806504,completed
13884,308,36,2,2024-07-17T18:58:21.852277,completed
13885,561,140,5,2024-12-04T18:09:11.202960,pending
13886,561,158,5,2024-12-04T18:09:11.202960,cancelled
13887,561,150,1,2024-12-04T18:09:11.202960,completed
13888,561,173,1,2024-12-04T18:09:11.202960,pending
13889,561,1,1,2024-12-04T18:09:11.202960,completed
13890,290,191,1,2025-11-11T18:30:18.447193,completed
13891,290,45,4,2025-11-11T18:30:18.447193,completed
13892,290,53,5,2025-11-11T18:30:18.447193,completed
13893,290,181,5,2025-11-11T18:30:18.447193,completed
13894,290,103,3,2025-11-11T18:30:18.447193,completed
13895,789,54,1,2024-06-17T05:06:44.674954,pending
13896,789,125,2,2024-06-17T05:06:44.674954,completed
13897,789,35,4,2024-06-17T05:06:44.674954,refunded
13898,875,55,1,2024-03-15T00:13:46.931365,completed
13899,875,144,1,2024-03-15T00:13:46.931365,completed
13900,875,58,5,2024-03-15T00:13:46.931365,completed
13901,875,199,3,2024-03-15T00:13:46.931365,completed
13902,914,179,5,2025-02-15T15:27:45.612320,refunded
13903,914,62,5,2025-02-15T15:27:45.612320,cancelled
13904,914,12,3,2025-02-15T15:27:45.612320,cancelled
13905,385,184,1,2025-06-23T07:43:46.957814,completed
13906,385,67,1,2025-06-23T07:43:46.957814,completed
13907,385,46,5,2025-06-23T07:43:46.957814,pending
13908,385,31,4,2025-06-23T07:43:46.957814,completed
13909,385,143,2,2025-06-23T07:43:46.957814,completed
13910,731,27,2,2025-07-27T00:10:14.071949,cancelled
13911,731,32,3,2025-07-27T00:10:14.071949,completed
13912,452,100,1,2025-07-15T03:12:31.447047,completed
13913,452,2,2,2025-07-15T03:12:31.447047,completed
13914,452,56,1,2025-07-15T03:12:31.447047,completed
13915,117,193,2,2024-06-24T21:28:34.614028,pending
13916,117,5,4,2024-06-24T21:28:34.614028,pending
13917,117,79,5,2024-06-24T21:28:34.614028,completed
13918,117,46,1,2024-06-24T21:28:34.614028,pending
13919,546,157,4,2024-09-10T11:03:34.281960,completed
13920,546,43,3,2024-09-10T11:03:34.281960,completed
13921,546,7,3,2024-09-10T11:03:34.281960,completed
13922,465,102,5,2025-11-23T11:04:27.385861,pending
13923,465,23,1,2025-11-23T11:04:27.385861,completed
13924,353,25,1,2025-10-11T16:13:50.996909,refunded
13925,353,11,1,2025-10-11T16:13:50.996909,completed
13926,675,194,1,2025-01-10T16:02:06.775124,completed
13927,675,83,2,2025-01-10T16:02:06.775124,completed
13928,557,20,2,2023-12-25T15:59:55.868978,completed
13929,978,46,1,2024-06-18T19:11:49.689677,pending
13930,669,24,3,2024-11-09T07:52:46.419002,completed
13931,669,153,4,2024-11-09T07:52:46.419002,completed
13932,669,80,2,2024-11-09T07:52:46.419002,pending
13933,669,2,1,2024-11-09T07:52:46.419002,cancelled
13934,669,20,4,2024-11-09T07:52:46.419002,completed
13935,503,10,3,2025-06-28T05:00:04.655452,completed
13936,503,162,5,2025-06-28T05:00:04.655452,cancelled
13937,8,189,3,2024-07-29T01:13:09.045758,completed
13938,8,53,2,2024-07-29T01:13:09.045758,completed
13939,8,177,1,2024-07-29T01:13:09.045758,cancelled
13940,8,176,2,2024-07-29T01:13:09.045758,completed
13941,334,10,3,2024-03-26T09:05:42.730138,pending
13942,591,97,2,2024-08-20T05:05:28.097620,completed
13943,591,31,3,2024-08-20T05:05:28.097620,completed
13944,591,125,3,2024-08-20T05:05:28.097620,completed
13945,227,8,4,2024-01-11T18:16:29.512693,completed
13946,227,152,1,2024-01-11T18:16:29.512693,pending
13947,957,39,1,2025-01-30T22:04:15.408625,completed
13948,957,76,2,2025-01-30T22:04:15.408625,completed
13949,957,1,4,2025-01-30T22:04:15.408625,completed
13950,957,123,2,2025-01-30T22:04:15.408625,completed
13951,957,80,1,2025-01-30T22:04:15.408625,completed
13952,394,170,3,2025-11-29T04:33:36.501917,completed
13953,394,133,2,2025-11-29T04:33:36.501917,completed
13954,104,82,1,2024-10-25T20:56:10.547320,completed
13955,104,130,3,2024-10-25T20:56:10.547320,completed
13956,104,5,2,2024-10-25T20:56:10.547320,completed
13957,104,180,4,2024-10-25T20:56:10.547320,completed
13958,104,3,1,2024-10-25T20:56:10.547320,completed
13959,441,62,3,2025-01-11T03:01:19.322763,completed
13960,441,166,1,2025-01-11T03:01:19.322763,completed
13961,441,32,3,2025-01-11T03:01:19.322763,completed
13962,441,69,3,2025-01-11T03:01:19.322763,pending
13963,441,101,3,2025-01-11T03:01:19.322763,completed
13964,692,100,2,2025-11-21T15:14:26.051288,completed
13965,692,191,5,2025-11-21T15:14:26.051288,completed
13966,692,74,5,2025-11-21T15:14:26.051288,completed
13967,219,1,4,2025-01-21T14:07:00.779399,refunded
13968,219,25,1,2025-01-21T14:07:00.779399,completed
13969,561,2,1,2024-01-09T23:18:46.066159,pending
13970,561,104,3,2024-01-09T23:18:46.066159,completed
13971,561,191,3,2024-01-09T23:18:46.066159,completed
13972,561,5,5,2024-01-09T23:18:46.066159,cancelled
13973,561,153,4,2024-01-09T23:18:46.066159,pending
13974,473,163,4,2024-04-30T17:52:02.404479,completed
13975,473,91,4,2024-04-30T17:52:02.404479,completed
13976,473,6,2,2024-04-30T17:52:02.404479,completed
13977,473,72,5,2024-04-30T17:52:02.404479,completed
13978,291,188,4,2024-06-04T23:54:52.100126,completed
13979,291,155,5,2024-06-04T23:54:52.100126,pending
13980,892,195,2,2025-02-23T23:55:33.179155,pending
13981,892,164,3,2025-02-23T23:55:33.179155,pending
13982,892,128,5,2025-02-23T23:55:33.179155,refunded
13983,892,43,1,2025-02-23T23:55:33.179155,pending
13984,892,3,2,2025-02-23T23:55:33.179155,completed
13985,690,59,4,2024-03-24T22:53:40.379949,completed
13986,690,73,1,2024-03-24T22:53:40.379949,completed
13987,690,125,2,2024-03-24T22:53:40.379949,completed
13988,728,30,3,2024-03-19T07:35:04.727516,completed
13989,728,176,1,2024-03-19T07:35:04.727516,pending
13990,728,150,3,2024-03-19T07:35:04.727516,completed
13991,728,113,3,2024-03-19T07:35:04.727516,completed
13992,574,13,2,2025-09-29T09:41:33.520263,completed
13993,920,110,5,2025-10-20T20:03:24.824964,completed
13994,482,81,3,2024-01-14T21:59:41.326473,completed
13995,482,109,4,2024-01-14T21:59:41.326473,completed
13996,608,53,1,2025-10-07T21:24:16.555951,completed
13997,608,106,5,2025-10-07T21:24:16.555951,completed
13998,608,162,5,2025-10-07T21:24:16.555951,cancelled
13999,268,15,1,2025-03-18T21:22:12.161380,completed
14000,268,166,4,2025-03-18T21:22:12.161380,completed
14001,268,134,4,2025-03-18T21:22:12.161380,completed
14002,857,108,4,2025-05-27T18:15:18.948104,completed
14003,857,2,4,2025-05-27T18:15:18.948104,completed
14004,439,43,2,2024-08-15T02:29:46.559082,completed
14005,344,52,1,2024-10-09T01:50:05.605008,completed
14006,344,170,1,2024-10-09T01:50:05.605008,completed
14007,344,169,2,2024-10-09T01:50:05.605008,refunded
14008,560,148,3,2024-10-18T21:08:31.152508,completed
14009,71,95,1,2024-05-21T12:08:07.255599,completed
14010,71,69,4,2024-05-21T12:08:07.255599,completed
14011,71,174,3,2024-05-21T12:08:07.255599,completed
14012,71,9,3,2024-05-21T12:08:07.255599,completed
14013,567,115,2,2025-02-25T07:02:25.653117,completed
14014,217,191,1,2025-02-14T04:58:10.048918,completed
14015,217,104,5,2025-02-14T04:58:10.048918,completed
14016,217,159,5,2025-02-14T04:58:10.048918,completed
14017,217,162,3,2025-02-14T04:58:10.048918,completed
14018,217,27,1,2025-02-14T04:58:10.048918,completed
14019,63,73,4,2024-03-26T03:56:49.087888,pending
14020,63,99,4,2024-03-26T03:56:49.087888,completed
14021,63,72,4,2024-03-26T03:56:49.087888,completed
14022,63,185,3,2024-03-26T03:56:49.087888,completed
14023,339,143,3,2025-08-04T10:42:42.387013,cancelled
14024,60,167,3,2025-02-06T07:06:42.585408,completed
14025,849,149,1,2025-07-10T08:05:15.039291,pending
14026,849,145,5,2025-07-10T08:05:15.039291,pending
14027,849,40,5,2025-07-10T08:05:15.039291,completed
14028,849,92,1,2025-07-10T08:05:15.039291,completed
14029,849,120,3,2025-07-10T08:05:15.039291,completed
14030,784,65,2,2024-04-15T10:38:24.080400,completed
14031,879,83,3,2025-09-27T19:43:23.396898,completed
14032,879,175,2,2025-09-27T19:43:23.396898,completed
14033,948,195,5,2024-12-18T00:59:28.458543,completed
14034,948,105,1,2024-12-18T00:59:28.458543,pending
14035,948,87,5,2024-12-18T00:59:28.458543,completed
14036,948,145,5,2024-12-18T00:59:28.458543,completed
14037,948,31,3,2024-12-18T00:59:28.458543,completed
14038,877,155,1,2025-08-15T14:10:45.341202,pending
14039,877,198,3,2025-08-15T14:10:45.341202,completed
14040,995,126,5,2025-05-15T00:57:40.329805,completed
14041,995,57,1,2025-05-15T00:57:40.329805,completed
14042,995,4,5,2025-05-15T00:57:40.329805,completed
14043,995,188,1,2025-05-15T00:57:40.329805,completed
14044,653,119,1,2024-06-21T17:37:17.547623,completed
14045,653,103,1,2024-06-21T17:37:17.547623,completed
14046,653,152,3,2024-06-21T17:37:17.547623,completed
14047,653,37,4,2024-06-21T17:37:17.547623,pending
14048,593,9,3,2024-04-14T00:01:49.942701,refunded
14049,593,155,3,2024-04-14T00:01:49.942701,completed
14050,593,91,3,2024-04-14T00:01:49.942701,completed
14051,593,125,4,2024-04-14T00:01:49.942701,completed
14052,120,64,4,2024-08-03T04:29:55.237770,completed
14053,120,131,5,2024-08-03T04:29:55.237770,completed
14054,120,117,2,2024-08-03T04:29:55.237770,completed
14055,709,191,4,2024-09-10T14:16:08.562935,completed
14056,709,96,3,2024-09-10T14:16:08.562935,completed
14057,709,106,4,2024-09-10T14:16:08.562935,completed
14058,577,47,2,2024-10-14T11:42:35.509895,completed
14059,577,189,2,2024-10-14T11:42:35.509895,completed
14060,577,105,3,2024-10-14T11:42:35.509895,cancelled
14061,577,59,4,2024-10-14T11:42:35.509895,completed
14062,196,21,4,2025-02-13T21:44:13.375700,completed
14063,196,147,3,2025-02-13T21:44:13.375700,completed
14064,196,171,1,2025-02-13T21:44:13.375700,cancelled
14065,196,11,3,2025-02-13T21:44:13.375700,completed
14066,196,84,2,2025-02-13T21:44:13.375700,completed
14067,22,102,2,2024-03-12T13:32:26.757550,cancelled
14068,22,133,5,2024-03-12T13:32:26.757550,completed
14069,22,167,5,2024-03-12T13:32:26.757550,completed
14070,22,60,4,2024-03-12T13:32:26.757550,completed
14071,363,150,1,2025-10-19T20:34:11.554264,completed
14072,8,175,2,2025-02-14T18:04:37.704368,pending
14073,8,69,4,2025-02-14T18:04:37.704368,completed
14074,453,187,4,2024-08-03T04:23:57.735906,completed
14075,453,170,1,2024-08-03T04:23:57.735906,completed
14076,453,56,1,2024-08-03T04:23:57.735906,completed
14077,270,74,2,2024-03-13T20:18:29.415250,completed
14078,270,20,4,2024-03-13T20:18:29.415250,completed
14079,825,192,1,2023-12-27T00:58:05.677799,completed
14080,825,144,3,2023-12-27T00:58:05.677799,completed
14081,825,37,2,2023-12-27T00:58:05.677799,completed
14082,825,106,2,2023-12-27T00:58:05.677799,completed
14083,552,193,3,2024-05-11T04:04:29.085491,completed
14084,552,59,3,2024-05-11T04:04:29.085491,cancelled
14085,552,188,4,2024-05-11T04:04:29.085491,pending
14086,552,89,4,2024-05-11T04:04:29.085491,cancelled
14087,199,167,1,2024-05-02T10:37:43.710766,completed
14088,525,84,4,2025-01-30T14:39:22.522553,completed
14089,525,152,1,2025-01-30T14:39:22.522553,completed
14090,525,46,5,2025-01-30T14:39:22.522553,pending
14091,525,104,3,2025-01-30T14:39:22.522553,completed
14092,525,60,2,2025-01-30T14:39:22.522553,completed
14093,306,171,1,2023-12-25T18:56:29.324832,completed
14094,306,94,4,2023-12-25T18:56:29.324832,completed
14095,306,122,5,2023-12-25T18:56:29.324832,cancelled
14096,306,130,3,2023-12-25T18:56:29.324832,pending
14097,306,189,5,2023-12-25T18:56:29.324832,completed
14098,39,73,2,2023-12-24T05:25:16.378321,completed
14099,39,103,2,2023-12-24T05:25:16.378321,completed
14100,479,68,4,2024-08-13T18:06:48.293654,completed
14101,479,178,5,2024-08-13T18:06:48.293654,completed
14102,783,52,2,2025-05-16T10:33:05.647260,completed
14103,783,21,5,2025-05-16T10:33:05.647260,completed
14104,783,68,4,2025-05-16T10:33:05.647260,cancelled
14105,783,145,2,2025-05-16T10:33:05.647260,completed
14106,207,191,2,2024-04-29T13:18:42.391480,completed
14107,207,2,5,2024-04-29T13:18:42.391480,completed
14108,207,79,2,2024-04-29T13:18:42.391480,completed
14109,207,87,1,2024-04-29T13:18:42.391480,completed
14110,207,167,4,2024-04-29T13:18:42.391480,completed
14111,423,149,4,2024-12-11T04:17:09.457042,completed
14112,423,48,4,2024-12-11T04:17:09.457042,completed
14113,423,186,1,2024-12-11T04:17:09.457042,completed
14114,240,167,4,2024-08-24T04:42:31.040835,pending
14115,240,34,5,2024-08-24T04:42:31.040835,completed
14116,240,179,1,2024-08-24T04:42:31.040835,completed
14117,240,42,2,2024-08-24T04:42:31.040835,completed
14118,190,177,2,2024-02-16T20:45:36.406380,completed
14119,190,129,2,2024-02-16T20:45:36.406380,completed
14120,190,137,4,2024-02-16T20:45:36.406380,completed
14121,418,167,2,2025-11-05T20:45:37.097044,completed
14122,319,186,4,2024-04-06T10:18:04.552995,completed
14123,466,4,3,2024-04-15T05:55:47.425220,completed
14124,466,40,1,2024-04-15T05:55:47.425220,completed
14125,466,131,4,2024-04-15T05:55:47.425220,cancelled
14126,466,127,3,2024-04-15T05:55:47.425220,completed
14127,73,87,1,2025-05-17T16:47:03.956419,completed
14128,91,124,5,2025-06-22T08:57:25.410879,completed
14129,91,138,2,2025-06-22T08:57:25.410879,completed
14130,91,20,2,2025-06-22T08:57:25.410879,completed
14131,91,45,5,2025-06-22T08:57:25.410879,completed
14132,650,58,2,2024-02-19T01:01:21.205344,cancelled
14133,650,194,2,2024-02-19T01:01:21.205344,completed
14134,650,15,5,2024-02-19T01:01:21.205344,completed
14135,650,199,4,2024-02-19T01:01:21.205344,completed
14136,650,143,2,2024-02-19T01:01:21.205344,completed
14137,251,152,2,2025-09-29T05:00:55.176868,cancelled
14138,251,133,2,2025-09-29T05:00:55.176868,completed
14139,251,187,2,2025-09-29T05:00:55.176868,completed
14140,251,39,5,2025-09-29T05:00:55.176868,completed
14141,881,88,4,2024-09-09T13:00:37.213073,completed
14142,689,60,4,2024-09-13T17:19:14.541670,completed
14143,689,14,1,2024-09-13T17:19:14.541670,completed
14144,590,99,1,2024-07-06T08:07:25.551484,completed
14145,590,126,1,2024-07-06T08:07:25.551484,pending
14146,590,10,5,2024-07-06T08:07:25.551484,pending
14147,1,76,2,2024-10-06T22:22:53.368597,completed
14148,1,113,5,2024-10-06T22:22:53.368597,completed
14149,1,27,4,2024-10-06T22:22:53.368597,completed
14150,562,79,2,2025-01-10T23:23:55.021327,completed
14151,562,129,4,2025-01-10T23:23:55.021327,completed
14152,562,85,5,2025-01-10T23:23:55.021327,completed
14153,562,104,1,2025-01-10T23:23:55.021327,completed
14154,227,116,4,2025-03-17T11:44:33.360899,completed
14155,227,118,4,2025-03-17T11:44:33.360899,refunded
14156,193,167,2,2025-04-15T00:04:38.922213,completed
14157,193,176,5,2025-04-15T00:04:38.922213,pending
14158,193,85,1,2025-04-15T00:04:38.922213,completed
14159,193,164,4,2025-04-15T00:04:38.922213,completed
14160,193,17,4,2025-04-15T00:04:38.922213,completed
14161,258,107,2,2025-05-12T11:44:43.743385,completed
14162,258,104,4,2025-05-12T11:44:43.743385,completed
14163,853,107,5,2024-01-30T12:39:37.879519,completed
14164,853,200,2,2024-01-30T12:39:37.879519,completed
14165,853,22,4,2024-01-30T12:39:37.879519,completed
14166,508,93,3,2025-09-29T15:30:58.905602,cancelled
14167,508,145,5,2025-09-29T15:30:58.905602,completed
14168,508,36,1,2025-09-29T15:30:58.905602,completed
14169,508,177,5,2025-09-29T15:30:58.905602,cancelled
14170,508,157,2,2025-09-29T15:30:58.905602,completed
14171,320,145,4,2024-10-12T08:50:57.623849,completed
14172,320,43,2,2024-10-12T08:50:57.623849,completed
14173,320,49,3,2024-10-12T08:50:57.623849,completed
14174,320,195,3,2024-10-12T08:50:57.623849,pending
14175,320,159,4,2024-10-12T08:50:57.623849,completed
14176,64,31,5,2024-03-26T02:00:35.234242,completed
14177,64,123,3,2024-03-26T02:00:35.234242,completed
14178,602,140,1,2024-11-25T16:36:20.514492,cancelled
14179,602,19,4,2024-11-25T16:36:20.514492,completed
14180,602,102,2,2024-11-25T16:36:20.514492,completed
14181,602,195,5,2024-11-25T16:36:20.514492,completed
14182,602,28,2,2024-11-25T16:36:20.514492,pending
14183,521,78,2,2025-04-08T22:18:37.338905,completed
14184,93,112,5,2024-01-03T00:38:53.110491,cancelled
14185,93,157,5,2024-01-03T00:38:53.110491,completed
14186,327,31,4,2024-03-01T07:06:56.907638,completed
14187,327,4,1,2024-03-01T07:06:56.907638,completed
14188,327,135,5,2024-03-01T07:06:56.907638,completed
14189,4,186,5,2024-04-23T22:40:01.065625,completed
14190,4,192,1,2024-04-23T22:40:01.065625,completed
14191,4,129,5,2024-04-23T22:40:01.065625,completed
14192,4,53,2,2024-04-23T22:40:01.065625,completed
14193,814,151,3,2025-05-01T08:44:17.857645,cancelled
14194,814,75,1,2025-05-01T08:44:17.857645,pending
14195,814,47,4,2025-05-01T08:44:17.857645,completed
14196,374,82,5,2025-02-10T03:53:19.411337,completed
14197,374,122,2,2025-02-10T03:53:19.411337,completed
14198,374,78,1,2025-02-10T03:53:19.411337,completed
14199,683,172,3,2024-06-22T15:46:56.393005,completed
14200,683,192,3,2024-06-22T15:46:56.393005,refunded
14201,683,194,4,2024-06-22T15:46:56.393005,completed
14202,683,1,3,2024-06-22T15:46:56.393005,completed
14203,586,2,4,2024-04-23T17:16:58.769664,cancelled
14204,586,200,1,2024-04-23T17:16:58.769664,completed
14205,586,8,1,2024-04-23T17:16:58.769664,completed
14206,586,192,2,2024-04-23T17:16:58.769664,refunded
14207,452,104,3,2024-01-27T01:20:08.586163,completed
14208,452,6,3,2024-01-27T01:20:08.586163,completed
14209,452,178,4,2024-01-27T01:20:08.586163,completed
14210,452,43,1,2024-01-27T01:20:08.586163,completed
14211,301,59,4,2025-09-14T19:11:30.177124,pending
14212,301,195,4,2025-09-14T19:11:30.177124,completed
14213,341,68,4,2024-10-06T20:31:33.619434,completed
14214,341,101,3,2024-10-06T20:31:33.619434,completed
14215,341,5,2,2024-10-06T20:31:33.619434,completed
14216,382,61,5,2024-12-06T12:18:58.688771,completed
14217,382,135,3,2024-12-06T12:18:58.688771,completed
14218,603,151,1,2025-10-14T14:56:31.388806,completed
14219,603,103,1,2025-10-14T14:56:31.388806,completed
14220,603,97,3,2025-10-14T14:56:31.388806,completed
14221,603,186,1,2025-10-14T14:56:31.388806,completed
14222,297,50,4,2024-08-26T12:26:28.039589,refunded
14223,961,135,3,2025-06-09T19:24:55.319871,completed
14224,961,114,4,2025-06-09T19:24:55.319871,completed
14225,961,67,5,2025-06-09T19:24:55.319871,pending
14226,888,157,5,2025-10-31T18:10:29.019361,completed
14227,888,15,1,2025-10-31T18:10:29.019361,completed
14228,888,43,3,2025-10-31T18:10:29.019361,completed
14229,888,41,1,2025-10-31T18:10:29.019361,completed
14230,87,71,3,2025-07-30T23:45:32.051996,completed
14231,87,183,4,2025-07-30T23:45:32.051996,completed
14232,611,11,4,2024-05-16T06:10:59.015728,completed
14233,411,194,2,2025-02-11T09:54:47.656013,completed
14234,411,143,2,2025-02-11T09:54:47.656013,cancelled
14235,411,125,3,2025-02-11T09:54:47.656013,completed
14236,411,34,5,2025-02-11T09:54:47.656013,refunded
14237,453,166,3,2024-09-18T00:33:54.650061,completed
14238,807,73,1,2025-11-15T14:48:52.891114,completed
14239,498,124,3,2024-04-02T11:58:00.748207,pending
14240,498,98,2,2024-04-02T11:58:00.748207,completed
14241,498,125,2,2024-04-02T11:58:00.748207,completed
14242,498,156,5,2024-04-02T11:58:00.748207,completed
14243,224,21,3,2024-06-11T17:36:13.950454,completed
14244,224,151,4,2024-06-11T17:36:13.950454,completed
14245,224,108,1,2024-06-11T17:36:13.950454,pending
14246,224,121,1,2024-06-11T17:36:13.950454,pending
14247,314,68,2,2025-01-29T15:33:51.479670,completed
14248,314,172,5,2025-01-29T15:33:51.479670,pending
14249,314,7,3,2025-01-29T15:33:51.479670,cancelled
14250,209,189,4,2024-10-06T14:27:00.532741,completed
14251,209,136,3,2024-10-06T14:27:00.532741,cancelled
14252,209,36,2,2024-10-06T14:27:00.532741,completed
14253,209,97,4,2024-10-06T14:27:00.532741,completed
14254,209,151,5,2024-10-06T14:27:00.532741,completed
14255,862,155,4,2025-05-20T13:19:25.972017,completed
14256,862,150,2,2025-05-20T13:19:25.972017,completed
14257,862,101,1,2025-05-20T13:19:25.972017,refunded
14258,862,3,3,2025-05-20T13:19:25.972017,completed
14259,862,133,2,2025-05-20T13:19:25.972017,completed
14260,40,74,3,2023-12-28T14:12:01.640547,completed
14261,40,157,3,2023-12-28T14:12:01.640547,completed
14262,40,14,1,2023-12-28T14:12:01.640547,completed
14263,40,176,3,2023-12-28T14:12:01.640547,completed
14264,40,73,3,2023-12-28T14:12:01.640547,completed
14265,492,106,3,2024-01-25T17:18:57.117785,completed
14266,492,17,2,2024-01-25T17:18:57.117785,completed
14267,492,16,3,2024-01-25T17:18:57.117785,cancelled
14268,492,155,4,2024-01-25T17:18:57.117785,completed
14269,492,86,1,2024-01-25T17:18:57.117785,pending
14270,252,32,4,2024-02-23T04:10:17.932359,completed
14271,252,65,5,2024-02-23T04:10:17.932359,cancelled
14272,252,98,1,2024-02-23T04:10:17.932359,completed
14273,252,2,4,2024-02-23T04:10:17.932359,completed
14274,252,62,5,2024-02-23T04:10:17.932359,completed
14275,118,144,3,2024-06-27T14:10:45.059990,completed
14276,492,1,1,2024-11-10T07:51:35.169917,completed
14277,492,185,5,2024-11-10T07:51:35.169917,completed
14278,492,121,5,2024-11-10T07:51:35.169917,completed
14279,492,92,5,2024-11-10T07:51:35.169917,completed
14280,331,116,3,2025-02-27T03:47:04.276010,completed
14281,331,157,4,2025-02-27T03:47:04.276010,pending
14282,331,123,1,2025-02-27T03:47:04.276010,completed
14283,331,178,4,2025-02-27T03:47:04.276010,completed
14284,69,104,5,2024-06-05T07:32:33.373231,completed
14285,69,47,4,2024-06-05T07:32:33.373231,cancelled
14286,69,105,2,2024-06-05T07:32:33.373231,completed
14287,69,188,4,2024-06-05T07:32:33.373231,completed
14288,69,113,5,2024-06-05T07:32:33.373231,completed
14289,11,37,4,2024-10-09T02:44:58.884750,completed
14290,11,191,5,2024-10-09T02:44:58.884750,completed
14291,311,157,3,2024-02-14T01:57:09.717081,completed
14292,376,146,1,2025-06-14T14:48:34.322101,completed
14293,376,125,2,2025-06-14T14:48:34.322101,completed
14294,376,116,3,2025-06-14T14:48:34.322101,cancelled
14295,823,66,3,2025-01-12T05:09:42.483953,completed
14296,823,145,2,2025-01-12T05:09:42.483953,completed
14297,477,44,1,2024-12-20T07:25:09.670194,pending
14298,477,13,2,2024-12-20T07:25:09.670194,pending
14299,477,139,5,2024-12-20T07:25:09.670194,completed
14300,477,167,3,2024-12-20T07:25:09.670194,cancelled
14301,168,3,1,2024-03-02T19:01:00.770610,completed
14302,168,7,4,2024-03-02T19:01:00.770610,completed
14303,168,173,3,2024-03-02T19:01:00.770610,completed
14304,168,151,4,2024-03-02T19:01:00.770610,completed
14305,168,42,5,2024-03-02T19:01:00.770610,completed
14306,41,21,5,2025-03-28T06:23:59.164709,completed
14307,224,23,2,2023-12-26T00:52:06.866242,pending
14308,224,81,1,2023-12-26T00:52:06.866242,cancelled
14309,914,81,4,2024-09-12T13:25:13.030050,completed
14310,707,178,4,2025-05-31T14:54:36.709216,completed
14311,707,38,1,2025-05-31T14:54:36.709216,completed
14312,707,119,2,2025-05-31T14:54:36.709216,completed
14313,834,191,4,2025-02-06T00:43:48.416747,cancelled
14314,834,51,5,2025-02-06T00:43:48.416747,completed
14315,834,62,2,2025-02-06T00:43:48.416747,completed
14316,834,58,5,2025-02-06T00:43:48.416747,completed
14317,834,85,3,2025-02-06T00:43:48.416747,completed
14318,987,22,2,2024-12-17T12:30:58.201041,pending
14319,987,107,3,2024-12-17T12:30:58.201041,completed
14320,987,184,4,2024-12-17T12:30:58.201041,completed
14321,987,172,1,2024-12-17T12:30:58.201041,completed
14322,548,17,4,2025-12-06T16:56:19.114898,pending
14323,548,163,2,2025-12-06T16:56:19.114898,completed
14324,548,167,3,2025-12-06T16:56:19.114898,pending
14325,218,163,3,2025-12-02T11:30:47.079851,completed
14326,218,110,1,2025-12-02T11:30:47.079851,completed
14327,218,95,1,2025-12-02T11:30:47.079851,completed
14328,778,72,2,2025-04-22T20:43:56.550504,completed
14329,778,189,3,2025-04-22T20:43:56.550504,completed
14330,778,106,1,2025-04-22T20:43:56.550504,pending
14331,778,117,5,2025-04-22T20:43:56.550504,completed
14332,778,173,5,2025-04-22T20:43:56.550504,pending
14333,118,174,2,2024-01-10T04:29:52.837425,completed
14334,118,54,3,2024-01-10T04:29:52.837425,pending
14335,118,86,3,2024-01-10T04:29:52.837425,completed
14336,988,33,1,2024-03-24T06:30:21.395533,completed
14337,988,137,5,2024-03-24T06:30:21.395533,completed
14338,988,172,2,2024-03-24T06:30:21.395533,completed
14339,988,109,5,2024-03-24T06:30:21.395533,completed
14340,729,86,3,2024-02-12T17:17:07.185315,completed
14341,729,19,4,2024-02-12T17:17:07.185315,completed
14342,729,63,5,2024-02-12T17:17:07.185315,completed
14343,729,190,3,2024-02-12T17:17:07.185315,completed
14344,716,36,3,2024-03-25T10:01:01.518421,completed
14345,716,172,3,2024-03-25T10:01:01.518421,completed
14346,716,67,4,2024-03-25T10:01:01.518421,completed
14347,716,14,1,2024-03-25T10:01:01.518421,completed
14348,716,195,4,2024-03-25T10:01:01.518421,completed
14349,678,28,3,2024-03-16T23:44:34.241841,completed
14350,678,25,4,2024-03-16T23:44:34.241841,completed
14351,678,160,4,2024-03-16T23:44:34.241841,completed
14352,678,185,2,2024-03-16T23:44:34.241841,completed
14353,238,81,5,2025-02-03T17:35:23.605117,completed
14354,317,196,3,2025-01-25T11:56:59.150917,completed
14355,317,153,2,2025-01-25T11:56:59.150917,completed
14356,705,66,1,2025-05-30T12:40:35.428015,completed
14357,705,173,2,2025-05-30T12:40:35.428015,completed
14358,705,5,2,2025-05-30T12:40:35.428015,completed
14359,364,121,5,2024-03-22T05:26:24.801311,completed
14360,16,176,1,2024-06-03T15:39:12.309367,pending
14361,16,49,2,2024-06-03T15:39:12.309367,completed
14362,16,149,2,2024-06-03T15:39:12.309367,cancelled
14363,764,41,3,2024-04-08T01:50:06.989663,completed
14364,764,100,3,2024-04-08T01:50:06.989663,completed
14365,764,37,4,2024-04-08T01:50:06.989663,pending
14366,764,7,5,2024-04-08T01:50:06.989663,completed
14367,764,85,4,2024-04-08T01:50:06.989663,completed
14368,816,188,2,2025-02-05T17:49:07.038720,pending
14369,816,114,2,2025-02-05T17:49:07.038720,completed
14370,816,140,5,2025-02-05T17:49:07.038720,completed
14371,297,19,5,2025-08-26T20:21:15.678562,completed
14372,297,8,1,2025-08-26T20:21:15.678562,refunded
14373,517,91,5,2025-08-19T05:23:13.612957,cancelled
14374,517,196,5,2025-08-19T05:23:13.612957,cancelled
14375,517,114,1,2025-08-19T05:23:13.612957,completed
14376,517,141,5,2025-08-19T05:23:13.612957,completed
14377,517,113,2,2025-08-19T05:23:13.612957,completed
14378,851,63,1,2025-02-13T05:27:55.083598,completed
14379,851,155,1,2025-02-13T05:27:55.083598,completed
14380,851,115,5,2025-02-13T05:27:55.083598,completed
14381,851,133,3,2025-02-13T05:27:55.083598,completed
14382,851,51,5,2025-02-13T05:27:55.083598,pending
14383,697,75,1,2025-09-02T13:59:07.912280,pending
14384,697,104,3,2025-09-02T13:59:07.912280,completed
14385,697,194,4,2025-09-02T13:59:07.912280,completed
14386,697,163,3,2025-09-02T13:59:07.912280,completed
14387,697,178,4,2025-09-02T13:59:07.912280,completed
14388,4,41,1,2025-06-23T16:37:30.562700,cancelled
14389,4,115,5,2025-06-23T16:37:30.562700,completed
14390,533,85,1,2025-02-20T15:15:38.292985,completed
14391,533,14,1,2025-02-20T15:15:38.292985,completed
14392,533,149,2,2025-02-20T15:15:38.292985,completed
14393,533,142,4,2025-02-20T15:15:38.292985,completed
14394,600,119,3,2024-12-24T05:16:12.054817,completed
14395,22,67,4,2025-02-26T09:44:45.590922,completed
14396,22,137,2,2025-02-26T09:44:45.590922,completed
14397,22,65,3,2025-02-26T09:44:45.590922,completed
14398,22,123,3,2025-02-26T09:44:45.590922,pending
14399,798,4,2,2024-03-05T06:55:57.944083,completed
14400,798,175,5,2024-03-05T06:55:57.944083,completed
14401,798,123,5,2024-03-05T06:55:57.944083,completed
14402,767,31,1,2025-01-15T03:18:35.234764,completed
14403,776,194,4,2025-11-05T01:41:01.879972,cancelled
14404,776,102,5,2025-11-05T01:41:01.879972,completed
14405,665,189,4,2025-10-14T15:03:30.179763,completed
14406,646,33,4,2025-10-18T23:02:35.746664,completed
14407,646,111,4,2025-10-18T23:02:35.746664,completed
14408,646,22,1,2025-10-18T23:02:35.746664,refunded
14409,501,57,4,2025-08-04T00:57:57.743314,completed
14410,501,89,1,2025-08-04T00:57:57.743314,completed
14411,501,47,1,2025-08-04T00:57:57.743314,cancelled
14412,501,114,2,2025-08-04T00:57:57.743314,completed
14413,501,88,1,2025-08-04T00:57:57.743314,completed
14414,396,163,5,2024-02-15T10:21:05.200276,completed
14415,93,41,1,2025-08-27T05:49:59.102284,pending
14416,93,146,4,2025-08-27T05:49:59.102284,completed
14417,93,12,4,2025-08-27T05:49:59.102284,pending
14418,729,54,4,2025-07-28T20:16:01.616630,completed
14419,729,10,3,2025-07-28T20:16:01.616630,completed
14420,729,141,2,2025-07-28T20:16:01.616630,completed
14421,503,55,3,2025-04-05T18:45:29.362371,completed
14422,503,34,3,2025-04-05T18:45:29.362371,refunded
14423,486,10,4,2024-02-19T18:46:46.218448,completed
14424,403,111,4,2025-03-04T08:39:57.118110,cancelled
14425,243,117,2,2025-12-01T03:19:50.628840,completed
14426,243,136,1,2025-12-01T03:19:50.628840,completed
14427,243,137,1,2025-12-01T03:19:50.628840,completed
14428,243,159,2,2025-12-01T03:19:50.628840,pending
14429,27,170,1,2025-10-11T07:52:36.671263,completed
14430,27,66,1,2025-10-11T07:52:36.671263,completed
14431,27,121,3,2025-10-11T07:52:36.671263,completed
14432,27,159,3,2025-10-11T07:52:36.671263,completed
14433,27,137,4,2025-10-11T07:52:36.671263,completed
14434,553,117,4,2024-11-25T19:43:34.364125,completed
14435,553,194,2,2024-11-25T19:43:34.364125,pending
14436,553,94,2,2024-11-25T19:43:34.364125,completed
14437,473,163,3,2025-08-18T14:28:19.074170,completed
14438,473,151,5,2025-08-18T14:28:19.074170,refunded
14439,473,193,1,2025-08-18T14:28:19.074170,pending
14440,780,184,4,2024-11-20T14:17:10.800453,completed
14441,780,159,5,2024-11-20T14:17:10.800453,completed
14442,780,150,4,2024-11-20T14:17:10.800453,completed
14443,780,161,2,2024-11-20T14:17:10.800453,completed
14444,780,56,5,2024-11-20T14:17:10.800453,completed
14445,324,50,2,2025-05-12T08:30:13.427113,completed
14446,324,68,5,2025-05-12T08:30:13.427113,pending
14447,179,119,1,2024-03-10T19:26:59.439688,completed
14448,158,197,3,2025-07-21T06:42:45.624604,completed
14449,158,120,2,2025-07-21T06:42:45.624604,pending
14450,158,90,5,2025-07-21T06:42:45.624604,completed
14451,158,87,3,2025-07-21T06:42:45.624604,completed
14452,92,54,1,2024-08-03T05:30:43.931273,completed
14453,92,136,2,2024-08-03T05:30:43.931273,pending
14454,92,36,2,2024-08-03T05:30:43.931273,completed
14455,92,88,3,2024-08-03T05:30:43.931273,completed
14456,92,45,2,2024-05-03T00:04:44.797312,pending
14457,92,100,5,2024-05-03T00:04:44.797312,completed
14458,92,58,1,2024-05-03T00:04:44.797312,completed
14459,92,176,3,2024-05-03T00:04:44.797312,completed
14460,997,138,5,2025-02-02T22:57:35.662467,completed
14461,902,28,2,2024-11-26T14:59:02.781850,completed
14462,515,78,3,2024-06-11T23:08:48.666194,completed
14463,238,102,3,2024-10-16T22:30:11.632704,completed
14464,798,124,2,2024-09-27T12:45:02.520411,completed
14465,798,33,4,2024-09-27T12:45:02.520411,completed
14466,798,24,1,2024-09-27T12:45:02.520411,completed
14467,798,26,1,2024-09-27T12:45:02.520411,cancelled
14468,872,107,2,2024-08-29T13:35:39.741070,completed
14469,872,110,2,2024-08-29T13:35:39.741070,cancelled
14470,872,60,4,2024-08-29T13:35:39.741070,completed
14471,872,95,4,2024-08-29T13:35:39.741070,completed
14472,13,196,4,2024-02-17T04:28:53.403788,completed
14473,13,2,4,2024-02-17T04:28:53.403788,completed
14474,13,102,3,2024-02-17T04:28:53.403788,completed
14475,13,137,4,2024-02-17T04:28:53.403788,pending
14476,359,80,2,2025-10-27T03:13:50.223275,completed
14477,359,110,3,2025-10-27T03:13:50.223275,refunded
14478,359,141,3,2025-10-27T03:13:50.223275,completed
14479,359,146,4,2025-10-27T03:13:50.223275,completed
14480,359,86,4,2025-10-27T03:13:50.223275,completed
14481,855,164,2,2024-06-11T14:34:11.403353,completed
14482,855,178,5,2024-06-11T14:34:11.403353,completed
14483,855,126,4,2024-06-11T14:34:11.403353,completed
14484,855,184,4,2024-06-11T14:34:11.403353,completed
14485,855,124,2,2024-06-11T14:34:11.403353,refunded
14486,667,169,1,2024-02-10T03:30:10.080928,completed
14487,667,123,1,2024-02-10T03:30:10.080928,pending
14488,362,174,4,2024-07-27T08:49:26.826015,completed
14489,831,90,1,2025-02-13T01:10:53.968266,completed
14490,969,187,2,2025-12-03T10:18:37.370577,completed
14491,969,171,1,2025-12-03T10:18:37.370577,completed
14492,969,162,4,2025-12-03T10:18:37.370577,cancelled
14493,969,189,2,2025-12-03T10:18:37.370577,completed
14494,606,20,5,2025-07-21T06:52:55.492838,refunded
14495,606,180,3,2025-07-21T06:52:55.492838,completed
14496,606,24,2,2025-07-21T06:52:55.492838,completed
14497,606,93,5,2025-07-21T06:52:55.492838,completed
14498,94,33,1,2024-11-28T03:30:00.325698,completed
14499,94,194,5,2024-11-28T03:30:00.325698,completed
14500,94,175,5,2024-11-28T03:30:00.325698,completed
14501,94,149,4,2024-11-28T03:30:00.325698,completed
14502,678,7,5,2024-11-13T07:41:44.557538,completed
14503,678,148,1,2024-11-13T07:41:44.557538,completed
14504,221,52,2,2025-06-27T21:51:13.997490,completed
14505,221,71,3,2025-06-27T21:51:13.997490,completed
14506,221,146,1,2025-06-27T21:51:13.997490,completed
14507,956,128,2,2025-04-05T15:56:47.143711,completed
14508,956,114,2,2025-04-05T15:56:47.143711,completed
14509,956,158,3,2025-04-05T15:56:47.143711,completed
14510,956,162,4,2025-04-05T15:56:47.143711,completed
14511,956,194,2,2025-04-05T15:56:47.143711,completed
14512,550,191,5,2025-05-21T07:56:48.428612,completed
14513,550,75,4,2025-05-21T07:56:48.428612,completed
14514,550,62,5,2025-05-21T07:56:48.428612,completed
14515,550,6,2,2025-05-21T07:56:48.428612,completed
14516,242,134,5,2024-11-21T18:17:38.501623,completed
14517,242,124,2,2024-11-21T18:17:38.501623,completed
14518,242,7,3,2024-11-21T18:17:38.501623,completed
14519,689,144,5,2024-04-24T11:31:53.499699,completed
14520,689,182,3,2024-04-24T11:31:53.499699,completed
14521,539,97,4,2025-06-21T21:35:29.232563,completed
14522,539,36,2,2025-06-21T21:35:29.232563,completed
14523,883,87,1,2024-07-24T22:45:23.558140,completed
14524,883,134,5,2024-07-24T22:45:23.558140,cancelled
14525,403,58,1,2025-03-29T01:29:02.339822,completed
14526,403,69,3,2025-03-29T01:29:02.339822,completed
14527,403,2,4,2025-03-29T01:29:02.339822,completed
14528,403,66,2,2025-03-29T01:29:02.339822,pending
14529,133,103,3,2024-05-13T06:07:28.763782,cancelled
14530,133,157,1,2024-05-13T06:07:28.763782,completed
14531,133,133,2,2024-05-13T06:07:28.763782,completed
14532,380,119,1,2025-09-26T05:02:39.621696,completed
14533,705,162,3,2025-09-09T02:33:53.411706,completed
14534,705,142,4,2025-09-09T02:33:53.411706,completed
14535,642,2,3,2025-03-19T18:28:28.453776,pending
14536,642,161,4,2025-03-19T18:28:28.453776,completed
14537,642,6,3,2025-03-19T18:28:28.453776,completed
14538,978,125,4,2024-11-22T17:59:38.356241,completed
14539,548,133,5,2024-12-16T19:57:53.953579,completed
14540,548,77,1,2024-12-16T19:57:53.953579,completed
14541,548,30,4,2024-12-16T19:57:53.953579,completed
14542,548,58,5,2024-12-16T19:57:53.953579,completed
14543,202,156,2,2025-03-05T20:46:08.215652,completed
14544,202,74,2,2025-03-05T20:46:08.215652,cancelled
14545,202,139,3,2025-03-05T20:46:08.215652,completed
14546,846,138,2,2025-09-14T06:43:01.447291,pending
14547,846,31,2,2025-09-14T06:43:01.447291,completed
14548,846,100,4,2025-09-14T06:43:01.447291,completed
14549,846,4,3,2025-09-14T06:43:01.447291,completed
14550,846,170,1,2025-09-14T06:43:01.447291,pending
14551,102,166,5,2024-09-10T07:26:00.230613,completed
14552,34,75,4,2024-03-10T12:45:24.442390,pending
14553,582,162,2,2025-10-11T07:16:39.537660,pending
14554,519,81,3,2025-06-22T18:24:13.862930,completed
14555,519,134,1,2025-06-22T18:24:13.862930,completed
14556,138,122,4,2025-09-02T21:13:31.043236,completed
14557,138,19,3,2025-09-02T21:13:31.043236,completed
14558,138,35,5,2025-09-02T21:13:31.043236,refunded
14559,138,114,2,2025-09-02T21:13:31.043236,pending
14560,617,152,1,2024-05-31T16:45:05.761093,completed
14561,289,125,1,2025-01-02T17:17:38.286931,cancelled
14562,289,146,1,2025-01-02T17:17:38.286931,completed
14563,289,65,1,2025-01-02T17:17:38.286931,completed
14564,995,153,1,2025-04-28T00:08:47.513439,pending
14565,995,188,3,2025-04-28T00:08:47.513439,pending
14566,995,41,5,2025-04-28T00:08:47.513439,completed
14567,995,43,4,2025-04-28T00:08:47.513439,completed
14568,995,145,3,2025-04-28T00:08:47.513439,completed
14569,712,63,2,2024-01-21T08:45:43.215573,pending
14570,712,119,3,2024-01-21T08:45:43.215573,completed
14571,712,108,2,2024-01-21T08:45:43.215573,completed
14572,712,65,2,2024-01-21T08:45:43.215573,completed
14573,712,83,4,2024-01-21T08:45:43.215573,completed
14574,183,12,3,2024-04-13T09:45:52.052675,completed
14575,183,4,1,2024-04-13T09:45:52.052675,completed
14576,183,142,1,2024-04-13T09:45:52.052675,pending
14577,183,3,5,2024-04-13T09:45:52.052675,completed
14578,8,1,2,2025-10-19T21:54:10.227169,completed
14579,8,86,2,2025-10-19T21:54:10.227169,completed
14580,407,189,2,2024-01-24T04:30:54.876396,completed
14581,407,123,2,2024-01-24T04:30:54.876396,completed
14582,407,162,1,2024-01-24T04:30:54.876396,completed
14583,407,42,5,2024-01-24T04:30:54.876396,completed
14584,407,186,4,2024-01-24T04:30:54.876396,completed
14585,175,53,5,2025-07-31T18:32:28.611379,completed
14586,175,182,4,2025-07-31T18:32:28.611379,completed
14587,376,18,1,2024-07-05T07:55:26.542242,refunded
14588,376,90,5,2024-07-05T07:55:26.542242,completed
14589,376,179,1,2024-07-05T07:55:26.542242,pending
14590,696,117,2,2025-01-13T23:31:02.410076,completed
14591,696,188,2,2025-01-13T23:31:02.410076,pending
14592,712,79,2,2024-01-03T15:39:41.982477,completed
14593,712,40,2,2024-01-03T15:39:41.982477,completed
14594,712,170,2,2024-01-03T15:39:41.982477,completed
14595,712,144,4,2024-01-03T15:39:41.982477,completed
14596,712,105,5,2024-01-03T15:39:41.982477,completed
14597,653,125,3,2024-07-24T18:35:01.495360,completed
14598,653,166,1,2024-07-24T18:35:01.495360,completed
14599,653,168,2,2024-07-24T18:35:01.495360,completed
14600,653,69,2,2024-07-24T18:35:01.495360,cancelled
14601,653,158,3,2024-07-24T18:35:01.495360,completed
14602,538,90,2,2024-07-21T23:39:27.472241,completed
14603,538,117,2,2024-07-21T23:39:27.472241,completed
14604,538,39,5,2024-07-21T23:39:27.472241,completed
14605,538,132,4,2024-07-21T23:39:27.472241,completed
14606,538,167,5,2024-07-21T23:39:27.472241,completed
14607,329,125,2,2025-02-17T11:43:52.522302,completed
14608,329,94,1,2025-02-17T11:43:52.522302,completed
14609,329,54,5,2025-02-17T11:43:52.522302,completed
14610,329,5,1,2025-02-17T11:43:52.522302,refunded
14611,329,179,5,2025-02-17T11:43:52.522302,completed
14612,439,145,2,2024-10-21T20:14:58.423317,completed
14613,439,84,2,2024-10-21T20:14:58.423317,completed
14614,439,161,5,2024-10-21T20:14:58.423317,completed
14615,439,169,1,2024-10-21T20:14:58.423317,completed
14616,872,139,5,2024-01-26T21:11:46.179833,cancelled
14617,872,21,1,2024-01-26T21:11:46.179833,completed
14618,872,19,2,2024-01-26T21:11:46.179833,completed
14619,346,78,5,2024-01-12T06:40:48.500614,completed
14620,346,138,1,2024-01-12T06:40:48.500614,completed
14621,346,190,2,2024-01-12T06:40:48.500614,completed
14622,346,124,5,2024-01-12T06:40:48.500614,cancelled
14623,346,70,5,2024-01-12T06:40:48.500614,refunded
14624,355,6,5,2024-01-26T08:28:46.244601,completed
14625,355,127,1,2024-01-26T08:28:46.244601,completed
14626,355,169,1,2024-01-26T08:28:46.244601,completed
14627,355,48,4,2024-01-26T08:28:46.244601,completed
14628,355,15,2,2024-01-26T08:28:46.244601,cancelled
14629,674,115,2,2024-07-17T15:40:40.004261,completed
14630,674,83,5,2024-07-17T15:40:40.004261,completed
14631,674,176,3,2024-07-17T15:40:40.004261,refunded
14632,927,163,1,2025-03-04T06:18:29.383751,completed
14633,927,108,5,2025-03-04T06:18:29.383751,completed
14634,927,129,5,2025-03-04T06:18:29.383751,completed
14635,2,87,5,2024-10-21T23:33:17.050891,completed
14636,800,98,3,2024-09-04T18:46:51.883882,completed
14637,800,40,3,2024-09-04T18:46:51.883882,completed
14638,700,124,1,2024-06-04T12:51:47.535856,completed
14639,700,174,3,2024-06-04T12:51:47.535856,completed
14640,700,10,1,2024-06-04T12:51:47.535856,completed
14641,667,36,4,2024-10-19T05:48:07.160902,completed
14642,667,79,3,2024-10-19T05:48:07.160902,pending
14643,667,178,4,2024-10-19T05:48:07.160902,completed
14644,667,69,2,2024-10-19T05:48:07.160902,pending
14645,546,125,2,2024-07-18T07:30:56.984790,cancelled
14646,546,74,1,2024-07-18T07:30:56.984790,cancelled
14647,546,118,5,2024-07-18T07:30:56.984790,completed
14648,546,99,4,2024-07-18T07:30:56.984790,completed
14649,550,8,1,2024-04-21T12:22:49.435742,completed
14650,550,159,4,2024-04-21T12:22:49.435742,completed
14651,550,25,4,2024-04-21T12:22:49.435742,completed
14652,550,173,1,2024-04-21T12:22:49.435742,completed
14653,550,15,3,2024-04-21T12:22:49.435742,pending
14654,138,174,2,2024-09-24T22:45:43.370105,completed
14655,16,200,3,2025-07-12T03:23:03.541889,completed
14656,16,145,2,2025-07-12T03:23:03.541889,refunded
14657,16,123,4,2025-07-12T03:23:03.541889,refunded
14658,794,129,4,2025-05-10T19:20:41.342519,completed
14659,794,123,4,2025-05-10T19:20:41.342519,completed
14660,366,36,4,2024-03-31T01:27:06.787889,completed
14661,366,85,4,2024-03-31T01:27:06.787889,pending
14662,366,131,3,2024-03-31T01:27:06.787889,completed
14663,980,196,4,2024-09-13T06:41:05.577960,completed
14664,980,99,4,2024-09-13T06:41:05.577960,completed
14665,980,69,5,2024-09-13T06:41:05.577960,completed
14666,980,129,2,2024-09-13T06:41:05.577960,completed
14667,56,88,3,2025-02-26T18:40:45.813419,completed
14668,56,91,3,2025-02-26T18:40:45.813419,completed
14669,256,74,5,2025-10-25T01:33:24.510843,completed
14670,256,114,2,2025-10-25T01:33:24.510843,completed
14671,651,74,3,2024-05-30T06:05:49.690718,completed
14672,651,117,3,2024-05-30T06:05:49.690718,completed
14673,651,2,4,2024-05-30T06:05:49.690718,completed
14674,651,31,2,2024-05-30T06:05:49.690718,completed
14675,651,177,4,2024-05-30T06:05:49.690718,completed
14676,343,17,5,2025-07-14T02:26:35.265079,completed
14677,404,51,5,2024-06-06T15:15:18.613413,completed
14678,877,168,3,2025-02-27T21:33:44.548657,completed
14679,877,158,2,2025-02-27T21:33:44.548657,completed
14680,877,90,5,2025-02-27T21:33:44.548657,cancelled
14681,682,64,2,2024-02-20T16:38:07.053782,completed
14682,682,166,5,2024-02-20T16:38:07.053782,completed
14683,472,185,1,2025-11-19T08:32:21.265928,pending
14684,472,23,4,2025-11-19T08:32:21.265928,completed
14685,472,21,4,2025-11-19T08:32:21.265928,completed
14686,472,134,2,2025-11-19T08:32:21.265928,completed
14687,850,140,5,2025-10-25T03:28:56.105505,completed
14688,850,160,5,2025-10-25T03:28:56.105505,completed
14689,850,1,1,2025-10-25T03:28:56.105505,refunded
14690,229,147,3,2025-03-24T19:19:19.622200,refunded
14691,229,198,2,2025-03-24T19:19:19.622200,cancelled
14692,229,70,3,2025-03-24T19:19:19.622200,completed
14693,229,121,4,2025-03-24T19:19:19.622200,completed
14694,530,150,1,2024-02-01T18:53:56.569729,completed
14695,530,55,1,2024-02-01T18:53:56.569729,completed
14696,530,184,5,2024-02-01T18:53:56.569729,completed
14697,530,130,4,2024-02-01T18:53:56.569729,completed
14698,530,107,3,2024-02-01T18:53:56.569729,completed
14699,58,75,3,2024-03-03T04:21:26.618589,completed
14700,58,49,1,2024-03-03T04:21:26.618589,cancelled
14701,58,21,4,2024-03-03T04:21:26.618589,pending
14702,58,159,1,2024-03-03T04:21:26.618589,completed
14703,58,107,1,2024-03-03T04:21:26.618589,pending
14704,199,35,4,2024-08-19T12:43:25.839070,completed
14705,327,77,5,2024-11-25T21:45:01.035844,completed
14706,327,16,3,2024-11-25T21:45:01.035844,cancelled
14707,327,36,5,2024-11-25T21:45:01.035844,completed
14708,327,161,4,2024-11-25T21:45:01.035844,completed
14709,329,145,2,2024-03-09T08:58:43.777744,completed
14710,329,25,1,2024-03-09T08:58:43.777744,completed
14711,329,164,4,2024-03-09T08:58:43.777744,completed
14712,462,28,2,2025-05-23T03:09:04.401601,completed
14713,462,134,3,2025-05-23T03:09:04.401601,completed
14714,755,196,3,2025-06-22T08:54:56.091756,completed
14715,755,191,2,2025-06-22T08:54:56.091756,completed
14716,831,178,2,2024-05-03T14:35:53.681158,completed
14717,831,133,3,2024-05-03T14:35:53.681158,pending
14718,831,15,1,2024-05-03T14:35:53.681158,cancelled
14719,785,46,2,2024-05-02T02:21:02.688532,completed
14720,785,180,3,2024-05-02T02:21:02.688532,completed
14721,785,120,5,2024-05-02T02:21:02.688532,pending
14722,785,70,2,2024-05-02T02:21:02.688532,completed
14723,718,40,2,2024-08-03T22:26:59.854909,completed
14724,263,34,5,2024-02-07T00:53:00.678638,completed
14725,46,1,4,2024-12-13T20:41:53.861990,completed
14726,46,200,3,2024-12-13T20:41:53.861990,completed
14727,46,162,2,2024-12-13T20:41:53.861990,completed
14728,46,125,4,2024-12-13T20:41:53.861990,completed
14729,666,54,4,2025-09-13T17:59:14.023670,completed
14730,666,63,4,2025-09-13T17:59:14.023670,completed
14731,666,186,5,2025-09-13T17:59:14.023670,pending
14732,666,94,4,2025-09-13T17:59:14.023670,completed
14733,176,39,1,2024-10-23T13:19:01.535263,completed
14734,176,25,2,2024-10-23T13:19:01.535263,cancelled
14735,176,93,1,2024-10-23T13:19:01.535263,completed
14736,666,172,5,2025-11-28T06:18:24.408329,completed
14737,666,98,3,2025-11-28T06:18:24.408329,completed
14738,814,138,4,2023-12-30T06:13:00.721207,completed
14739,814,94,2,2023-12-30T06:13:00.721207,pending
14740,814,44,2,2023-12-30T06:13:00.721207,completed
14741,671,40,3,2023-12-29T08:46:48.009622,cancelled
14742,671,44,3,2023-12-29T08:46:48.009622,pending
14743,671,66,2,2023-12-29T08:46:48.009622,completed
14744,671,10,4,2023-12-29T08:46:48.009622,pending
14745,985,58,5,2024-02-06T23:51:44.528492,completed
14746,273,168,2,2024-07-02T04:16:05.903956,completed
14747,273,136,2,2024-07-02T04:16:05.903956,completed
14748,273,155,1,2024-07-02T04:16:05.903956,completed
14749,37,108,2,2025-10-21T19:46:47.483191,completed
14750,37,144,3,2025-10-21T19:46:47.483191,cancelled
14751,37,171,4,2025-10-21T19:46:47.483191,completed
14752,380,143,5,2025-07-25T06:35:20.744255,completed
14753,380,17,2,2025-07-25T06:35:20.744255,completed
14754,380,135,4,2025-07-25T06:35:20.744255,completed
14755,380,198,4,2025-07-25T06:35:20.744255,completed
14756,380,40,1,2025-07-25T06:35:20.744255,completed
14757,354,126,2,2024-05-27T18:33:28.802263,cancelled
14758,354,183,1,2024-05-27T18:33:28.802263,completed
14759,354,54,2,2024-05-27T18:33:28.802263,completed
14760,398,148,3,2024-08-17T23:24:21.711797,completed
14761,258,95,3,2025-01-09T06:23:25.440483,completed
14762,258,7,4,2025-01-09T06:23:25.440483,completed
14763,258,27,4,2025-01-09T06:23:25.440483,completed
14764,258,117,3,2025-01-09T06:23:25.440483,completed
14765,784,163,3,2025-06-11T06:46:49.098910,completed
14766,784,192,4,2025-06-11T06:46:49.098910,pending
14767,784,10,4,2025-06-11T06:46:49.098910,pending
14768,784,166,2,2025-06-11T06:46:49.098910,completed
14769,784,102,2,2025-06-11T06:46:49.098910,completed
14770,44,62,4,2024-11-12T11:25:05.536004,completed
14771,44,5,1,2024-11-12T11:25:05.536004,completed
14772,44,16,1,2024-11-12T11:25:05.536004,pending
14773,874,121,2,2024-07-31T14:25:51.612128,completed
14774,874,26,1,2024-07-31T14:25:51.612128,completed
14775,874,190,1,2024-07-31T14:25:51.612128,pending
14776,874,64,2,2024-07-31T14:25:51.612128,pending
14777,874,98,2,2024-07-31T14:25:51.612128,completed
14778,112,37,2,2024-04-14T07:12:15.446595,completed
14779,112,56,1,2024-04-14T07:12:15.446595,completed
14780,733,163,3,2025-01-17T11:01:14.675861,completed
14781,733,74,2,2025-01-17T11:01:14.675861,completed
14782,609,44,2,2024-06-14T23:36:33.283445,completed
14783,609,74,2,2024-06-14T23:36:33.283445,completed
14784,793,4,1,2025-07-22T21:36:46.359771,completed
14785,133,135,2,2025-06-29T07:45:30.579524,completed
14786,133,155,2,2025-06-29T07:45:30.579524,completed
14787,133,44,5,2025-06-29T07:45:30.579524,pending
14788,133,140,5,2025-06-29T07:45:30.579524,completed
14789,955,86,2,2025-06-29T13:16:49.014995,completed
14790,955,59,4,2025-06-29T13:16:49.014995,completed
14791,964,106,5,2025-03-15T06:08:43.662070,completed
14792,964,48,4,2025-03-15T06:08:43.662070,completed
14793,964,151,3,2025-03-15T06:08:43.662070,completed
14794,964,72,5,2025-03-15T06:08:43.662070,completed
14795,920,117,4,2025-05-03T21:09:03.329180,completed
14796,920,118,3,2025-05-03T21:09:03.329180,completed
14797,920,149,2,2025-05-03T21:09:03.329180,completed
14798,920,93,4,2025-05-03T21:09:03.329180,completed
14799,920,56,1,2025-05-03T21:09:03.329180,completed
14800,918,97,2,2025-10-16T20:20:44.300808,completed
14801,918,15,2,2025-10-16T20:20:44.300808,cancelled
14802,739,109,2,2024-12-06T12:37:56.769186,completed
14803,739,121,4,2024-12-06T12:37:56.769186,completed
14804,739,186,2,2024-12-06T12:37:56.769186,completed
14805,602,75,5,2024-12-03T03:24:20.177022,completed
14806,602,83,5,2024-12-03T03:24:20.177022,completed
14807,462,51,2,2025-11-02T09:21:17.999629,completed
14808,462,140,2,2025-11-02T09:21:17.999629,cancelled
14809,462,186,2,2025-11-02T09:21:17.999629,completed
14810,462,190,4,2025-11-02T09:21:17.999629,completed
14811,164,48,5,2025-12-07T23:07:12.101451,pending
14812,164,42,2,2025-12-07T23:07:12.101451,completed
14813,806,51,5,2024-06-19T23:30:39.478925,cancelled
14814,334,185,2,2025-02-27T16:13:39.454889,completed
14815,334,42,1,2025-02-27T16:13:39.454889,completed
14816,497,198,5,2025-07-19T18:22:45.044968,pending
14817,299,185,1,2024-04-20T07:49:47.545829,refunded
14818,307,44,3,2025-07-04T19:03:17.105324,completed
14819,165,152,3,2024-04-18T09:34:33.834804,pending
14820,165,40,4,2024-04-18T09:34:33.834804,completed
14821,27,171,2,2024-07-27T23:07:28.678442,cancelled
14822,27,166,3,2024-07-27T23:07:28.678442,completed
14823,27,146,4,2024-07-27T23:07:28.678442,cancelled
14824,27,57,5,2024-07-27T23:07:28.678442,completed
14825,27,148,2,2024-07-27T23:07:28.678442,completed
14826,471,29,3,2025-06-05T04:04:56.469086,completed
14827,471,91,2,2025-06-05T04:04:56.469086,completed
14828,471,51,5,2025-06-05T04:04:56.469086,completed
14829,660,94,1,2024-06-10T13:01:35.516328,completed
14830,660,160,1,2024-06-10T13:01:35.516328,completed
14831,660,21,3,2024-06-10T13:01:35.516328,completed
14832,660,188,4,2024-06-10T13:01:35.516328,completed
14833,660,157,3,2024-06-10T13:01:35.516328,completed
14834,717,89,2,2024-08-13T22:46:27.080263,completed
14835,717,123,2,2024-08-13T22:46:27.080263,completed
14836,494,144,4,2024-01-21T03:25:22.898223,pending
14837,72,112,4,2024-05-17T01:58:45.559279,completed
14838,72,155,3,2024-05-17T01:58:45.559279,completed
14839,72,78,3,2024-05-17T01:58:45.559279,completed
14840,72,129,5,2024-05-17T01:58:45.559279,completed
14841,72,77,5,2024-05-17T01:58:45.559279,completed
14842,376,93,4,2025-03-06T23:17:13.584232,completed
14843,376,11,2,2025-03-06T23:17:13.584232,completed
14844,376,143,1,2025-03-06T23:17:13.584232,completed
14845,376,164,3,2025-03-06T23:17:13.584232,pending
14846,694,163,3,2024-01-01T13:27:30.629575,pending
14847,694,172,1,2024-01-01T13:27:30.629575,completed
14848,694,181,1,2024-01-01T13:27:30.629575,pending
14849,896,91,2,2024-01-17T15:47:21.798694,completed
14850,896,190,1,2024-01-17T15:47:21.798694,completed
14851,896,106,4,2024-01-17T15:47:21.798694,completed
14852,918,7,3,2025-11-29T12:39:34.970476,completed
14853,918,166,3,2025-11-29T12:39:34.970476,completed
14854,918,146,2,2025-11-29T12:39:34.970476,completed
14855,918,68,3,2025-11-29T12:39:34.970476,completed
14856,918,13,3,2025-11-29T12:39:34.970476,pending
14857,333,184,1,2024-01-30T13:30:37.944362,completed
14858,333,40,3,2024-01-30T13:30:37.944362,pending
14859,751,36,1,2024-07-27T12:56:28.157746,completed
14860,751,105,2,2024-07-27T12:56:28.157746,completed
14861,61,123,3,2024-11-16T01:27:14.949356,completed
14862,61,19,3,2024-11-16T01:27:14.949356,completed
14863,123,156,1,2024-02-08T07:02:22.487276,completed
14864,864,137,5,2025-08-26T01:39:48.600838,cancelled
14865,864,64,3,2025-08-26T01:39:48.600838,completed
14866,864,167,1,2025-08-26T01:39:48.600838,completed
14867,864,8,2,2025-08-26T01:39:48.600838,completed
14868,373,189,4,2024-08-04T16:25:12.677133,completed
14869,373,198,4,2024-08-04T16:25:12.677133,completed
14870,563,16,4,2024-04-05T08:10:07.948253,completed
14871,563,112,2,2024-04-05T08:10:07.948253,completed
14872,563,113,2,2024-04-05T08:10:07.948253,completed
14873,563,167,1,2024-04-05T08:10:07.948253,completed
14874,82,188,1,2024-12-22T13:15:01.114869,completed
14875,112,76,5,2024-06-20T03:25:28.560525,completed
14876,112,75,3,2024-06-20T03:25:28.560525,completed
14877,656,33,5,2025-06-11T17:01:02.795722,completed
14878,656,27,5,2025-06-11T17:01:02.795722,completed
14879,656,29,1,2025-06-11T17:01:02.795722,completed
14880,599,14,1,2024-08-14T06:28:01.539082,completed
14881,716,177,3,2024-06-27T17:32:35.096866,cancelled
14882,716,19,2,2024-06-27T17:32:35.096866,refunded
14883,291,154,3,2025-11-05T09:15:16.254937,completed
14884,291,54,3,2025-11-05T09:15:16.254937,completed
14885,291,5,1,2025-11-05T09:15:16.254937,completed
14886,291,183,1,2025-11-05T09:15:16.254937,completed
14887,291,107,3,2025-11-05T09:15:16.254937,completed
14888,212,8,3,2025-05-25T19:12:50.070529,completed
14889,10,23,5,2024-07-15T12:07:49.132893,completed
14890,10,94,5,2024-07-15T12:07:49.132893,completed
14891,397,4,3,2025-04-02T09:38:35.662745,completed
14892,397,198,3,2025-04-02T09:38:35.662745,completed
14893,397,111,5,2025-04-02T09:38:35.662745,completed
14894,397,114,1,2025-04-02T09:38:35.662745,completed
14895,22,90,4,2024-03-21T05:07:31.659210,completed
14896,22,31,2,2024-03-21T05:07:31.659210,completed
14897,22,69,2,2024-03-21T05:07:31.659210,completed
14898,22,185,1,2024-03-21T05:07:31.659210,completed
14899,22,34,3,2024-03-21T05:07:31.659210,completed
14900,82,45,3,2025-03-17T06:59:43.415768,completed
14901,82,186,3,2025-03-17T06:59:43.415768,completed
14902,82,121,3,2025-03-17T06:59:43.415768,completed
14903,82,25,4,2025-03-17T06:59:43.415768,completed
14904,878,84,4,2025-03-02T06:41:02.829526,completed
14905,878,3,3,2025-03-02T06:41:02.829526,completed
14906,878,162,1,2025-03-02T06:41:02.829526,pending
14907,878,66,1,2025-03-02T06:41:02.829526,completed
14908,512,48,2,2025-06-01T21:37:00.542217,completed
14909,149,188,3,2025-06-20T18:02:47.084046,completed
14910,149,9,2,2025-06-20T18:02:47.084046,completed
14911,149,140,1,2025-06-20T18:02:47.084046,completed
14912,448,190,5,2025-06-09T15:15:27.313046,completed
14913,608,82,2,2024-11-08T10:59:10.711864,pending
14914,608,197,4,2024-11-08T10:59:10.711864,completed
14915,689,150,5,2024-09-11T14:40:02.736517,completed
14916,801,152,1,2025-09-11T09:50:06.426666,cancelled
14917,723,198,5,2025-11-11T01:06:15.187576,completed
14918,723,16,5,2025-11-11T01:06:15.187576,completed
14919,723,7,5,2025-11-11T01:06:15.187576,completed
14920,725,151,2,2024-06-02T00:53:37.034392,completed
14921,866,133,4,2024-05-12T10:50:20.265916,pending
14922,866,134,3,2024-05-12T10:50:20.265916,completed
14923,344,66,2,2025-11-18T06:06:51.902124,completed
14924,344,160,3,2025-11-18T06:06:51.902124,pending
14925,344,39,2,2025-11-18T06:06:51.902124,completed
14926,344,92,3,2025-11-18T06:06:51.902124,completed
14927,344,68,4,2025-11-18T06:06:51.902124,completed
14928,960,161,3,2025-05-03T12:42:03.154824,completed
14929,960,153,1,2025-05-03T12:42:03.154824,completed
14930,960,101,1,2025-05-03T12:42:03.154824,cancelled
14931,960,112,2,2025-05-03T12:42:03.154824,completed
14932,748,179,2,2024-10-08T07:37:59.067396,pending
14933,748,120,2,2024-10-08T07:37:59.067396,completed
14934,437,121,2,2024-01-03T23:45:33.844986,completed
14935,437,128,4,2024-01-03T23:45:33.844986,completed
14936,437,159,1,2024-01-03T23:45:33.844986,completed
14937,437,133,1,2024-01-03T23:45:33.844986,completed
14938,913,65,5,2024-08-10T07:25:22.641483,completed
14939,913,14,2,2024-08-10T07:25:22.641483,completed
14940,86,49,1,2024-05-23T19:36:28.107224,refunded
14941,86,191,4,2024-05-23T19:36:28.107224,completed
14942,57,47,1,2025-07-11T04:00:51.371884,pending
14943,57,172,4,2025-07-11T04:00:51.371884,completed
14944,57,64,1,2025-07-11T04:00:51.371884,completed
14945,57,111,2,2025-07-11T04:00:51.371884,completed
14946,57,99,3,2025-07-11T04:00:51.371884,completed
14947,696,98,4,2025-02-23T21:41:11.010986,completed
14948,696,165,5,2025-02-23T21:41:11.010986,cancelled
14949,429,109,5,2024-05-02T18:55:42.369895,completed
14950,429,199,2,2024-05-02T18:55:42.369895,completed
14951,429,29,5,2024-05-02T18:55:42.369895,completed
14952,429,23,4,2024-05-02T18:55:42.369895,completed
14953,429,6,4,2024-05-02T18:55:42.369895,completed
14954,422,199,5,2025-12-14T02:27:24.561952,completed
14955,910,56,5,2024-08-30T05:56:38.481066,completed
14956,910,150,3,2024-08-30T05:56:38.481066,completed
14957,401,165,3,2024-12-29T23:07:31.770924,completed
14958,401,127,5,2024-12-29T23:07:31.770924,completed
14959,401,110,1,2024-12-29T23:07:31.770924,completed
14960,401,3,1,2024-12-29T23:07:31.770924,completed
14961,55,56,2,2025-01-31T12:11:07.661219,completed
14962,55,12,5,2025-01-31T12:11:07.661219,completed
14963,55,107,1,2025-01-31T12:11:07.661219,completed
14964,55,161,3,2025-01-31T12:11:07.661219,pending
14965,55,160,3,2025-01-31T12:11:07.661219,completed
14966,80,147,2,2024-05-31T10:17:36.286752,completed
14967,80,192,4,2024-05-31T10:17:36.286752,completed
14968,80,74,1,2024-05-31T10:17:36.286752,completed
14969,80,199,2,2024-05-31T10:17:36.286752,completed
14970,80,18,5,2024-05-31T10:17:36.286752,completed
14971,44,103,5,2024-11-18T12:54:11.545995,completed
14972,44,24,3,2024-11-18T12:54:11.545995,completed
14973,44,149,5,2024-11-18T12:54:11.545995,completed
14974,44,31,4,2024-11-18T12:54:11.545995,completed
14975,625,61,2,2024-06-19T04:38:27.865010,pending
14976,96,114,1,2025-07-25T23:23:26.501109,refunded
14977,96,72,4,2025-07-25T23:23:26.501109,completed
14978,96,145,3,2025-07-25T23:23:26.501109,completed
14979,96,179,1,2025-07-25T23:23:26.501109,completed
14980,846,87,1,2024-12-28T04:17:52.395673,completed
14981,846,165,4,2024-12-28T04:17:52.395673,completed
14982,846,51,2,2024-12-28T04:17:52.395673,pending
14983,846,189,5,2024-12-28T04:17:52.395673,completed
14984,734,64,5,2025-10-02T11:43:34.979178,completed
14985,734,144,4,2025-10-02T11:43:34.979178,completed
14986,734,101,5,2025-10-02T11:43:34.979178,completed
14987,734,10,3,2025-10-02T11:43:34.979178,pending
14988,734,51,4,2025-10-02T11:43:34.979178,cancelled
14989,874,198,1,2024-06-17T20:15:58.600699,pending
14990,874,84,2,2024-06-17T20:15:58.600699,completed
14991,716,73,4,2025-11-02T09:36:33.258734,completed
14992,716,52,1,2025-11-02T09:36:33.258734,completed
14993,716,154,4,2025-11-02T09:36:33.258734,completed
14994,716,35,1,2025-11-02T09:36:33.258734,completed
14995,553,1,1,2024-06-07T17:48:28.422265,completed
14996,650,2,2,2024-08-25T14:13:15.441094,pending
14997,650,129,3,2024-08-25T14:13:15.441094,cancelled
14998,833,3,1,2025-03-24T11:17:48.531588,completed
14999,833,153,3,2025-03-24T11:17:48.531588,completed
15000,833,176,5,2025-03-24T11:17:48.531588,completed
15001,833,158,3,2025-03-24T11:17:48.531588,completed
15002,411,22,4,2025-08-24T06:38:39.585435,completed
15003,411,145,3,2025-08-24T06:38:39.585435,pending
15004,411,5,1,2025-08-24T06:38:39.585435,completed
15005,411,128,5,2025-08-24T06:38:39.585435,completed
15006,688,184,2,2024-05-21T00:37:58.201154,completed
15007,688,20,2,2024-05-21T00:37:58.201154,refunded
15008,688,112,4,2024-05-21T00:37:58.201154,completed
15009,688,166,1,2024-05-21T00:37:58.201154,completed
15010,276,44,4,2024-05-01T00:13:05.998797,completed
15011,870,134,3,2024-06-05T23:01:08.478361,pending
15012,870,167,4,2024-06-05T23:01:08.478361,completed
15013,340,37,3,2024-08-03T13:27:24.940617,completed
15014,340,24,5,2024-08-03T13:27:24.940617,pending
15015,340,182,3,2024-08-03T13:27:24.940617,pending
15016,340,136,5,2024-08-03T13:27:24.940617,completed
15017,340,151,2,2024-08-03T13:27:24.940617,pending
15018,685,116,1,2025-08-29T07:12:06.096625,completed
15019,685,71,2,2025-08-29T07:12:06.096625,completed
15020,685,91,3,2025-08-29T07:12:06.096625,completed
15021,685,49,4,2025-08-29T07:12:06.096625,completed
15022,685,156,3,2025-08-29T07:12:06.096625,completed
15023,230,172,4,2024-04-10T08:45:05.845278,cancelled
15024,230,174,4,2024-04-10T08:45:05.845278,completed
15025,662,159,1,2025-06-26T18:17:41.886055,completed
15026,449,58,4,2025-11-01T18:43:23.160560,completed
15027,449,200,4,2025-11-01T18:43:23.160560,completed
15028,449,189,2,2025-11-01T18:43:23.160560,completed
15029,733,168,2,2024-01-05T18:04:54.826548,completed
15030,733,66,1,2024-01-05T18:04:54.826548,completed
15031,293,43,2,2025-02-09T08:41:05.003767,pending
15032,293,165,3,2025-02-09T08:41:05.003767,completed
15033,293,125,1,2025-02-09T08:41:05.003767,completed
15034,293,138,2,2025-02-09T08:41:05.003767,completed
15035,293,88,4,2025-02-09T08:41:05.003767,completed
15036,753,134,5,2024-09-19T08:54:45.107175,completed
15037,91,97,4,2025-05-25T22:23:00.202217,pending
15038,518,115,3,2024-11-19T23:18:42.393993,completed
15039,518,129,3,2024-11-19T23:18:42.393993,pending
15040,518,174,3,2024-11-19T23:18:42.393993,completed
15041,518,41,5,2024-11-19T23:18:42.393993,completed
15042,518,181,3,2024-11-19T23:18:42.393993,completed
15043,654,161,3,2024-01-30T02:20:09.506292,completed
15044,642,5,5,2024-06-06T01:37:35.213883,completed
15045,642,177,2,2024-06-06T01:37:35.213883,completed
15046,642,60,2,2024-06-06T01:37:35.213883,completed
15047,387,155,1,2024-01-22T16:31:31.174188,refunded
15048,387,194,3,2024-01-22T16:31:31.174188,completed
15049,387,6,4,2024-01-22T16:31:31.174188,refunded
15050,387,134,2,2024-01-22T16:31:31.174188,completed
15051,415,58,5,2025-10-19T23:02:33.707400,completed
15052,415,47,2,2025-10-19T23:02:33.707400,pending
15053,415,176,3,2025-10-19T23:02:33.707400,completed
